datetime_beginning_utc,datetime_beginning_ept,area,solar_generation_kw
1/1/2022 5:00,1/1/2022 0:00,SOUTH,-3.594
1/1/2022 6:00,1/1/2022 1:00,SOUTH,-3.575
1/1/2022 7:00,1/1/2022 2:00,SOUTH,-3.494
1/1/2022 8:00,1/1/2022 3:00,SOUTH,-3.565
1/1/2022 9:00,1/1/2022 4:00,SOUTH,-3.637
1/1/2022 10:00,1/1/2022 5:00,SOUTH,-3.464
1/1/2022 11:00,1/1/2022 6:00,SOUTH,-3.611
1/1/2022 12:00,1/1/2022 7:00,SOUTH,5.059
1/1/2022 13:00,1/1/2022 8:00,SOUTH,87.505
1/1/2022 14:00,1/1/2022 9:00,SOUTH,215.045
1/1/2022 15:00,1/1/2022 10:00,SOUTH,456.268
1/1/2022 16:00,1/1/2022 11:00,SOUTH,628.925
1/1/2022 17:00,1/1/2022 12:00,SOUTH,700.076
1/1/2022 18:00,1/1/2022 13:00,SOUTH,694.367
1/1/2022 19:00,1/1/2022 14:00,SOUTH,648.809
1/1/2022 20:00,1/1/2022 15:00,SOUTH,536.094
1/1/2022 21:00,1/1/2022 16:00,SOUTH,160.254
1/1/2022 22:00,1/1/2022 17:00,SOUTH,-3.326
1/1/2022 23:00,1/1/2022 18:00,SOUTH,-3.704
1/2/2022 0:00,1/1/2022 19:00,SOUTH,-3.549
1/2/2022 1:00,1/1/2022 20:00,SOUTH,-3.595
1/2/2022 2:00,1/1/2022 21:00,SOUTH,-3.583
1/2/2022 3:00,1/1/2022 22:00,SOUTH,-3.489
1/2/2022 4:00,1/1/2022 23:00,SOUTH,-3.454
1/2/2022 5:00,1/2/2022 0:00,SOUTH,-3.838
1/2/2022 6:00,1/2/2022 1:00,SOUTH,-3.928
1/2/2022 7:00,1/2/2022 2:00,SOUTH,-3.825
1/2/2022 8:00,1/2/2022 3:00,SOUTH,-3.972
1/2/2022 9:00,1/2/2022 4:00,SOUTH,-3.943
1/2/2022 10:00,1/2/2022 5:00,SOUTH,-3.857
1/2/2022 11:00,1/2/2022 6:00,SOUTH,-3.878
1/2/2022 12:00,1/2/2022 7:00,SOUTH,2.076
1/2/2022 13:00,1/2/2022 8:00,SOUTH,61.402
1/2/2022 14:00,1/2/2022 9:00,SOUTH,148.847
1/2/2022 15:00,1/2/2022 10:00,SOUTH,286.816
1/2/2022 16:00,1/2/2022 11:00,SOUTH,387.263
1/2/2022 17:00,1/2/2022 12:00,SOUTH,430.96
1/2/2022 18:00,1/2/2022 13:00,SOUTH,337.934
1/2/2022 19:00,1/2/2022 14:00,SOUTH,204.515
1/2/2022 20:00,1/2/2022 15:00,SOUTH,118.446
1/2/2022 21:00,1/2/2022 16:00,SOUTH,20.894
1/2/2022 22:00,1/2/2022 17:00,SOUTH,-4.045
1/2/2022 23:00,1/2/2022 18:00,SOUTH,-3.902
1/3/2022 0:00,1/2/2022 19:00,SOUTH,-3.963
1/3/2022 1:00,1/2/2022 20:00,SOUTH,-3.987
1/3/2022 2:00,1/2/2022 21:00,SOUTH,-3.628
1/3/2022 3:00,1/2/2022 22:00,SOUTH,-3.761
1/3/2022 4:00,1/2/2022 23:00,SOUTH,-4.009
1/3/2022 5:00,1/3/2022 0:00,SOUTH,-3.951
1/3/2022 6:00,1/3/2022 1:00,SOUTH,-3.923
1/3/2022 7:00,1/3/2022 2:00,SOUTH,-4.05
1/3/2022 8:00,1/3/2022 3:00,SOUTH,-3.913
1/3/2022 9:00,1/3/2022 4:00,SOUTH,-3.87
1/3/2022 10:00,1/3/2022 5:00,SOUTH,-3.879
1/3/2022 11:00,1/3/2022 6:00,SOUTH,-3.907
1/3/2022 12:00,1/3/2022 7:00,SOUTH,-2.932
1/3/2022 13:00,1/3/2022 8:00,SOUTH,10.304
1/3/2022 14:00,1/3/2022 9:00,SOUTH,39.414
1/3/2022 15:00,1/3/2022 10:00,SOUTH,80.035
1/3/2022 16:00,1/3/2022 11:00,SOUTH,145.165
1/3/2022 17:00,1/3/2022 12:00,SOUTH,174.39
1/3/2022 18:00,1/3/2022 13:00,SOUTH,196.825
1/3/2022 19:00,1/3/2022 14:00,SOUTH,204.241
1/3/2022 20:00,1/3/2022 15:00,SOUTH,343.891
1/3/2022 21:00,1/3/2022 16:00,SOUTH,191.105
1/3/2022 22:00,1/3/2022 17:00,SOUTH,-3.586
1/3/2022 23:00,1/3/2022 18:00,SOUTH,-3.962
1/4/2022 0:00,1/3/2022 19:00,SOUTH,-4.061
1/4/2022 1:00,1/3/2022 20:00,SOUTH,-4.072
1/4/2022 2:00,1/3/2022 21:00,SOUTH,-3.853
1/4/2022 3:00,1/3/2022 22:00,SOUTH,-3.863
1/4/2022 4:00,1/3/2022 23:00,SOUTH,-3.961
1/4/2022 5:00,1/4/2022 0:00,SOUTH,-4.905
1/4/2022 6:00,1/4/2022 1:00,SOUTH,-3.901
1/4/2022 7:00,1/4/2022 2:00,SOUTH,-3.894
1/4/2022 8:00,1/4/2022 3:00,SOUTH,-4.08
1/4/2022 9:00,1/4/2022 4:00,SOUTH,-3.967
1/4/2022 10:00,1/4/2022 5:00,SOUTH,-3.954
1/4/2022 11:00,1/4/2022 6:00,SOUTH,-4.005
1/4/2022 12:00,1/4/2022 7:00,SOUTH,41.442
1/4/2022 13:00,1/4/2022 8:00,SOUTH,664.772
1/4/2022 14:00,1/4/2022 9:00,SOUTH,1502.385
1/4/2022 15:00,1/4/2022 10:00,SOUTH,1677.649
1/4/2022 16:00,1/4/2022 11:00,SOUTH,1665.909
1/4/2022 17:00,1/4/2022 12:00,SOUTH,1649.166
1/4/2022 18:00,1/4/2022 13:00,SOUTH,1733.012
1/4/2022 19:00,1/4/2022 14:00,SOUTH,1822.373
1/4/2022 20:00,1/4/2022 15:00,SOUTH,1428.313
1/4/2022 21:00,1/4/2022 16:00,SOUTH,358.151
1/4/2022 22:00,1/4/2022 17:00,SOUTH,11.979
1/4/2022 23:00,1/4/2022 18:00,SOUTH,-4.132
1/5/2022 0:00,1/4/2022 19:00,SOUTH,-3.992
1/5/2022 1:00,1/4/2022 20:00,SOUTH,-4.06
1/5/2022 2:00,1/4/2022 21:00,SOUTH,-4.115
1/5/2022 3:00,1/4/2022 22:00,SOUTH,-3.925
1/5/2022 4:00,1/4/2022 23:00,SOUTH,-4.081
1/5/2022 5:00,1/5/2022 0:00,SOUTH,-3.855
1/5/2022 6:00,1/5/2022 1:00,SOUTH,-3.967
1/5/2022 7:00,1/5/2022 2:00,SOUTH,-4.102
1/5/2022 8:00,1/5/2022 3:00,SOUTH,-4.047
1/5/2022 9:00,1/5/2022 4:00,SOUTH,-3.95
1/5/2022 10:00,1/5/2022 5:00,SOUTH,-3.962
1/5/2022 11:00,1/5/2022 6:00,SOUTH,-3.847
1/5/2022 12:00,1/5/2022 7:00,SOUTH,12.997
1/5/2022 13:00,1/5/2022 8:00,SOUTH,144.543
1/5/2022 14:00,1/5/2022 9:00,SOUTH,277.192
1/5/2022 15:00,1/5/2022 10:00,SOUTH,469.698
1/5/2022 16:00,1/5/2022 11:00,SOUTH,661.708
1/5/2022 17:00,1/5/2022 12:00,SOUTH,694.58
1/5/2022 18:00,1/5/2022 13:00,SOUTH,566.584
1/5/2022 19:00,1/5/2022 14:00,SOUTH,427.274
1/5/2022 20:00,1/5/2022 15:00,SOUTH,259.335
1/5/2022 21:00,1/5/2022 16:00,SOUTH,99.478
1/5/2022 22:00,1/5/2022 17:00,SOUTH,11.373
1/5/2022 23:00,1/5/2022 18:00,SOUTH,-3.6
1/6/2022 0:00,1/5/2022 19:00,SOUTH,-4.046
1/6/2022 1:00,1/5/2022 20:00,SOUTH,-4.009
1/6/2022 2:00,1/5/2022 21:00,SOUTH,-3.995
1/6/2022 3:00,1/5/2022 22:00,SOUTH,-4.042
1/6/2022 4:00,1/5/2022 23:00,SOUTH,-3.968
1/6/2022 5:00,1/6/2022 0:00,SOUTH,-3.839
1/6/2022 6:00,1/6/2022 1:00,SOUTH,-3.963
1/6/2022 7:00,1/6/2022 2:00,SOUTH,-1.922
1/6/2022 8:00,1/6/2022 3:00,SOUTH,-3.566
1/6/2022 9:00,1/6/2022 4:00,SOUTH,-3.873
1/6/2022 10:00,1/6/2022 5:00,SOUTH,-3.993
1/6/2022 11:00,1/6/2022 6:00,SOUTH,-3.743
1/6/2022 12:00,1/6/2022 7:00,SOUTH,28.483
1/6/2022 13:00,1/6/2022 8:00,SOUTH,304.542
1/6/2022 14:00,1/6/2022 9:00,SOUTH,962.632
1/6/2022 15:00,1/6/2022 10:00,SOUTH,1431.008
1/6/2022 16:00,1/6/2022 11:00,SOUTH,1479.858
1/6/2022 17:00,1/6/2022 12:00,SOUTH,1474.58
1/6/2022 18:00,1/6/2022 13:00,SOUTH,1694.114
1/6/2022 19:00,1/6/2022 14:00,SOUTH,1539.18
1/6/2022 20:00,1/6/2022 15:00,SOUTH,962.775
1/6/2022 21:00,1/6/2022 16:00,SOUTH,202.662
1/6/2022 22:00,1/6/2022 17:00,SOUTH,-0.386
1/6/2022 23:00,1/6/2022 18:00,SOUTH,-3.723
1/7/2022 0:00,1/6/2022 19:00,SOUTH,-3.861
1/7/2022 1:00,1/6/2022 20:00,SOUTH,-4.046
1/7/2022 2:00,1/6/2022 21:00,SOUTH,-3.925
1/7/2022 3:00,1/6/2022 22:00,SOUTH,-3.902
1/7/2022 4:00,1/6/2022 23:00,SOUTH,-4.006
1/7/2022 5:00,1/7/2022 0:00,SOUTH,-4.026
1/7/2022 6:00,1/7/2022 1:00,SOUTH,-3.765
1/7/2022 7:00,1/7/2022 2:00,SOUTH,-3.89
1/7/2022 8:00,1/7/2022 3:00,SOUTH,-3.916
1/7/2022 9:00,1/7/2022 4:00,SOUTH,-3.968
1/7/2022 10:00,1/7/2022 5:00,SOUTH,-4.011
1/7/2022 11:00,1/7/2022 6:00,SOUTH,-3.921
1/7/2022 12:00,1/7/2022 7:00,SOUTH,40.897
1/7/2022 13:00,1/7/2022 8:00,SOUTH,626.641
1/7/2022 14:00,1/7/2022 9:00,SOUTH,1144.673
1/7/2022 15:00,1/7/2022 10:00,SOUTH,1375.378
1/7/2022 16:00,1/7/2022 11:00,SOUTH,1432.674
1/7/2022 17:00,1/7/2022 12:00,SOUTH,1497.906
1/7/2022 18:00,1/7/2022 13:00,SOUTH,1656.391
1/7/2022 19:00,1/7/2022 14:00,SOUTH,1871.863
1/7/2022 20:00,1/7/2022 15:00,SOUTH,1564.076
1/7/2022 21:00,1/7/2022 16:00,SOUTH,442.234
1/7/2022 22:00,1/7/2022 17:00,SOUTH,55.727
1/7/2022 23:00,1/7/2022 18:00,SOUTH,-4.295
1/8/2022 0:00,1/7/2022 19:00,SOUTH,-4.163
1/8/2022 1:00,1/7/2022 20:00,SOUTH,-4.17
1/8/2022 2:00,1/7/2022 21:00,SOUTH,-4.127
1/8/2022 3:00,1/7/2022 22:00,SOUTH,-4.23
1/8/2022 4:00,1/7/2022 23:00,SOUTH,-4.1
1/8/2022 5:00,1/8/2022 0:00,SOUTH,-4.233
1/8/2022 6:00,1/8/2022 1:00,SOUTH,-4.087
1/8/2022 7:00,1/8/2022 2:00,SOUTH,-4.244
1/8/2022 8:00,1/8/2022 3:00,SOUTH,-4.194
1/8/2022 9:00,1/8/2022 4:00,SOUTH,-4.341
1/8/2022 10:00,1/8/2022 5:00,SOUTH,-4.233
1/8/2022 11:00,1/8/2022 6:00,SOUTH,-3.805
1/8/2022 12:00,1/8/2022 7:00,SOUTH,60.211
1/8/2022 13:00,1/8/2022 8:00,SOUTH,815.014
1/8/2022 14:00,1/8/2022 9:00,SOUTH,1816.876
1/8/2022 15:00,1/8/2022 10:00,SOUTH,1936.751
1/8/2022 16:00,1/8/2022 11:00,SOUTH,1797.622
1/8/2022 17:00,1/8/2022 12:00,SOUTH,1739.837
1/8/2022 18:00,1/8/2022 13:00,SOUTH,1819.157
1/8/2022 19:00,1/8/2022 14:00,SOUTH,1915.729
1/8/2022 20:00,1/8/2022 15:00,SOUTH,1553.599
1/8/2022 21:00,1/8/2022 16:00,SOUTH,402.894
1/8/2022 22:00,1/8/2022 17:00,SOUTH,9.111
1/8/2022 23:00,1/8/2022 18:00,SOUTH,-4.177
1/9/2022 0:00,1/8/2022 19:00,SOUTH,-4.205
1/9/2022 1:00,1/8/2022 20:00,SOUTH,-4.158
1/9/2022 2:00,1/8/2022 21:00,SOUTH,-4.028
1/9/2022 3:00,1/8/2022 22:00,SOUTH,-4.214
1/9/2022 4:00,1/8/2022 23:00,SOUTH,-4.133
1/9/2022 5:00,1/9/2022 0:00,SOUTH,-4.155
1/9/2022 6:00,1/9/2022 1:00,SOUTH,-4.127
1/9/2022 7:00,1/9/2022 2:00,SOUTH,-4.105
1/9/2022 8:00,1/9/2022 3:00,SOUTH,-4.1
1/9/2022 9:00,1/9/2022 4:00,SOUTH,-4.215
1/9/2022 10:00,1/9/2022 5:00,SOUTH,-4.107
1/9/2022 11:00,1/9/2022 6:00,SOUTH,-4.094
1/9/2022 12:00,1/9/2022 7:00,SOUTH,21.95
1/9/2022 13:00,1/9/2022 8:00,SOUTH,229.065
1/9/2022 14:00,1/9/2022 9:00,SOUTH,659.432
1/9/2022 15:00,1/9/2022 10:00,SOUTH,952.321
1/9/2022 16:00,1/9/2022 11:00,SOUTH,1084.463
1/9/2022 17:00,1/9/2022 12:00,SOUTH,1041.117
1/9/2022 18:00,1/9/2022 13:00,SOUTH,772.135
1/9/2022 19:00,1/9/2022 14:00,SOUTH,714.182
1/9/2022 20:00,1/9/2022 15:00,SOUTH,559.206
1/9/2022 21:00,1/9/2022 16:00,SOUTH,163.156
1/9/2022 22:00,1/9/2022 17:00,SOUTH,2.135
1/9/2022 23:00,1/9/2022 18:00,SOUTH,-4.101
1/10/2022 0:00,1/9/2022 19:00,SOUTH,-3.971
1/10/2022 1:00,1/9/2022 20:00,SOUTH,-4.04
1/10/2022 2:00,1/9/2022 21:00,SOUTH,-4.09
1/10/2022 3:00,1/9/2022 22:00,SOUTH,-4.041
1/10/2022 4:00,1/9/2022 23:00,SOUTH,-3.945
1/10/2022 5:00,1/10/2022 0:00,SOUTH,-4.046
1/10/2022 6:00,1/10/2022 1:00,SOUTH,-4.057
1/10/2022 7:00,1/10/2022 2:00,SOUTH,-3.996
1/10/2022 8:00,1/10/2022 3:00,SOUTH,-4.128
1/10/2022 9:00,1/10/2022 4:00,SOUTH,-4.055
1/10/2022 10:00,1/10/2022 5:00,SOUTH,-3.901
1/10/2022 11:00,1/10/2022 6:00,SOUTH,-3.942
1/10/2022 12:00,1/10/2022 7:00,SOUTH,14.44
1/10/2022 13:00,1/10/2022 8:00,SOUTH,324.82
1/10/2022 14:00,1/10/2022 9:00,SOUTH,1045.628
1/10/2022 15:00,1/10/2022 10:00,SOUTH,1626.678
1/10/2022 16:00,1/10/2022 11:00,SOUTH,1779.214
1/10/2022 17:00,1/10/2022 12:00,SOUTH,1707.318
1/10/2022 18:00,1/10/2022 13:00,SOUTH,1788.401
1/10/2022 19:00,1/10/2022 14:00,SOUTH,1832.009
1/10/2022 20:00,1/10/2022 15:00,SOUTH,1548.584
1/10/2022 21:00,1/10/2022 16:00,SOUTH,390.488
1/10/2022 22:00,1/10/2022 17:00,SOUTH,-1.006
1/10/2022 23:00,1/10/2022 18:00,SOUTH,-3.713
1/11/2022 0:00,1/10/2022 19:00,SOUTH,-3.97
1/11/2022 1:00,1/10/2022 20:00,SOUTH,-4.082
1/11/2022 2:00,1/10/2022 21:00,SOUTH,-3.952
1/11/2022 3:00,1/10/2022 22:00,SOUTH,-3.85
1/11/2022 4:00,1/10/2022 23:00,SOUTH,-4.006
1/11/2022 5:00,1/11/2022 0:00,SOUTH,-4.068
1/11/2022 6:00,1/11/2022 1:00,SOUTH,-3.987
1/11/2022 7:00,1/11/2022 2:00,SOUTH,-3.985
1/11/2022 8:00,1/11/2022 3:00,SOUTH,-4.074
1/11/2022 9:00,1/11/2022 4:00,SOUTH,-4.067
1/11/2022 10:00,1/11/2022 5:00,SOUTH,-4.152
1/11/2022 11:00,1/11/2022 6:00,SOUTH,-3.802
1/11/2022 12:00,1/11/2022 7:00,SOUTH,66.538
1/11/2022 13:00,1/11/2022 8:00,SOUTH,946.685
1/11/2022 14:00,1/11/2022 9:00,SOUTH,1915.38
1/11/2022 15:00,1/11/2022 10:00,SOUTH,1965.147
1/11/2022 16:00,1/11/2022 11:00,SOUTH,1833.335
1/11/2022 17:00,1/11/2022 12:00,SOUTH,1764.78
1/11/2022 18:00,1/11/2022 13:00,SOUTH,1824.06
1/11/2022 19:00,1/11/2022 14:00,SOUTH,1923.685
1/11/2022 20:00,1/11/2022 15:00,SOUTH,1535.531
1/11/2022 21:00,1/11/2022 16:00,SOUTH,413.469
1/11/2022 22:00,1/11/2022 17:00,SOUTH,-0.179
1/11/2022 23:00,1/11/2022 18:00,SOUTH,-4.136
1/12/2022 0:00,1/11/2022 19:00,SOUTH,-4.098
1/12/2022 1:00,1/11/2022 20:00,SOUTH,-4.158
1/12/2022 2:00,1/11/2022 21:00,SOUTH,-4.063
1/12/2022 3:00,1/11/2022 22:00,SOUTH,-4.012
1/12/2022 4:00,1/11/2022 23:00,SOUTH,-4.082
1/12/2022 5:00,1/12/2022 0:00,SOUTH,-4.183
1/12/2022 6:00,1/12/2022 1:00,SOUTH,-3.949
1/12/2022 7:00,1/12/2022 2:00,SOUTH,-3.978
1/12/2022 8:00,1/12/2022 3:00,SOUTH,-4.227
1/12/2022 9:00,1/12/2022 4:00,SOUTH,-4.134
1/12/2022 10:00,1/12/2022 5:00,SOUTH,-4.058
1/12/2022 11:00,1/12/2022 6:00,SOUTH,-4.037
1/12/2022 12:00,1/12/2022 7:00,SOUTH,63.68
1/12/2022 13:00,1/12/2022 8:00,SOUTH,874.651
1/12/2022 14:00,1/12/2022 9:00,SOUTH,1798.885
1/12/2022 15:00,1/12/2022 10:00,SOUTH,1851.841
1/12/2022 16:00,1/12/2022 11:00,SOUTH,1711.225
1/12/2022 17:00,1/12/2022 12:00,SOUTH,1641.469
1/12/2022 18:00,1/12/2022 13:00,SOUTH,1686.582
1/12/2022 19:00,1/12/2022 14:00,SOUTH,1676.658
1/12/2022 20:00,1/12/2022 15:00,SOUTH,1335.876
1/12/2022 21:00,1/12/2022 16:00,SOUTH,352.097
1/12/2022 22:00,1/12/2022 17:00,SOUTH,-0.843
1/12/2022 23:00,1/12/2022 18:00,SOUTH,-4.083
1/13/2022 0:00,1/12/2022 19:00,SOUTH,-4.119
1/13/2022 1:00,1/12/2022 20:00,SOUTH,-4.111
1/13/2022 2:00,1/12/2022 21:00,SOUTH,-4.052
1/13/2022 3:00,1/12/2022 22:00,SOUTH,-4.028
1/13/2022 4:00,1/12/2022 23:00,SOUTH,-3.947
1/13/2022 5:00,1/13/2022 0:00,SOUTH,-4.229
1/13/2022 6:00,1/13/2022 1:00,SOUTH,-3.819
1/13/2022 7:00,1/13/2022 2:00,SOUTH,-2.549
1/13/2022 8:00,1/13/2022 3:00,SOUTH,-2.215
1/13/2022 9:00,1/13/2022 4:00,SOUTH,-3.198
1/13/2022 10:00,1/13/2022 5:00,SOUTH,-0.142
1/13/2022 11:00,1/13/2022 6:00,SOUTH,1.938
1/13/2022 12:00,1/13/2022 7:00,SOUTH,66.13
1/13/2022 13:00,1/13/2022 8:00,SOUTH,644.866
1/13/2022 14:00,1/13/2022 9:00,SOUTH,1129.986
1/13/2022 15:00,1/13/2022 10:00,SOUTH,1162.445
1/13/2022 16:00,1/13/2022 11:00,SOUTH,1188.452
1/13/2022 17:00,1/13/2022 12:00,SOUTH,1107.198
1/13/2022 18:00,1/13/2022 13:00,SOUTH,872.404
1/13/2022 19:00,1/13/2022 14:00,SOUTH,580.564
1/13/2022 20:00,1/13/2022 15:00,SOUTH,315.217
1/13/2022 21:00,1/13/2022 16:00,SOUTH,89.728
1/13/2022 22:00,1/13/2022 17:00,SOUTH,-2.666
1/13/2022 23:00,1/13/2022 18:00,SOUTH,-4.037
1/14/2022 0:00,1/13/2022 19:00,SOUTH,-4.109
1/14/2022 1:00,1/13/2022 20:00,SOUTH,-4.065
1/14/2022 2:00,1/13/2022 21:00,SOUTH,-4.046
1/14/2022 3:00,1/13/2022 22:00,SOUTH,-4.014
1/14/2022 4:00,1/13/2022 23:00,SOUTH,-4.101
1/14/2022 5:00,1/14/2022 0:00,SOUTH,-3.907
1/14/2022 6:00,1/14/2022 1:00,SOUTH,-4.072
1/14/2022 7:00,1/14/2022 2:00,SOUTH,-3.985
1/14/2022 8:00,1/14/2022 3:00,SOUTH,-4.279
1/14/2022 9:00,1/14/2022 4:00,SOUTH,-3.991
1/14/2022 10:00,1/14/2022 5:00,SOUTH,-4.077
1/14/2022 11:00,1/14/2022 6:00,SOUTH,-3.776
1/14/2022 12:00,1/14/2022 7:00,SOUTH,41.701
1/14/2022 13:00,1/14/2022 8:00,SOUTH,689.762
1/14/2022 14:00,1/14/2022 9:00,SOUTH,1503.941
1/14/2022 15:00,1/14/2022 10:00,SOUTH,1681.698
1/14/2022 16:00,1/14/2022 11:00,SOUTH,1577.847
1/14/2022 17:00,1/14/2022 12:00,SOUTH,1453.123
1/14/2022 18:00,1/14/2022 13:00,SOUTH,1188.325
1/14/2022 19:00,1/14/2022 14:00,SOUTH,1144.315
1/14/2022 20:00,1/14/2022 15:00,SOUTH,915.752
1/14/2022 21:00,1/14/2022 16:00,SOUTH,319.173
1/14/2022 22:00,1/14/2022 17:00,SOUTH,0.881
1/14/2022 23:00,1/14/2022 18:00,SOUTH,-4.066
1/15/2022 0:00,1/14/2022 19:00,SOUTH,-4.142
1/15/2022 1:00,1/14/2022 20:00,SOUTH,-4.078
1/15/2022 2:00,1/14/2022 21:00,SOUTH,-4.078
1/15/2022 3:00,1/14/2022 22:00,SOUTH,-4.06
1/15/2022 4:00,1/14/2022 23:00,SOUTH,-3.956
1/15/2022 5:00,1/15/2022 0:00,SOUTH,-4.083
1/15/2022 6:00,1/15/2022 1:00,SOUTH,-4.059
1/15/2022 7:00,1/15/2022 2:00,SOUTH,-4.043
1/15/2022 8:00,1/15/2022 3:00,SOUTH,-4.296
1/15/2022 9:00,1/15/2022 4:00,SOUTH,-4.058
1/15/2022 10:00,1/15/2022 5:00,SOUTH,-4.069
1/15/2022 11:00,1/15/2022 6:00,SOUTH,-3.722
1/15/2022 12:00,1/15/2022 7:00,SOUTH,59.109
1/15/2022 13:00,1/15/2022 8:00,SOUTH,595.326
1/15/2022 14:00,1/15/2022 9:00,SOUTH,1195.083
1/15/2022 15:00,1/15/2022 10:00,SOUTH,1353.904
1/15/2022 16:00,1/15/2022 11:00,SOUTH,1418.576
1/15/2022 17:00,1/15/2022 12:00,SOUTH,1349.078
1/15/2022 18:00,1/15/2022 13:00,SOUTH,1015.037
1/15/2022 19:00,1/15/2022 14:00,SOUTH,625.178
1/15/2022 20:00,1/15/2022 15:00,SOUTH,365.968
1/15/2022 21:00,1/15/2022 16:00,SOUTH,110.818
1/15/2022 22:00,1/15/2022 17:00,SOUTH,-1.239
1/15/2022 23:00,1/15/2022 18:00,SOUTH,-4.125
1/16/2022 0:00,1/15/2022 19:00,SOUTH,-4.165
1/16/2022 1:00,1/15/2022 20:00,SOUTH,-4.02
1/16/2022 2:00,1/15/2022 21:00,SOUTH,-4.158
1/16/2022 3:00,1/15/2022 22:00,SOUTH,-4.122
1/16/2022 4:00,1/15/2022 23:00,SOUTH,-4.041
1/16/2022 5:00,1/16/2022 0:00,SOUTH,-4.042
1/16/2022 6:00,1/16/2022 1:00,SOUTH,-4.089
1/16/2022 7:00,1/16/2022 2:00,SOUTH,-4.132
1/16/2022 8:00,1/16/2022 3:00,SOUTH,-4.172
1/16/2022 9:00,1/16/2022 4:00,SOUTH,-4.259
1/16/2022 10:00,1/16/2022 5:00,SOUTH,-4.259
1/16/2022 11:00,1/16/2022 6:00,SOUTH,-4.045
1/16/2022 12:00,1/16/2022 7:00,SOUTH,2.395
1/16/2022 13:00,1/16/2022 8:00,SOUTH,54.031
1/16/2022 14:00,1/16/2022 9:00,SOUTH,102.875
1/16/2022 15:00,1/16/2022 10:00,SOUTH,124.614
1/16/2022 16:00,1/16/2022 11:00,SOUTH,141.565
1/16/2022 17:00,1/16/2022 12:00,SOUTH,129.957
1/16/2022 18:00,1/16/2022 13:00,SOUTH,104.261
1/16/2022 19:00,1/16/2022 14:00,SOUTH,49.398
1/16/2022 20:00,1/16/2022 15:00,SOUTH,20.002
1/16/2022 21:00,1/16/2022 16:00,SOUTH,2.372
1/16/2022 22:00,1/16/2022 17:00,SOUTH,-4.24
1/16/2022 23:00,1/16/2022 18:00,SOUTH,-4.048
1/17/2022 0:00,1/16/2022 19:00,SOUTH,-4.038
1/17/2022 1:00,1/16/2022 20:00,SOUTH,-4.071
1/17/2022 2:00,1/16/2022 21:00,SOUTH,-4.009
1/17/2022 3:00,1/16/2022 22:00,SOUTH,-3.981
1/17/2022 4:00,1/16/2022 23:00,SOUTH,-4.042
1/17/2022 5:00,1/17/2022 0:00,SOUTH,-3.981
1/17/2022 6:00,1/17/2022 1:00,SOUTH,-3.788
1/17/2022 7:00,1/17/2022 2:00,SOUTH,-3.938
1/17/2022 8:00,1/17/2022 3:00,SOUTH,-4.031
1/17/2022 9:00,1/17/2022 4:00,SOUTH,-4.087
1/17/2022 10:00,1/17/2022 5:00,SOUTH,-4.065
1/17/2022 11:00,1/17/2022 6:00,SOUTH,-3.605
1/17/2022 12:00,1/17/2022 7:00,SOUTH,62.048
1/17/2022 13:00,1/17/2022 8:00,SOUTH,696.138
1/17/2022 14:00,1/17/2022 9:00,SOUTH,1337.509
1/17/2022 15:00,1/17/2022 10:00,SOUTH,1240.005
1/17/2022 16:00,1/17/2022 11:00,SOUTH,1025.939
1/17/2022 17:00,1/17/2022 12:00,SOUTH,1005.919
1/17/2022 18:00,1/17/2022 13:00,SOUTH,798.894
1/17/2022 19:00,1/17/2022 14:00,SOUTH,630.551
1/17/2022 20:00,1/17/2022 15:00,SOUTH,440.541
1/17/2022 21:00,1/17/2022 16:00,SOUTH,204.697
1/17/2022 22:00,1/17/2022 17:00,SOUTH,1.65
1/17/2022 23:00,1/17/2022 18:00,SOUTH,-4.109
1/18/2022 0:00,1/17/2022 19:00,SOUTH,-4.003
1/18/2022 1:00,1/17/2022 20:00,SOUTH,-4.095
1/18/2022 2:00,1/17/2022 21:00,SOUTH,-3.973
1/18/2022 3:00,1/17/2022 22:00,SOUTH,-3.986
1/18/2022 4:00,1/17/2022 23:00,SOUTH,-3.964
1/18/2022 5:00,1/18/2022 0:00,SOUTH,-3.981
1/18/2022 6:00,1/18/2022 1:00,SOUTH,-3.992
1/18/2022 7:00,1/18/2022 2:00,SOUTH,-4.109
1/18/2022 8:00,1/18/2022 3:00,SOUTH,-4.073
1/18/2022 9:00,1/18/2022 4:00,SOUTH,-4.132
1/18/2022 10:00,1/18/2022 5:00,SOUTH,-4.183
1/18/2022 11:00,1/18/2022 6:00,SOUTH,-3.808
1/18/2022 12:00,1/18/2022 7:00,SOUTH,75.958
1/18/2022 13:00,1/18/2022 8:00,SOUTH,902.139
1/18/2022 14:00,1/18/2022 9:00,SOUTH,1850.333
1/18/2022 15:00,1/18/2022 10:00,SOUTH,1935.54
1/18/2022 16:00,1/18/2022 11:00,SOUTH,1867.623
1/18/2022 17:00,1/18/2022 12:00,SOUTH,1821.498
1/18/2022 18:00,1/18/2022 13:00,SOUTH,1896.607
1/18/2022 19:00,1/18/2022 14:00,SOUTH,1997.763
1/18/2022 20:00,1/18/2022 15:00,SOUTH,1711.911
1/18/2022 21:00,1/18/2022 16:00,SOUTH,554.241
1/18/2022 22:00,1/18/2022 17:00,SOUTH,6.038
1/18/2022 23:00,1/18/2022 18:00,SOUTH,-4.122
1/19/2022 0:00,1/18/2022 19:00,SOUTH,-4.016
1/19/2022 1:00,1/18/2022 20:00,SOUTH,-3.892
1/19/2022 2:00,1/18/2022 21:00,SOUTH,-4.139
1/19/2022 3:00,1/18/2022 22:00,SOUTH,-4.065
1/19/2022 4:00,1/18/2022 23:00,SOUTH,-4.061
1/19/2022 5:00,1/19/2022 0:00,SOUTH,-4.031
1/19/2022 6:00,1/19/2022 1:00,SOUTH,-4.108
1/19/2022 7:00,1/19/2022 2:00,SOUTH,-4.121
1/19/2022 8:00,1/19/2022 3:00,SOUTH,-4.182
1/19/2022 9:00,1/19/2022 4:00,SOUTH,-4.237
1/19/2022 10:00,1/19/2022 5:00,SOUTH,-4.161
1/19/2022 11:00,1/19/2022 6:00,SOUTH,-3.384
1/19/2022 12:00,1/19/2022 7:00,SOUTH,52.943
1/19/2022 13:00,1/19/2022 8:00,SOUTH,436.527
1/19/2022 14:00,1/19/2022 9:00,SOUTH,1225.421
1/19/2022 15:00,1/19/2022 10:00,SOUTH,1695.528
1/19/2022 16:00,1/19/2022 11:00,SOUTH,1772.38
1/19/2022 17:00,1/19/2022 12:00,SOUTH,1710.009
1/19/2022 18:00,1/19/2022 13:00,SOUTH,1688.338
1/19/2022 19:00,1/19/2022 14:00,SOUTH,1574.091
1/19/2022 20:00,1/19/2022 15:00,SOUTH,1200.958
1/19/2022 21:00,1/19/2022 16:00,SOUTH,409.423
1/19/2022 22:00,1/19/2022 17:00,SOUTH,3.568
1/19/2022 23:00,1/19/2022 18:00,SOUTH,-3.989
1/20/2022 0:00,1/19/2022 19:00,SOUTH,-3.88
1/20/2022 1:00,1/19/2022 20:00,SOUTH,-3.937
1/20/2022 2:00,1/19/2022 21:00,SOUTH,-3.7
1/20/2022 3:00,1/19/2022 22:00,SOUTH,-3.917
1/20/2022 4:00,1/19/2022 23:00,SOUTH,-3.824
1/20/2022 5:00,1/20/2022 0:00,SOUTH,-3.731
1/20/2022 6:00,1/20/2022 1:00,SOUTH,-3.833
1/20/2022 7:00,1/20/2022 2:00,SOUTH,-3.843
1/20/2022 8:00,1/20/2022 3:00,SOUTH,-3.85
1/20/2022 9:00,1/20/2022 4:00,SOUTH,-3.87
1/20/2022 10:00,1/20/2022 5:00,SOUTH,-3.938
1/20/2022 11:00,1/20/2022 6:00,SOUTH,-3.825
1/20/2022 12:00,1/20/2022 7:00,SOUTH,15.529
1/20/2022 13:00,1/20/2022 8:00,SOUTH,124.023
1/20/2022 14:00,1/20/2022 9:00,SOUTH,268.979
1/20/2022 15:00,1/20/2022 10:00,SOUTH,300.508
1/20/2022 16:00,1/20/2022 11:00,SOUTH,346.515
1/20/2022 17:00,1/20/2022 12:00,SOUTH,361.028
1/20/2022 18:00,1/20/2022 13:00,SOUTH,263.941
1/20/2022 19:00,1/20/2022 14:00,SOUTH,154.866
1/20/2022 20:00,1/20/2022 15:00,SOUTH,79.869
1/20/2022 21:00,1/20/2022 16:00,SOUTH,23.092
1/20/2022 22:00,1/20/2022 17:00,SOUTH,-3.968
1/20/2022 23:00,1/20/2022 18:00,SOUTH,-4.135
1/21/2022 0:00,1/20/2022 19:00,SOUTH,-4.134
1/21/2022 1:00,1/20/2022 20:00,SOUTH,-4.199
1/21/2022 2:00,1/20/2022 21:00,SOUTH,-4.142
1/21/2022 3:00,1/20/2022 22:00,SOUTH,-4.075
1/21/2022 4:00,1/20/2022 23:00,SOUTH,-3.863
1/21/2022 5:00,1/21/2022 0:00,SOUTH,-4.14
1/21/2022 6:00,1/21/2022 1:00,SOUTH,-4.122
1/21/2022 7:00,1/21/2022 2:00,SOUTH,-3.976
1/21/2022 8:00,1/21/2022 3:00,SOUTH,-4.323
1/21/2022 9:00,1/21/2022 4:00,SOUTH,-4.303
1/21/2022 10:00,1/21/2022 5:00,SOUTH,-4.118
1/21/2022 11:00,1/21/2022 6:00,SOUTH,-3.997
1/21/2022 12:00,1/21/2022 7:00,SOUTH,8.304
1/21/2022 13:00,1/21/2022 8:00,SOUTH,116.106
1/21/2022 14:00,1/21/2022 9:00,SOUTH,304.604
1/21/2022 15:00,1/21/2022 10:00,SOUTH,523.802
1/21/2022 16:00,1/21/2022 11:00,SOUTH,539.299
1/21/2022 17:00,1/21/2022 12:00,SOUTH,556.691
1/21/2022 18:00,1/21/2022 13:00,SOUTH,429.305
1/21/2022 19:00,1/21/2022 14:00,SOUTH,247.103
1/21/2022 20:00,1/21/2022 15:00,SOUTH,130.297
1/21/2022 21:00,1/21/2022 16:00,SOUTH,38.928
1/21/2022 22:00,1/21/2022 17:00,SOUTH,-3.9
1/21/2022 23:00,1/21/2022 18:00,SOUTH,-4.399
1/22/2022 0:00,1/21/2022 19:00,SOUTH,-4.276
1/22/2022 1:00,1/21/2022 20:00,SOUTH,-4.363
1/22/2022 2:00,1/21/2022 21:00,SOUTH,-4.213
1/22/2022 3:00,1/21/2022 22:00,SOUTH,-4.16
1/22/2022 4:00,1/21/2022 23:00,SOUTH,-4.11
1/22/2022 5:00,1/22/2022 0:00,SOUTH,-4.189
1/22/2022 6:00,1/22/2022 1:00,SOUTH,-4.185
1/22/2022 7:00,1/22/2022 2:00,SOUTH,-4.163
1/22/2022 8:00,1/22/2022 3:00,SOUTH,-4.281
1/22/2022 9:00,1/22/2022 4:00,SOUTH,-4.399
1/22/2022 10:00,1/22/2022 5:00,SOUTH,-4.297
1/22/2022 11:00,1/22/2022 6:00,SOUTH,-4.307
1/22/2022 12:00,1/22/2022 7:00,SOUTH,20.094
1/22/2022 13:00,1/22/2022 8:00,SOUTH,323.578
1/22/2022 14:00,1/22/2022 9:00,SOUTH,810.274
1/22/2022 15:00,1/22/2022 10:00,SOUTH,1032.13
1/22/2022 16:00,1/22/2022 11:00,SOUTH,1195.75
1/22/2022 17:00,1/22/2022 12:00,SOUTH,1362.674
1/22/2022 18:00,1/22/2022 13:00,SOUTH,1602.136
1/22/2022 19:00,1/22/2022 14:00,SOUTH,1846.451
1/22/2022 20:00,1/22/2022 15:00,SOUTH,1655.472
1/22/2022 21:00,1/22/2022 16:00,SOUTH,613.017
1/22/2022 22:00,1/22/2022 17:00,SOUTH,11.832
1/22/2022 23:00,1/22/2022 18:00,SOUTH,-4.278
1/23/2022 0:00,1/22/2022 19:00,SOUTH,-4.174
1/23/2022 1:00,1/22/2022 20:00,SOUTH,-4.062
1/23/2022 2:00,1/22/2022 21:00,SOUTH,-4.111
1/23/2022 3:00,1/22/2022 22:00,SOUTH,-4.179
1/23/2022 4:00,1/22/2022 23:00,SOUTH,-4.193
1/23/2022 5:00,1/23/2022 0:00,SOUTH,-4.089
1/23/2022 6:00,1/23/2022 1:00,SOUTH,-4.113
1/23/2022 7:00,1/23/2022 2:00,SOUTH,-4.089
1/23/2022 8:00,1/23/2022 3:00,SOUTH,-4.38
1/23/2022 9:00,1/23/2022 4:00,SOUTH,-4.207
1/23/2022 10:00,1/23/2022 5:00,SOUTH,-4.331
1/23/2022 11:00,1/23/2022 6:00,SOUTH,-3.529
1/23/2022 12:00,1/23/2022 7:00,SOUTH,99.9
1/23/2022 13:00,1/23/2022 8:00,SOUTH,932.155
1/23/2022 14:00,1/23/2022 9:00,SOUTH,1886.17
1/23/2022 15:00,1/23/2022 10:00,SOUTH,2065.95
1/23/2022 16:00,1/23/2022 11:00,SOUTH,1896.387
1/23/2022 17:00,1/23/2022 12:00,SOUTH,1671.21
1/23/2022 18:00,1/23/2022 13:00,SOUTH,1563.895
1/23/2022 19:00,1/23/2022 14:00,SOUTH,1675.896
1/23/2022 20:00,1/23/2022 15:00,SOUTH,1301.741
1/23/2022 21:00,1/23/2022 16:00,SOUTH,351.467
1/23/2022 22:00,1/23/2022 17:00,SOUTH,8.221
1/23/2022 23:00,1/23/2022 18:00,SOUTH,-4.18
1/24/2022 0:00,1/23/2022 19:00,SOUTH,-4.091
1/24/2022 1:00,1/23/2022 20:00,SOUTH,-4.096
1/24/2022 2:00,1/23/2022 21:00,SOUTH,-4.082
1/24/2022 3:00,1/23/2022 22:00,SOUTH,-3.891
1/24/2022 4:00,1/23/2022 23:00,SOUTH,-3.921
1/24/2022 5:00,1/24/2022 0:00,SOUTH,-3.971
1/24/2022 6:00,1/24/2022 1:00,SOUTH,-4.024
1/24/2022 7:00,1/24/2022 2:00,SOUTH,-3.998
1/24/2022 8:00,1/24/2022 3:00,SOUTH,-4.075
1/24/2022 9:00,1/24/2022 4:00,SOUTH,-4.036
1/24/2022 10:00,1/24/2022 5:00,SOUTH,-4.081
1/24/2022 11:00,1/24/2022 6:00,SOUTH,-3.387
1/24/2022 12:00,1/24/2022 7:00,SOUTH,81.124
1/24/2022 13:00,1/24/2022 8:00,SOUTH,1011.059
1/24/2022 14:00,1/24/2022 9:00,SOUTH,1980.853
1/24/2022 15:00,1/24/2022 10:00,SOUTH,1938.513
1/24/2022 16:00,1/24/2022 11:00,SOUTH,1859.181
1/24/2022 17:00,1/24/2022 12:00,SOUTH,1813.973
1/24/2022 18:00,1/24/2022 13:00,SOUTH,1801.511
1/24/2022 19:00,1/24/2022 14:00,SOUTH,1809.024
1/24/2022 20:00,1/24/2022 15:00,SOUTH,1530.894
1/24/2022 21:00,1/24/2022 16:00,SOUTH,545.369
1/24/2022 22:00,1/24/2022 17:00,SOUTH,12.245
1/24/2022 23:00,1/24/2022 18:00,SOUTH,-4.036
1/25/2022 0:00,1/24/2022 19:00,SOUTH,-3.975
1/25/2022 1:00,1/24/2022 20:00,SOUTH,-4.111
1/25/2022 2:00,1/24/2022 21:00,SOUTH,-3.872
1/25/2022 3:00,1/24/2022 22:00,SOUTH,-4.029
1/25/2022 4:00,1/24/2022 23:00,SOUTH,-3.915
1/25/2022 5:00,1/25/2022 0:00,SOUTH,-3.873
1/25/2022 6:00,1/25/2022 1:00,SOUTH,-3.891
1/25/2022 7:00,1/25/2022 2:00,SOUTH,-3.922
1/25/2022 8:00,1/25/2022 3:00,SOUTH,-3.901
1/25/2022 9:00,1/25/2022 4:00,SOUTH,-4.093
1/25/2022 10:00,1/25/2022 5:00,SOUTH,-3.795
1/25/2022 11:00,1/25/2022 6:00,SOUTH,-3.832
1/25/2022 12:00,1/25/2022 7:00,SOUTH,23.896
1/25/2022 13:00,1/25/2022 8:00,SOUTH,270.998
1/25/2022 14:00,1/25/2022 9:00,SOUTH,797.443
1/25/2022 15:00,1/25/2022 10:00,SOUTH,1090.79
1/25/2022 16:00,1/25/2022 11:00,SOUTH,957.244
1/25/2022 17:00,1/25/2022 12:00,SOUTH,1107.256
1/25/2022 18:00,1/25/2022 13:00,SOUTH,1161.026
1/25/2022 19:00,1/25/2022 14:00,SOUTH,1029.301
1/25/2022 20:00,1/25/2022 15:00,SOUTH,765.817
1/25/2022 21:00,1/25/2022 16:00,SOUTH,370.852
1/25/2022 22:00,1/25/2022 17:00,SOUTH,16.395
1/25/2022 23:00,1/25/2022 18:00,SOUTH,-4.015
1/26/2022 0:00,1/25/2022 19:00,SOUTH,-3.976
1/26/2022 1:00,1/25/2022 20:00,SOUTH,-3.975
1/26/2022 2:00,1/25/2022 21:00,SOUTH,-3.836
1/26/2022 3:00,1/25/2022 22:00,SOUTH,-3.913
1/26/2022 4:00,1/25/2022 23:00,SOUTH,-4.018
1/26/2022 5:00,1/26/2022 0:00,SOUTH,-3.912
1/26/2022 6:00,1/26/2022 1:00,SOUTH,-3.95
1/26/2022 7:00,1/26/2022 2:00,SOUTH,-3.983
1/26/2022 8:00,1/26/2022 3:00,SOUTH,-3.946
1/26/2022 9:00,1/26/2022 4:00,SOUTH,-3.893
1/26/2022 10:00,1/26/2022 5:00,SOUTH,-4.085
1/26/2022 11:00,1/26/2022 6:00,SOUTH,-3.55
1/26/2022 12:00,1/26/2022 7:00,SOUTH,50.824
1/26/2022 13:00,1/26/2022 8:00,SOUTH,494.939
1/26/2022 14:00,1/26/2022 9:00,SOUTH,1198.408
1/26/2022 15:00,1/26/2022 10:00,SOUTH,1547.058
1/26/2022 16:00,1/26/2022 11:00,SOUTH,1637.261
1/26/2022 17:00,1/26/2022 12:00,SOUTH,1756.927
1/26/2022 18:00,1/26/2022 13:00,SOUTH,1818.281
1/26/2022 19:00,1/26/2022 14:00,SOUTH,1918.69
1/26/2022 20:00,1/26/2022 15:00,SOUTH,1791.156
1/26/2022 21:00,1/26/2022 16:00,SOUTH,736.79
1/26/2022 22:00,1/26/2022 17:00,SOUTH,23.078
1/26/2022 23:00,1/26/2022 18:00,SOUTH,-4.286
1/27/2022 0:00,1/26/2022 19:00,SOUTH,-3.991
1/27/2022 1:00,1/26/2022 20:00,SOUTH,-3.926
1/27/2022 2:00,1/26/2022 21:00,SOUTH,-4.201
1/27/2022 3:00,1/26/2022 22:00,SOUTH,-3.889
1/27/2022 4:00,1/26/2022 23:00,SOUTH,-4.058
1/27/2022 5:00,1/27/2022 0:00,SOUTH,-3.431
1/27/2022 6:00,1/27/2022 1:00,SOUTH,-3.457
1/27/2022 7:00,1/27/2022 2:00,SOUTH,-3.538
1/27/2022 8:00,1/27/2022 3:00,SOUTH,-3.619
1/27/2022 9:00,1/27/2022 4:00,SOUTH,-3.564
1/27/2022 10:00,1/27/2022 5:00,SOUTH,-3.629
1/27/2022 11:00,1/27/2022 6:00,SOUTH,-2.678
1/27/2022 12:00,1/27/2022 7:00,SOUTH,123.801
1/27/2022 13:00,1/27/2022 8:00,SOUTH,1154.471
1/27/2022 14:00,1/27/2022 9:00,SOUTH,2039.053
1/27/2022 15:00,1/27/2022 10:00,SOUTH,2142.791
1/27/2022 16:00,1/27/2022 11:00,SOUTH,2042.942
1/27/2022 17:00,1/27/2022 12:00,SOUTH,1991.739
1/27/2022 18:00,1/27/2022 13:00,SOUTH,2037.078
1/27/2022 19:00,1/27/2022 14:00,SOUTH,2072.206
1/27/2022 20:00,1/27/2022 15:00,SOUTH,1745.024
1/27/2022 21:00,1/27/2022 16:00,SOUTH,700.37
1/27/2022 22:00,1/27/2022 17:00,SOUTH,23.004
1/27/2022 23:00,1/27/2022 18:00,SOUTH,-3.638
1/28/2022 0:00,1/27/2022 19:00,SOUTH,-3.527
1/28/2022 1:00,1/27/2022 20:00,SOUTH,-3.473
1/28/2022 2:00,1/27/2022 21:00,SOUTH,-3.529
1/28/2022 3:00,1/27/2022 22:00,SOUTH,-3.474
1/28/2022 4:00,1/27/2022 23:00,SOUTH,-3.456
1/28/2022 5:00,1/28/2022 0:00,SOUTH,-3.96
1/28/2022 6:00,1/28/2022 1:00,SOUTH,-4.002
1/28/2022 7:00,1/28/2022 2:00,SOUTH,-3.936
1/28/2022 8:00,1/28/2022 3:00,SOUTH,-4.059
1/28/2022 9:00,1/28/2022 4:00,SOUTH,-4.07
1/28/2022 10:00,1/28/2022 5:00,SOUTH,-4.149
1/28/2022 11:00,1/28/2022 6:00,SOUTH,-0.972
1/28/2022 12:00,1/28/2022 7:00,SOUTH,72.961
1/28/2022 13:00,1/28/2022 8:00,SOUTH,397.159
1/28/2022 14:00,1/28/2022 9:00,SOUTH,712.076
1/28/2022 15:00,1/28/2022 10:00,SOUTH,833.599
1/28/2022 16:00,1/28/2022 11:00,SOUTH,1050.222
1/28/2022 17:00,1/28/2022 12:00,SOUTH,1111.004
1/28/2022 18:00,1/28/2022 13:00,SOUTH,861.868
1/28/2022 19:00,1/28/2022 14:00,SOUTH,504.164
1/28/2022 20:00,1/28/2022 15:00,SOUTH,251.448
1/28/2022 21:00,1/28/2022 16:00,SOUTH,71.519
1/28/2022 22:00,1/28/2022 17:00,SOUTH,-2.461
1/28/2022 23:00,1/28/2022 18:00,SOUTH,-3.987
1/29/2022 0:00,1/28/2022 19:00,SOUTH,-4.253
1/29/2022 1:00,1/28/2022 20:00,SOUTH,-4.259
1/29/2022 2:00,1/28/2022 21:00,SOUTH,-4.242
1/29/2022 3:00,1/28/2022 22:00,SOUTH,-4.011
1/29/2022 4:00,1/28/2022 23:00,SOUTH,-4.219
1/29/2022 5:00,1/29/2022 0:00,SOUTH,-4.037
1/29/2022 6:00,1/29/2022 1:00,SOUTH,-4.138
1/29/2022 7:00,1/29/2022 2:00,SOUTH,-4.096
1/29/2022 8:00,1/29/2022 3:00,SOUTH,-4.104
1/29/2022 9:00,1/29/2022 4:00,SOUTH,-4.262
1/29/2022 10:00,1/29/2022 5:00,SOUTH,-4.121
1/29/2022 11:00,1/29/2022 6:00,SOUTH,-4.244
1/29/2022 12:00,1/29/2022 7:00,SOUTH,6.224
1/29/2022 13:00,1/29/2022 8:00,SOUTH,101.65
1/29/2022 14:00,1/29/2022 9:00,SOUTH,227.53
1/29/2022 15:00,1/29/2022 10:00,SOUTH,450
1/29/2022 16:00,1/29/2022 11:00,SOUTH,740.058
1/29/2022 17:00,1/29/2022 12:00,SOUTH,1080.322
1/29/2022 18:00,1/29/2022 13:00,SOUTH,1313.988
1/29/2022 19:00,1/29/2022 14:00,SOUTH,1538.515
1/29/2022 20:00,1/29/2022 15:00,SOUTH,1573.507
1/29/2022 21:00,1/29/2022 16:00,SOUTH,713.398
1/29/2022 22:00,1/29/2022 17:00,SOUTH,29.289
1/29/2022 23:00,1/29/2022 18:00,SOUTH,-4.756
1/30/2022 0:00,1/29/2022 19:00,SOUTH,-4.609
1/30/2022 1:00,1/29/2022 20:00,SOUTH,-4.637
1/30/2022 2:00,1/29/2022 21:00,SOUTH,-4.542
1/30/2022 3:00,1/29/2022 22:00,SOUTH,-4.587
1/30/2022 4:00,1/29/2022 23:00,SOUTH,-4.431
1/30/2022 5:00,1/30/2022 0:00,SOUTH,-4.474
1/30/2022 6:00,1/30/2022 1:00,SOUTH,-4.501
1/30/2022 7:00,1/30/2022 2:00,SOUTH,-4.519
1/30/2022 8:00,1/30/2022 3:00,SOUTH,-4.768
1/30/2022 9:00,1/30/2022 4:00,SOUTH,-4.652
1/30/2022 10:00,1/30/2022 5:00,SOUTH,-4.705
1/30/2022 11:00,1/30/2022 6:00,SOUTH,-4.139
1/30/2022 12:00,1/30/2022 7:00,SOUTH,129.398
1/30/2022 13:00,1/30/2022 8:00,SOUTH,995.619
1/30/2022 14:00,1/30/2022 9:00,SOUTH,1618.181
1/30/2022 15:00,1/30/2022 10:00,SOUTH,1671.548
1/30/2022 16:00,1/30/2022 11:00,SOUTH,1660.412
1/30/2022 17:00,1/30/2022 12:00,SOUTH,1722.52
1/30/2022 18:00,1/30/2022 13:00,SOUTH,1707.372
1/30/2022 19:00,1/30/2022 14:00,SOUTH,1704.652
1/30/2022 20:00,1/30/2022 15:00,SOUTH,1398.407
1/30/2022 21:00,1/30/2022 16:00,SOUTH,531.214
1/30/2022 22:00,1/30/2022 17:00,SOUTH,20.357
1/30/2022 23:00,1/30/2022 18:00,SOUTH,-4.786
1/31/2022 0:00,1/30/2022 19:00,SOUTH,-4.603
1/31/2022 1:00,1/30/2022 20:00,SOUTH,-4.403
1/31/2022 2:00,1/30/2022 21:00,SOUTH,-4.509
1/31/2022 3:00,1/30/2022 22:00,SOUTH,-4.286
1/31/2022 4:00,1/30/2022 23:00,SOUTH,-4.475
1/31/2022 5:00,1/31/2022 0:00,SOUTH,-4.437
1/31/2022 6:00,1/31/2022 1:00,SOUTH,-4.441
1/31/2022 7:00,1/31/2022 2:00,SOUTH,-4.372
1/31/2022 8:00,1/31/2022 3:00,SOUTH,-4.547
1/31/2022 9:00,1/31/2022 4:00,SOUTH,-4.576
1/31/2022 10:00,1/31/2022 5:00,SOUTH,-4.509
1/31/2022 11:00,1/31/2022 6:00,SOUTH,-3.643
1/31/2022 12:00,1/31/2022 7:00,SOUTH,109.937
1/31/2022 13:00,1/31/2022 8:00,SOUTH,828.917
1/31/2022 14:00,1/31/2022 9:00,SOUTH,1616.298
1/31/2022 15:00,1/31/2022 10:00,SOUTH,1915.542
1/31/2022 16:00,1/31/2022 11:00,SOUTH,1846.809
1/31/2022 17:00,1/31/2022 12:00,SOUTH,1889.047
1/31/2022 18:00,1/31/2022 13:00,SOUTH,1898.059
1/31/2022 19:00,1/31/2022 14:00,SOUTH,1983.19
1/31/2022 20:00,1/31/2022 15:00,SOUTH,1882.497
1/31/2022 21:00,1/31/2022 16:00,SOUTH,861.104
1/31/2022 22:00,1/31/2022 17:00,SOUTH,39.083
1/31/2022 23:00,1/31/2022 18:00,SOUTH,-4.298
2/1/2022 0:00,1/31/2022 19:00,SOUTH,-4.447
2/1/2022 1:00,1/31/2022 20:00,SOUTH,-4.271
2/1/2022 2:00,1/31/2022 21:00,SOUTH,-4.282
2/1/2022 3:00,1/31/2022 22:00,SOUTH,-4.369
2/1/2022 4:00,1/31/2022 23:00,SOUTH,-4.261
2/1/2022 5:00,2/1/2022 0:00,SOUTH,-4.15
2/1/2022 6:00,2/1/2022 1:00,SOUTH,-4.148
2/1/2022 7:00,2/1/2022 2:00,SOUTH,-4.276
2/1/2022 8:00,2/1/2022 3:00,SOUTH,-4.142
2/1/2022 9:00,2/1/2022 4:00,SOUTH,-4.325
2/1/2022 10:00,2/1/2022 5:00,SOUTH,-4.159
2/1/2022 11:00,2/1/2022 6:00,SOUTH,0.141
2/1/2022 12:00,2/1/2022 7:00,SOUTH,133.714
2/1/2022 13:00,2/1/2022 8:00,SOUTH,1162.941
2/1/2022 14:00,2/1/2022 9:00,SOUTH,2167.202
2/1/2022 15:00,2/1/2022 10:00,SOUTH,2199.838
2/1/2022 16:00,2/1/2022 11:00,SOUTH,2121.69
2/1/2022 17:00,2/1/2022 12:00,SOUTH,2076.9
2/1/2022 18:00,2/1/2022 13:00,SOUTH,2117.009
2/1/2022 19:00,2/1/2022 14:00,SOUTH,2180.931
2/1/2022 20:00,2/1/2022 15:00,SOUTH,1956.608
2/1/2022 21:00,2/1/2022 16:00,SOUTH,803.931
2/1/2022 22:00,2/1/2022 17:00,SOUTH,34.952
2/1/2022 23:00,2/1/2022 18:00,SOUTH,-4.409
2/2/2022 0:00,2/1/2022 19:00,SOUTH,-4.312
2/2/2022 1:00,2/1/2022 20:00,SOUTH,-4.406
2/2/2022 2:00,2/1/2022 21:00,SOUTH,-4.476
2/2/2022 3:00,2/1/2022 22:00,SOUTH,-4.365
2/2/2022 4:00,2/1/2022 23:00,SOUTH,-4.378
2/2/2022 5:00,2/2/2022 0:00,SOUTH,-4.551
2/2/2022 6:00,2/2/2022 1:00,SOUTH,-4.37
2/2/2022 7:00,2/2/2022 2:00,SOUTH,-4.477
2/2/2022 8:00,2/2/2022 3:00,SOUTH,-4.8
2/2/2022 9:00,2/2/2022 4:00,SOUTH,-4.585
2/2/2022 10:00,2/2/2022 5:00,SOUTH,-4.642
2/2/2022 11:00,2/2/2022 6:00,SOUTH,-3.693
2/2/2022 12:00,2/2/2022 7:00,SOUTH,130.326
2/2/2022 13:00,2/2/2022 8:00,SOUTH,785.008
2/2/2022 14:00,2/2/2022 9:00,SOUTH,1327.307
2/2/2022 15:00,2/2/2022 10:00,SOUTH,1476.599
2/2/2022 16:00,2/2/2022 11:00,SOUTH,1821.885
2/2/2022 17:00,2/2/2022 12:00,SOUTH,1969.353
2/2/2022 18:00,2/2/2022 13:00,SOUTH,2041.677
2/2/2022 19:00,2/2/2022 14:00,SOUTH,2004.114
2/2/2022 20:00,2/2/2022 15:00,SOUTH,1298.003
2/2/2022 21:00,2/2/2022 16:00,SOUTH,500.163
2/2/2022 22:00,2/2/2022 17:00,SOUTH,16.397
2/2/2022 23:00,2/2/2022 18:00,SOUTH,-4.388
2/3/2022 0:00,2/2/2022 19:00,SOUTH,-4.444
2/3/2022 1:00,2/2/2022 20:00,SOUTH,-4.264
2/3/2022 2:00,2/2/2022 21:00,SOUTH,-4.263
2/3/2022 3:00,2/2/2022 22:00,SOUTH,-4.326
2/3/2022 4:00,2/2/2022 23:00,SOUTH,-4.278
2/3/2022 5:00,2/3/2022 0:00,SOUTH,-4.254
2/3/2022 6:00,2/3/2022 1:00,SOUTH,-4.288
2/3/2022 7:00,2/3/2022 2:00,SOUTH,-4.229
2/3/2022 8:00,2/3/2022 3:00,SOUTH,-4.321
2/3/2022 9:00,2/3/2022 4:00,SOUTH,-4.428
2/3/2022 10:00,2/3/2022 5:00,SOUTH,-4.291
2/3/2022 11:00,2/3/2022 6:00,SOUTH,-3.965
2/3/2022 12:00,2/3/2022 7:00,SOUTH,69.634
2/3/2022 13:00,2/3/2022 8:00,SOUTH,251.839
2/3/2022 14:00,2/3/2022 9:00,SOUTH,347.55
2/3/2022 15:00,2/3/2022 10:00,SOUTH,531.611
2/3/2022 16:00,2/3/2022 11:00,SOUTH,670.203
2/3/2022 17:00,2/3/2022 12:00,SOUTH,720.129
2/3/2022 18:00,2/3/2022 13:00,SOUTH,605.495
2/3/2022 19:00,2/3/2022 14:00,SOUTH,509.075
2/3/2022 20:00,2/3/2022 15:00,SOUTH,420.393
2/3/2022 21:00,2/3/2022 16:00,SOUTH,211.327
2/3/2022 22:00,2/3/2022 17:00,SOUTH,29.918
2/3/2022 23:00,2/3/2022 18:00,SOUTH,-4.214
2/4/2022 0:00,2/3/2022 19:00,SOUTH,-4.205
2/4/2022 1:00,2/3/2022 20:00,SOUTH,-4.202
2/4/2022 2:00,2/3/2022 21:00,SOUTH,-4.233
2/4/2022 3:00,2/3/2022 22:00,SOUTH,-4.127
2/4/2022 4:00,2/3/2022 23:00,SOUTH,-4.186
2/4/2022 5:00,2/4/2022 0:00,SOUTH,-4.226
2/4/2022 6:00,2/4/2022 1:00,SOUTH,-4.076
2/4/2022 7:00,2/4/2022 2:00,SOUTH,-4.094
2/4/2022 8:00,2/4/2022 3:00,SOUTH,-4.191
2/4/2022 9:00,2/4/2022 4:00,SOUTH,-4.16
2/4/2022 10:00,2/4/2022 5:00,SOUTH,-4.099
2/4/2022 11:00,2/4/2022 6:00,SOUTH,-4.037
2/4/2022 12:00,2/4/2022 7:00,SOUTH,14.437
2/4/2022 13:00,2/4/2022 8:00,SOUTH,98.409
2/4/2022 14:00,2/4/2022 9:00,SOUTH,164.222
2/4/2022 15:00,2/4/2022 10:00,SOUTH,416.416
2/4/2022 16:00,2/4/2022 11:00,SOUTH,601.009
2/4/2022 17:00,2/4/2022 12:00,SOUTH,564.326
2/4/2022 18:00,2/4/2022 13:00,SOUTH,397.14
2/4/2022 19:00,2/4/2022 14:00,SOUTH,263.261
2/4/2022 20:00,2/4/2022 15:00,SOUTH,132.959
2/4/2022 21:00,2/4/2022 16:00,SOUTH,59.063
2/4/2022 22:00,2/4/2022 17:00,SOUTH,-0.045
2/4/2022 23:00,2/4/2022 18:00,SOUTH,-4.348
2/5/2022 0:00,2/4/2022 19:00,SOUTH,-4.355
2/5/2022 1:00,2/4/2022 20:00,SOUTH,-4.407
2/5/2022 2:00,2/4/2022 21:00,SOUTH,-4.441
2/5/2022 3:00,2/4/2022 22:00,SOUTH,-4.452
2/5/2022 4:00,2/4/2022 23:00,SOUTH,-4.329
2/5/2022 5:00,2/5/2022 0:00,SOUTH,-4.258
2/5/2022 6:00,2/5/2022 1:00,SOUTH,-4.283
2/5/2022 7:00,2/5/2022 2:00,SOUTH,-4.285
2/5/2022 8:00,2/5/2022 3:00,SOUTH,-4.302
2/5/2022 9:00,2/5/2022 4:00,SOUTH,-4.491
2/5/2022 10:00,2/5/2022 5:00,SOUTH,-4.346
2/5/2022 11:00,2/5/2022 6:00,SOUTH,-3.222
2/5/2022 12:00,2/5/2022 7:00,SOUTH,108.862
2/5/2022 13:00,2/5/2022 8:00,SOUTH,1288.495
2/5/2022 14:00,2/5/2022 9:00,SOUTH,2265.568
2/5/2022 15:00,2/5/2022 10:00,SOUTH,2069.742
2/5/2022 16:00,2/5/2022 11:00,SOUTH,2008.873
2/5/2022 17:00,2/5/2022 12:00,SOUTH,2147.409
2/5/2022 18:00,2/5/2022 13:00,SOUTH,2309.617
2/5/2022 19:00,2/5/2022 14:00,SOUTH,2443.524
2/5/2022 20:00,2/5/2022 15:00,SOUTH,2336.964
2/5/2022 21:00,2/5/2022 16:00,SOUTH,1162.048
2/5/2022 22:00,2/5/2022 17:00,SOUTH,76.745
2/5/2022 23:00,2/5/2022 18:00,SOUTH,-4.669
2/6/2022 0:00,2/5/2022 19:00,SOUTH,-4.638
2/6/2022 1:00,2/5/2022 20:00,SOUTH,-4.464
2/6/2022 2:00,2/5/2022 21:00,SOUTH,-4.52
2/6/2022 3:00,2/5/2022 22:00,SOUTH,-4.58
2/6/2022 4:00,2/5/2022 23:00,SOUTH,-4.512
2/6/2022 5:00,2/6/2022 0:00,SOUTH,-4.552
2/6/2022 6:00,2/6/2022 1:00,SOUTH,-4.504
2/6/2022 7:00,2/6/2022 2:00,SOUTH,-4.477
2/6/2022 8:00,2/6/2022 3:00,SOUTH,-4.648
2/6/2022 9:00,2/6/2022 4:00,SOUTH,-4.729
2/6/2022 10:00,2/6/2022 5:00,SOUTH,-4.686
2/6/2022 11:00,2/6/2022 6:00,SOUTH,-3.039
2/6/2022 12:00,2/6/2022 7:00,SOUTH,186.145
2/6/2022 13:00,2/6/2022 8:00,SOUTH,1306.733
2/6/2022 14:00,2/6/2022 9:00,SOUTH,2123.525
2/6/2022 15:00,2/6/2022 10:00,SOUTH,2118.474
2/6/2022 16:00,2/6/2022 11:00,SOUTH,2016.316
2/6/2022 17:00,2/6/2022 12:00,SOUTH,1863.187
2/6/2022 18:00,2/6/2022 13:00,SOUTH,1728.562
2/6/2022 19:00,2/6/2022 14:00,SOUTH,1571.055
2/6/2022 20:00,2/6/2022 15:00,SOUTH,1313.143
2/6/2022 21:00,2/6/2022 16:00,SOUTH,639.5
2/6/2022 22:00,2/6/2022 17:00,SOUTH,50.067
2/6/2022 23:00,2/6/2022 18:00,SOUTH,-4.53
2/7/2022 0:00,2/6/2022 19:00,SOUTH,-4.359
2/7/2022 1:00,2/6/2022 20:00,SOUTH,-4.591
2/7/2022 2:00,2/6/2022 21:00,SOUTH,-4.446
2/7/2022 3:00,2/6/2022 22:00,SOUTH,-4.385
2/7/2022 4:00,2/6/2022 23:00,SOUTH,-4.463
2/7/2022 5:00,2/7/2022 0:00,SOUTH,-4.336
2/7/2022 6:00,2/7/2022 1:00,SOUTH,-4.4
2/7/2022 7:00,2/7/2022 2:00,SOUTH,-4.297
2/7/2022 8:00,2/7/2022 3:00,SOUTH,-4.567
2/7/2022 9:00,2/7/2022 4:00,SOUTH,-4.451
2/7/2022 10:00,2/7/2022 5:00,SOUTH,-4.469
2/7/2022 11:00,2/7/2022 6:00,SOUTH,-3.912
2/7/2022 12:00,2/7/2022 7:00,SOUTH,65.298
2/7/2022 13:00,2/7/2022 8:00,SOUTH,425.651
2/7/2022 14:00,2/7/2022 9:00,SOUTH,663.291
2/7/2022 15:00,2/7/2022 10:00,SOUTH,612.191
2/7/2022 16:00,2/7/2022 11:00,SOUTH,562.292
2/7/2022 17:00,2/7/2022 12:00,SOUTH,418.037
2/7/2022 18:00,2/7/2022 13:00,SOUTH,283.435
2/7/2022 19:00,2/7/2022 14:00,SOUTH,198.216
2/7/2022 20:00,2/7/2022 15:00,SOUTH,128.907
2/7/2022 21:00,2/7/2022 16:00,SOUTH,60.398
2/7/2022 22:00,2/7/2022 17:00,SOUTH,1.232
2/7/2022 23:00,2/7/2022 18:00,SOUTH,-4.581
2/8/2022 0:00,2/7/2022 19:00,SOUTH,-4.609
2/8/2022 1:00,2/7/2022 20:00,SOUTH,-4.692
2/8/2022 2:00,2/7/2022 21:00,SOUTH,-4.505
2/8/2022 3:00,2/7/2022 22:00,SOUTH,-4.526
2/8/2022 4:00,2/7/2022 23:00,SOUTH,-4.503
2/8/2022 5:00,2/8/2022 0:00,SOUTH,-4.692
2/8/2022 6:00,2/8/2022 1:00,SOUTH,-4.373
2/8/2022 7:00,2/8/2022 2:00,SOUTH,-4.49
2/8/2022 8:00,2/8/2022 3:00,SOUTH,-4.616
2/8/2022 9:00,2/8/2022 4:00,SOUTH,-4.585
2/8/2022 10:00,2/8/2022 5:00,SOUTH,-4.544
2/8/2022 11:00,2/8/2022 6:00,SOUTH,-3.605
2/8/2022 12:00,2/8/2022 7:00,SOUTH,65.755
2/8/2022 13:00,2/8/2022 8:00,SOUTH,415.942
2/8/2022 14:00,2/8/2022 9:00,SOUTH,767.573
2/8/2022 15:00,2/8/2022 10:00,SOUTH,1164.555
2/8/2022 16:00,2/8/2022 11:00,SOUTH,1490.218
2/8/2022 17:00,2/8/2022 12:00,SOUTH,1657.567
2/8/2022 18:00,2/8/2022 13:00,SOUTH,1594.996
2/8/2022 19:00,2/8/2022 14:00,SOUTH,1307.643
2/8/2022 20:00,2/8/2022 15:00,SOUTH,1050.755
2/8/2022 21:00,2/8/2022 16:00,SOUTH,608.619
2/8/2022 22:00,2/8/2022 17:00,SOUTH,73.808
2/8/2022 23:00,2/8/2022 18:00,SOUTH,-4.735
2/9/2022 0:00,2/8/2022 19:00,SOUTH,-4.332
2/9/2022 1:00,2/8/2022 20:00,SOUTH,-4.62
2/9/2022 2:00,2/8/2022 21:00,SOUTH,-4.293
2/9/2022 3:00,2/8/2022 22:00,SOUTH,-4.499
2/9/2022 4:00,2/8/2022 23:00,SOUTH,-4.411
2/9/2022 5:00,2/9/2022 0:00,SOUTH,-4.504
2/9/2022 6:00,2/9/2022 1:00,SOUTH,-4.539
2/9/2022 7:00,2/9/2022 2:00,SOUTH,-4.285
2/9/2022 8:00,2/9/2022 3:00,SOUTH,-4.573
2/9/2022 9:00,2/9/2022 4:00,SOUTH,-4.462
2/9/2022 10:00,2/9/2022 5:00,SOUTH,-4.626
2/9/2022 11:00,2/9/2022 6:00,SOUTH,6.247
2/9/2022 12:00,2/9/2022 7:00,SOUTH,276.537
2/9/2022 13:00,2/9/2022 8:00,SOUTH,1613.784
2/9/2022 14:00,2/9/2022 9:00,SOUTH,2442.664
2/9/2022 15:00,2/9/2022 10:00,SOUTH,2420.226
2/9/2022 16:00,2/9/2022 11:00,SOUTH,2314.538
2/9/2022 17:00,2/9/2022 12:00,SOUTH,2260.838
2/9/2022 18:00,2/9/2022 13:00,SOUTH,2296.715
2/9/2022 19:00,2/9/2022 14:00,SOUTH,2365.444
2/9/2022 20:00,2/9/2022 15:00,SOUTH,2252.117
2/9/2022 21:00,2/9/2022 16:00,SOUTH,1168.91
2/9/2022 22:00,2/9/2022 17:00,SOUTH,103.271
2/9/2022 23:00,2/9/2022 18:00,SOUTH,-4.709
2/10/2022 0:00,2/9/2022 19:00,SOUTH,-4.325
2/10/2022 1:00,2/9/2022 20:00,SOUTH,-4.165
2/10/2022 2:00,2/9/2022 21:00,SOUTH,-4.446
2/10/2022 3:00,2/9/2022 22:00,SOUTH,-4.341
2/10/2022 4:00,2/9/2022 23:00,SOUTH,-4.298
2/10/2022 5:00,2/10/2022 0:00,SOUTH,-4.471
2/10/2022 6:00,2/10/2022 1:00,SOUTH,-4.175
2/10/2022 7:00,2/10/2022 2:00,SOUTH,-4.392
2/10/2022 8:00,2/10/2022 3:00,SOUTH,-4.443
2/10/2022 9:00,2/10/2022 4:00,SOUTH,-4.558
2/10/2022 10:00,2/10/2022 5:00,SOUTH,-4.423
2/10/2022 11:00,2/10/2022 6:00,SOUTH,-3.135
2/10/2022 12:00,2/10/2022 7:00,SOUTH,292.656
2/10/2022 13:00,2/10/2022 8:00,SOUTH,1640.706
2/10/2022 14:00,2/10/2022 9:00,SOUTH,2465.152
2/10/2022 15:00,2/10/2022 10:00,SOUTH,2465.669
2/10/2022 16:00,2/10/2022 11:00,SOUTH,2342.22
2/10/2022 17:00,2/10/2022 12:00,SOUTH,2260.635
2/10/2022 18:00,2/10/2022 13:00,SOUTH,2313.354
2/10/2022 19:00,2/10/2022 14:00,SOUTH,2413.667
2/10/2022 20:00,2/10/2022 15:00,SOUTH,2282.904
2/10/2022 21:00,2/10/2022 16:00,SOUTH,1196.527
2/10/2022 22:00,2/10/2022 17:00,SOUTH,101.973
2/10/2022 23:00,2/10/2022 18:00,SOUTH,-4.604
2/11/2022 0:00,2/10/2022 19:00,SOUTH,-4.365
2/11/2022 1:00,2/10/2022 20:00,SOUTH,-4.267
2/11/2022 2:00,2/10/2022 21:00,SOUTH,-4.24
2/11/2022 3:00,2/10/2022 22:00,SOUTH,-4.303
2/11/2022 4:00,2/10/2022 23:00,SOUTH,-4.312
2/11/2022 5:00,2/11/2022 0:00,SOUTH,-4.187
2/11/2022 6:00,2/11/2022 1:00,SOUTH,-4.301
2/11/2022 7:00,2/11/2022 2:00,SOUTH,-4.292
2/11/2022 8:00,2/11/2022 3:00,SOUTH,-4.382
2/11/2022 9:00,2/11/2022 4:00,SOUTH,-4.262
2/11/2022 10:00,2/11/2022 5:00,SOUTH,-4.33
2/11/2022 11:00,2/11/2022 6:00,SOUTH,-2.415
2/11/2022 12:00,2/11/2022 7:00,SOUTH,298.68
2/11/2022 13:00,2/11/2022 8:00,SOUTH,1673.356
2/11/2022 14:00,2/11/2022 9:00,SOUTH,2440.8
2/11/2022 15:00,2/11/2022 10:00,SOUTH,2437.15
2/11/2022 16:00,2/11/2022 11:00,SOUTH,2340.36
2/11/2022 17:00,2/11/2022 12:00,SOUTH,2265.219
2/11/2022 18:00,2/11/2022 13:00,SOUTH,2315.948
2/11/2022 19:00,2/11/2022 14:00,SOUTH,2365.421
2/11/2022 20:00,2/11/2022 15:00,SOUTH,2180.805
2/11/2022 21:00,2/11/2022 16:00,SOUTH,1188.53
2/11/2022 22:00,2/11/2022 17:00,SOUTH,108.803
2/11/2022 23:00,2/11/2022 18:00,SOUTH,-4.431
2/12/2022 0:00,2/11/2022 19:00,SOUTH,-4.224
2/12/2022 1:00,2/11/2022 20:00,SOUTH,-4.203
2/12/2022 2:00,2/11/2022 21:00,SOUTH,-4.258
2/12/2022 3:00,2/11/2022 22:00,SOUTH,-4.308
2/12/2022 4:00,2/11/2022 23:00,SOUTH,-4.097
2/12/2022 5:00,2/12/2022 0:00,SOUTH,-4.268
2/12/2022 6:00,2/12/2022 1:00,SOUTH,-4.166
2/12/2022 7:00,2/12/2022 2:00,SOUTH,-4.124
2/12/2022 8:00,2/12/2022 3:00,SOUTH,-4.218
2/12/2022 9:00,2/12/2022 4:00,SOUTH,-4.114
2/12/2022 10:00,2/12/2022 5:00,SOUTH,-4.254
2/12/2022 11:00,2/12/2022 6:00,SOUTH,2.187
2/12/2022 12:00,2/12/2022 7:00,SOUTH,279.745
2/12/2022 13:00,2/12/2022 8:00,SOUTH,1386.683
2/12/2022 14:00,2/12/2022 9:00,SOUTH,1982.356
2/12/2022 15:00,2/12/2022 10:00,SOUTH,2172.604
2/12/2022 16:00,2/12/2022 11:00,SOUTH,2106.469
2/12/2022 17:00,2/12/2022 12:00,SOUTH,2069.759
2/12/2022 18:00,2/12/2022 13:00,SOUTH,1954.391
2/12/2022 19:00,2/12/2022 14:00,SOUTH,1833.342
2/12/2022 20:00,2/12/2022 15:00,SOUTH,1429.084
2/12/2022 21:00,2/12/2022 16:00,SOUTH,682.292
2/12/2022 22:00,2/12/2022 17:00,SOUTH,83.238
2/12/2022 23:00,2/12/2022 18:00,SOUTH,-4.651
2/13/2022 0:00,2/12/2022 19:00,SOUTH,-4.275
2/13/2022 1:00,2/12/2022 20:00,SOUTH,-4.176
2/13/2022 2:00,2/12/2022 21:00,SOUTH,-4.285
2/13/2022 3:00,2/12/2022 22:00,SOUTH,-4.233
2/13/2022 4:00,2/12/2022 23:00,SOUTH,-4.18
2/13/2022 5:00,2/13/2022 0:00,SOUTH,-4.274
2/13/2022 6:00,2/13/2022 1:00,SOUTH,-4.311
2/13/2022 7:00,2/13/2022 2:00,SOUTH,-4.104
2/13/2022 8:00,2/13/2022 3:00,SOUTH,-4.416
2/13/2022 9:00,2/13/2022 4:00,SOUTH,-4.166
2/13/2022 10:00,2/13/2022 5:00,SOUTH,-4.067
2/13/2022 11:00,2/13/2022 6:00,SOUTH,-1.838
2/13/2022 12:00,2/13/2022 7:00,SOUTH,46.267
2/13/2022 13:00,2/13/2022 8:00,SOUTH,237.427
2/13/2022 14:00,2/13/2022 9:00,SOUTH,472.24
2/13/2022 15:00,2/13/2022 10:00,SOUTH,754.839
2/13/2022 16:00,2/13/2022 11:00,SOUTH,791.136
2/13/2022 17:00,2/13/2022 12:00,SOUTH,762.333
2/13/2022 18:00,2/13/2022 13:00,SOUTH,496.251
2/13/2022 19:00,2/13/2022 14:00,SOUTH,346.907
2/13/2022 20:00,2/13/2022 15:00,SOUTH,241.185
2/13/2022 21:00,2/13/2022 16:00,SOUTH,112.158
2/13/2022 22:00,2/13/2022 17:00,SOUTH,20.474
2/13/2022 23:00,2/13/2022 18:00,SOUTH,-4.828
2/14/2022 0:00,2/13/2022 19:00,SOUTH,-4.789
2/14/2022 1:00,2/13/2022 20:00,SOUTH,-4.781
2/14/2022 2:00,2/13/2022 21:00,SOUTH,-4.563
2/14/2022 3:00,2/13/2022 22:00,SOUTH,-4.523
2/14/2022 4:00,2/13/2022 23:00,SOUTH,-4.519
2/14/2022 5:00,2/14/2022 0:00,SOUTH,-4.422
2/14/2022 6:00,2/14/2022 1:00,SOUTH,-4.585
2/14/2022 7:00,2/14/2022 2:00,SOUTH,-4.481
2/14/2022 8:00,2/14/2022 3:00,SOUTH,-4.567
2/14/2022 9:00,2/14/2022 4:00,SOUTH,-4.617
2/14/2022 10:00,2/14/2022 5:00,SOUTH,-4.561
2/14/2022 11:00,2/14/2022 6:00,SOUTH,-3.283
2/14/2022 12:00,2/14/2022 7:00,SOUTH,256.241
2/14/2022 13:00,2/14/2022 8:00,SOUTH,1517.559
2/14/2022 14:00,2/14/2022 9:00,SOUTH,2225.414
2/14/2022 15:00,2/14/2022 10:00,SOUTH,2080.444
2/14/2022 16:00,2/14/2022 11:00,SOUTH,2045.547
2/14/2022 17:00,2/14/2022 12:00,SOUTH,2124.665
2/14/2022 18:00,2/14/2022 13:00,SOUTH,2166.62
2/14/2022 19:00,2/14/2022 14:00,SOUTH,2194.703
2/14/2022 20:00,2/14/2022 15:00,SOUTH,1651.829
2/14/2022 21:00,2/14/2022 16:00,SOUTH,860.918
2/14/2022 22:00,2/14/2022 17:00,SOUTH,106.3
2/14/2022 23:00,2/14/2022 18:00,SOUTH,-4.84
2/15/2022 0:00,2/14/2022 19:00,SOUTH,-4.603
2/15/2022 1:00,2/14/2022 20:00,SOUTH,-4.439
2/15/2022 2:00,2/14/2022 21:00,SOUTH,-4.599
2/15/2022 3:00,2/14/2022 22:00,SOUTH,-4.466
2/15/2022 4:00,2/14/2022 23:00,SOUTH,-4.597
2/15/2022 5:00,2/15/2022 0:00,SOUTH,-4.587
2/15/2022 6:00,2/15/2022 1:00,SOUTH,-4.228
2/15/2022 7:00,2/15/2022 2:00,SOUTH,-4.381
2/15/2022 8:00,2/15/2022 3:00,SOUTH,-4.195
2/15/2022 9:00,2/15/2022 4:00,SOUTH,-4.559
2/15/2022 10:00,2/15/2022 5:00,SOUTH,-4.639
2/15/2022 11:00,2/15/2022 6:00,SOUTH,-3.38
2/15/2022 12:00,2/15/2022 7:00,SOUTH,365.034
2/15/2022 13:00,2/15/2022 8:00,SOUTH,1836.395
2/15/2022 14:00,2/15/2022 9:00,SOUTH,2578.77
2/15/2022 15:00,2/15/2022 10:00,SOUTH,2571.325
2/15/2022 16:00,2/15/2022 11:00,SOUTH,2479.869
2/15/2022 17:00,2/15/2022 12:00,SOUTH,2425.74
2/15/2022 18:00,2/15/2022 13:00,SOUTH,2459.412
2/15/2022 19:00,2/15/2022 14:00,SOUTH,2500.596
2/15/2022 20:00,2/15/2022 15:00,SOUTH,2375.714
2/15/2022 21:00,2/15/2022 16:00,SOUTH,1379.283
2/15/2022 22:00,2/15/2022 17:00,SOUTH,160.151
2/15/2022 23:00,2/15/2022 18:00,SOUTH,-4.373
2/16/2022 0:00,2/15/2022 19:00,SOUTH,-4.463
2/16/2022 1:00,2/15/2022 20:00,SOUTH,-4.412
2/16/2022 2:00,2/15/2022 21:00,SOUTH,-4.534
2/16/2022 3:00,2/15/2022 22:00,SOUTH,-4.567
2/16/2022 4:00,2/15/2022 23:00,SOUTH,-4.47
2/16/2022 5:00,2/16/2022 0:00,SOUTH,-4.388
2/16/2022 6:00,2/16/2022 1:00,SOUTH,-4.433
2/16/2022 7:00,2/16/2022 2:00,SOUTH,-4.361
2/16/2022 8:00,2/16/2022 3:00,SOUTH,-4.599
2/16/2022 9:00,2/16/2022 4:00,SOUTH,-4.41
2/16/2022 10:00,2/16/2022 5:00,SOUTH,-4.492
2/16/2022 11:00,2/16/2022 6:00,SOUTH,-0.855
2/16/2022 12:00,2/16/2022 7:00,SOUTH,362.38
2/16/2022 13:00,2/16/2022 8:00,SOUTH,1546.94
2/16/2022 14:00,2/16/2022 9:00,SOUTH,2407.304
2/16/2022 15:00,2/16/2022 10:00,SOUTH,2467.555
2/16/2022 16:00,2/16/2022 11:00,SOUTH,2351.171
2/16/2022 17:00,2/16/2022 12:00,SOUTH,2258.585
2/16/2022 18:00,2/16/2022 13:00,SOUTH,2271.49
2/16/2022 19:00,2/16/2022 14:00,SOUTH,2314.834
2/16/2022 20:00,2/16/2022 15:00,SOUTH,2148.252
2/16/2022 21:00,2/16/2022 16:00,SOUTH,1085.853
2/16/2022 22:00,2/16/2022 17:00,SOUTH,94.255
2/16/2022 23:00,2/16/2022 18:00,SOUTH,-4.02
2/17/2022 0:00,2/16/2022 19:00,SOUTH,-4.216
2/17/2022 1:00,2/16/2022 20:00,SOUTH,-4.26
2/17/2022 2:00,2/16/2022 21:00,SOUTH,-4.157
2/17/2022 3:00,2/16/2022 22:00,SOUTH,-4.164
2/17/2022 4:00,2/16/2022 23:00,SOUTH,-4.16
2/17/2022 5:00,2/17/2022 0:00,SOUTH,-4.084
2/17/2022 6:00,2/17/2022 1:00,SOUTH,-4.176
2/17/2022 7:00,2/17/2022 2:00,SOUTH,-4.136
2/17/2022 8:00,2/17/2022 3:00,SOUTH,-4.131
2/17/2022 9:00,2/17/2022 4:00,SOUTH,-4.147
2/17/2022 10:00,2/17/2022 5:00,SOUTH,-4.063
2/17/2022 11:00,2/17/2022 6:00,SOUTH,-1.827
2/17/2022 12:00,2/17/2022 7:00,SOUTH,184.285
2/17/2022 13:00,2/17/2022 8:00,SOUTH,747.496
2/17/2022 14:00,2/17/2022 9:00,SOUTH,1385.842
2/17/2022 15:00,2/17/2022 10:00,SOUTH,1678.333
2/17/2022 16:00,2/17/2022 11:00,SOUTH,1869.166
2/17/2022 17:00,2/17/2022 12:00,SOUTH,1779.445
2/17/2022 18:00,2/17/2022 13:00,SOUTH,1805.61
2/17/2022 19:00,2/17/2022 14:00,SOUTH,1557.28
2/17/2022 20:00,2/17/2022 15:00,SOUTH,1144.185
2/17/2022 21:00,2/17/2022 16:00,SOUTH,656.181
2/17/2022 22:00,2/17/2022 17:00,SOUTH,102.158
2/17/2022 23:00,2/17/2022 18:00,SOUTH,-4.332
2/18/2022 0:00,2/17/2022 19:00,SOUTH,-4.163
2/18/2022 1:00,2/17/2022 20:00,SOUTH,-4.098
2/18/2022 2:00,2/17/2022 21:00,SOUTH,-4.024
2/18/2022 3:00,2/17/2022 22:00,SOUTH,-4.061
2/18/2022 4:00,2/17/2022 23:00,SOUTH,-4.144
2/18/2022 5:00,2/18/2022 0:00,SOUTH,-4.061
2/18/2022 6:00,2/18/2022 1:00,SOUTH,-4.23
2/18/2022 7:00,2/18/2022 2:00,SOUTH,-4.128
2/18/2022 8:00,2/18/2022 3:00,SOUTH,-3.996
2/18/2022 9:00,2/18/2022 4:00,SOUTH,-4.092
2/18/2022 10:00,2/18/2022 5:00,SOUTH,-3.984
2/18/2022 11:00,2/18/2022 6:00,SOUTH,-3.523
2/18/2022 12:00,2/18/2022 7:00,SOUTH,69.283
2/18/2022 13:00,2/18/2022 8:00,SOUTH,353.228
2/18/2022 14:00,2/18/2022 9:00,SOUTH,803.045
2/18/2022 15:00,2/18/2022 10:00,SOUTH,1292.369
2/18/2022 16:00,2/18/2022 11:00,SOUTH,1454.301
2/18/2022 17:00,2/18/2022 12:00,SOUTH,1600.69
2/18/2022 18:00,2/18/2022 13:00,SOUTH,1410.082
2/18/2022 19:00,2/18/2022 14:00,SOUTH,1490.271
2/18/2022 20:00,2/18/2022 15:00,SOUTH,1507.101
2/18/2022 21:00,2/18/2022 16:00,SOUTH,1033.467
2/18/2022 22:00,2/18/2022 17:00,SOUTH,170.052
2/18/2022 23:00,2/18/2022 18:00,SOUTH,-4.534
2/19/2022 0:00,2/18/2022 19:00,SOUTH,-4.169
2/19/2022 1:00,2/18/2022 20:00,SOUTH,-4.268
2/19/2022 2:00,2/18/2022 21:00,SOUTH,-4.152
2/19/2022 3:00,2/18/2022 22:00,SOUTH,-4.251
2/19/2022 4:00,2/18/2022 23:00,SOUTH,-4.224
2/19/2022 5:00,2/19/2022 0:00,SOUTH,-4.087
2/19/2022 6:00,2/19/2022 1:00,SOUTH,-4.223
2/19/2022 7:00,2/19/2022 2:00,SOUTH,-4.167
2/19/2022 8:00,2/19/2022 3:00,SOUTH,-4.402
2/19/2022 9:00,2/19/2022 4:00,SOUTH,-4.263
2/19/2022 10:00,2/19/2022 5:00,SOUTH,-4.428
2/19/2022 11:00,2/19/2022 6:00,SOUTH,-0.173
2/19/2022 12:00,2/19/2022 7:00,SOUTH,505.679
2/19/2022 13:00,2/19/2022 8:00,SOUTH,2046.297
2/19/2022 14:00,2/19/2022 9:00,SOUTH,2745.333
2/19/2022 15:00,2/19/2022 10:00,SOUTH,2755.863
2/19/2022 16:00,2/19/2022 11:00,SOUTH,2536.774
2/19/2022 17:00,2/19/2022 12:00,SOUTH,2592.263
2/19/2022 18:00,2/19/2022 13:00,SOUTH,2597.804
2/19/2022 19:00,2/19/2022 14:00,SOUTH,2654.516
2/19/2022 20:00,2/19/2022 15:00,SOUTH,2613.28
2/19/2022 21:00,2/19/2022 16:00,SOUTH,1627.99
2/19/2022 22:00,2/19/2022 17:00,SOUTH,228.167
2/19/2022 23:00,2/19/2022 18:00,SOUTH,-4.621
2/20/2022 0:00,2/19/2022 19:00,SOUTH,-4.217
2/20/2022 1:00,2/19/2022 20:00,SOUTH,-4.263
2/20/2022 2:00,2/19/2022 21:00,SOUTH,-4.147
2/20/2022 3:00,2/19/2022 22:00,SOUTH,-4.131
2/20/2022 4:00,2/19/2022 23:00,SOUTH,-4.143
2/20/2022 5:00,2/20/2022 0:00,SOUTH,-4.228
2/20/2022 6:00,2/20/2022 1:00,SOUTH,-4.27
2/20/2022 7:00,2/20/2022 2:00,SOUTH,-4.049
2/20/2022 8:00,2/20/2022 3:00,SOUTH,-4.251
2/20/2022 9:00,2/20/2022 4:00,SOUTH,-4.365
2/20/2022 10:00,2/20/2022 5:00,SOUTH,-4.374
2/20/2022 11:00,2/20/2022 6:00,SOUTH,-1.631
2/20/2022 12:00,2/20/2022 7:00,SOUTH,503.558
2/20/2022 13:00,2/20/2022 8:00,SOUTH,2064.292
2/20/2022 14:00,2/20/2022 9:00,SOUTH,2735.95
2/20/2022 15:00,2/20/2022 10:00,SOUTH,2710.854
2/20/2022 16:00,2/20/2022 11:00,SOUTH,2636.062
2/20/2022 17:00,2/20/2022 12:00,SOUTH,2591.73
2/20/2022 18:00,2/20/2022 13:00,SOUTH,2629.576
2/20/2022 19:00,2/20/2022 14:00,SOUTH,2716.168
2/20/2022 20:00,2/20/2022 15:00,SOUTH,2657.905
2/20/2022 21:00,2/20/2022 16:00,SOUTH,1710.145
2/20/2022 22:00,2/20/2022 17:00,SOUTH,252.57
2/20/2022 23:00,2/20/2022 18:00,SOUTH,-4.788
2/21/2022 0:00,2/20/2022 19:00,SOUTH,-4.199
2/21/2022 1:00,2/20/2022 20:00,SOUTH,-4.211
2/21/2022 2:00,2/20/2022 21:00,SOUTH,-4.229
2/21/2022 3:00,2/20/2022 22:00,SOUTH,-4.158
2/21/2022 4:00,2/20/2022 23:00,SOUTH,-4.179
2/21/2022 5:00,2/21/2022 0:00,SOUTH,-4.31
2/21/2022 6:00,2/21/2022 1:00,SOUTH,-4.117
2/21/2022 7:00,2/21/2022 2:00,SOUTH,-4.223
2/21/2022 8:00,2/21/2022 3:00,SOUTH,-4.306
2/21/2022 9:00,2/21/2022 4:00,SOUTH,-4.316
2/21/2022 10:00,2/21/2022 5:00,SOUTH,-4.233
2/21/2022 11:00,2/21/2022 6:00,SOUTH,-1.296
2/21/2022 12:00,2/21/2022 7:00,SOUTH,435.796
2/21/2022 13:00,2/21/2022 8:00,SOUTH,1850.764
2/21/2022 14:00,2/21/2022 9:00,SOUTH,2471.043
2/21/2022 15:00,2/21/2022 10:00,SOUTH,2438.194
2/21/2022 16:00,2/21/2022 11:00,SOUTH,2295.22
2/21/2022 17:00,2/21/2022 12:00,SOUTH,2213.342
2/21/2022 18:00,2/21/2022 13:00,SOUTH,2180.284
2/21/2022 19:00,2/21/2022 14:00,SOUTH,2174.366
2/21/2022 20:00,2/21/2022 15:00,SOUTH,1854.081
2/21/2022 21:00,2/21/2022 16:00,SOUTH,876.382
2/21/2022 22:00,2/21/2022 17:00,SOUTH,109.132
2/21/2022 23:00,2/21/2022 18:00,SOUTH,-4.479
2/22/2022 0:00,2/21/2022 19:00,SOUTH,-4.023
2/22/2022 1:00,2/21/2022 20:00,SOUTH,-4.173
2/22/2022 2:00,2/21/2022 21:00,SOUTH,-4.087
2/22/2022 3:00,2/21/2022 22:00,SOUTH,-4.114
2/22/2022 4:00,2/21/2022 23:00,SOUTH,-4.049
2/22/2022 5:00,2/22/2022 0:00,SOUTH,-3.916
2/22/2022 6:00,2/22/2022 1:00,SOUTH,-3.923
2/22/2022 7:00,2/22/2022 2:00,SOUTH,-5.108
2/22/2022 8:00,2/22/2022 3:00,SOUTH,-3.861
2/22/2022 9:00,2/22/2022 4:00,SOUTH,-3.878
2/22/2022 10:00,2/22/2022 5:00,SOUTH,-3.903
2/22/2022 11:00,2/22/2022 6:00,SOUTH,-3.063
2/22/2022 12:00,2/22/2022 7:00,SOUTH,92.72
2/22/2022 13:00,2/22/2022 8:00,SOUTH,297.413
2/22/2022 14:00,2/22/2022 9:00,SOUTH,476.893
2/22/2022 15:00,2/22/2022 10:00,SOUTH,659.295
2/22/2022 16:00,2/22/2022 11:00,SOUTH,765.159
2/22/2022 17:00,2/22/2022 12:00,SOUTH,1017.391
2/22/2022 18:00,2/22/2022 13:00,SOUTH,912.251
2/22/2022 19:00,2/22/2022 14:00,SOUTH,620.116
2/22/2022 20:00,2/22/2022 15:00,SOUTH,450.313
2/22/2022 21:00,2/22/2022 16:00,SOUTH,352.007
2/22/2022 22:00,2/22/2022 17:00,SOUTH,91.278
2/22/2022 23:00,2/22/2022 18:00,SOUTH,-4.046
2/23/2022 0:00,2/22/2022 19:00,SOUTH,-3.933
2/23/2022 1:00,2/22/2022 20:00,SOUTH,-3.883
2/23/2022 2:00,2/22/2022 21:00,SOUTH,-4.841
2/23/2022 3:00,2/22/2022 22:00,SOUTH,-3.928
2/23/2022 4:00,2/22/2022 23:00,SOUTH,-3.833
2/23/2022 5:00,2/23/2022 0:00,SOUTH,-3.975
2/23/2022 6:00,2/23/2022 1:00,SOUTH,-4.117
2/23/2022 7:00,2/23/2022 2:00,SOUTH,-4.051
2/23/2022 8:00,2/23/2022 3:00,SOUTH,-4.171
2/23/2022 9:00,2/23/2022 4:00,SOUTH,-4.144
2/23/2022 10:00,2/23/2022 5:00,SOUTH,-4.08
2/23/2022 11:00,2/23/2022 6:00,SOUTH,-3.508
2/23/2022 12:00,2/23/2022 7:00,SOUTH,30.197
2/23/2022 13:00,2/23/2022 8:00,SOUTH,133.199
2/23/2022 14:00,2/23/2022 9:00,SOUTH,205.632
2/23/2022 15:00,2/23/2022 10:00,SOUTH,638.574
2/23/2022 16:00,2/23/2022 11:00,SOUTH,1166.168
2/23/2022 17:00,2/23/2022 12:00,SOUTH,1316.771
2/23/2022 18:00,2/23/2022 13:00,SOUTH,1438.497
2/23/2022 19:00,2/23/2022 14:00,SOUTH,1521.253
2/23/2022 20:00,2/23/2022 15:00,SOUTH,1630.573
2/23/2022 21:00,2/23/2022 16:00,SOUTH,1196.508
2/23/2022 22:00,2/23/2022 17:00,SOUTH,231.919
2/23/2022 23:00,2/23/2022 18:00,SOUTH,-4.103
2/24/2022 0:00,2/23/2022 19:00,SOUTH,-4.149
2/24/2022 1:00,2/23/2022 20:00,SOUTH,-4.158
2/24/2022 2:00,2/23/2022 21:00,SOUTH,-4.091
2/24/2022 3:00,2/23/2022 22:00,SOUTH,-4.101
2/24/2022 4:00,2/23/2022 23:00,SOUTH,-4.072
2/24/2022 5:00,2/24/2022 0:00,SOUTH,-4.106
2/24/2022 6:00,2/24/2022 1:00,SOUTH,-4.133
2/24/2022 7:00,2/24/2022 2:00,SOUTH,-4.081
2/24/2022 8:00,2/24/2022 3:00,SOUTH,-4.101
2/24/2022 9:00,2/24/2022 4:00,SOUTH,-3.952
2/24/2022 10:00,2/24/2022 5:00,SOUTH,-4.185
2/24/2022 11:00,2/24/2022 6:00,SOUTH,-1.984
2/24/2022 12:00,2/24/2022 7:00,SOUTH,62.095
2/24/2022 13:00,2/24/2022 8:00,SOUTH,138.256
2/24/2022 14:00,2/24/2022 9:00,SOUTH,208.093
2/24/2022 15:00,2/24/2022 10:00,SOUTH,354.234
2/24/2022 16:00,2/24/2022 11:00,SOUTH,428.929
2/24/2022 17:00,2/24/2022 12:00,SOUTH,385.073
2/24/2022 18:00,2/24/2022 13:00,SOUTH,301.717
2/24/2022 19:00,2/24/2022 14:00,SOUTH,229.494
2/24/2022 20:00,2/24/2022 15:00,SOUTH,142.347
2/24/2022 21:00,2/24/2022 16:00,SOUTH,88.236
2/24/2022 22:00,2/24/2022 17:00,SOUTH,19.5
2/24/2022 23:00,2/24/2022 18:00,SOUTH,-5.439
2/25/2022 0:00,2/24/2022 19:00,SOUTH,-4.489
2/25/2022 1:00,2/24/2022 20:00,SOUTH,-4.287
2/25/2022 2:00,2/24/2022 21:00,SOUTH,-4.353
2/25/2022 3:00,2/24/2022 22:00,SOUTH,-4.35
2/25/2022 4:00,2/24/2022 23:00,SOUTH,-4.414
2/25/2022 5:00,2/25/2022 0:00,SOUTH,-4.292
2/25/2022 6:00,2/25/2022 1:00,SOUTH,-4.498
2/25/2022 7:00,2/25/2022 2:00,SOUTH,-4.199
2/25/2022 8:00,2/25/2022 3:00,SOUTH,-4.356
2/25/2022 9:00,2/25/2022 4:00,SOUTH,-4.392
2/25/2022 10:00,2/25/2022 5:00,SOUTH,-4.461
2/25/2022 11:00,2/25/2022 6:00,SOUTH,-3.055
2/25/2022 12:00,2/25/2022 7:00,SOUTH,60.617
2/25/2022 13:00,2/25/2022 8:00,SOUTH,212.455
2/25/2022 14:00,2/25/2022 9:00,SOUTH,371.594
2/25/2022 15:00,2/25/2022 10:00,SOUTH,758.112
2/25/2022 16:00,2/25/2022 11:00,SOUTH,1253.292
2/25/2022 17:00,2/25/2022 12:00,SOUTH,1470.136
2/25/2022 18:00,2/25/2022 13:00,SOUTH,1836.769
2/25/2022 19:00,2/25/2022 14:00,SOUTH,2085.095
2/25/2022 20:00,2/25/2022 15:00,SOUTH,1880.646
2/25/2022 21:00,2/25/2022 16:00,SOUTH,1266.39
2/25/2022 22:00,2/25/2022 17:00,SOUTH,254.666
2/25/2022 23:00,2/25/2022 18:00,SOUTH,-4.368
2/26/2022 0:00,2/25/2022 19:00,SOUTH,-4.154
2/26/2022 1:00,2/25/2022 20:00,SOUTH,-4.093
2/26/2022 2:00,2/25/2022 21:00,SOUTH,-4.193
2/26/2022 3:00,2/25/2022 22:00,SOUTH,-4.157
2/26/2022 4:00,2/25/2022 23:00,SOUTH,-4.06
2/26/2022 5:00,2/26/2022 0:00,SOUTH,-4.165
2/26/2022 6:00,2/26/2022 1:00,SOUTH,-4.129
2/26/2022 7:00,2/26/2022 2:00,SOUTH,-4.128
2/26/2022 8:00,2/26/2022 3:00,SOUTH,-4.26
2/26/2022 9:00,2/26/2022 4:00,SOUTH,-4.117
2/26/2022 10:00,2/26/2022 5:00,SOUTH,-4.248
2/26/2022 11:00,2/26/2022 6:00,SOUTH,-0.53
2/26/2022 12:00,2/26/2022 7:00,SOUTH,157.68
2/26/2022 13:00,2/26/2022 8:00,SOUTH,433.514
2/26/2022 14:00,2/26/2022 9:00,SOUTH,791.088
2/26/2022 15:00,2/26/2022 10:00,SOUTH,1073.842
2/26/2022 16:00,2/26/2022 11:00,SOUTH,1252.758
2/26/2022 17:00,2/26/2022 12:00,SOUTH,1482.595
2/26/2022 18:00,2/26/2022 13:00,SOUTH,1339.242
2/26/2022 19:00,2/26/2022 14:00,SOUTH,1155.879
2/26/2022 20:00,2/26/2022 15:00,SOUTH,803.748
2/26/2022 21:00,2/26/2022 16:00,SOUTH,324.898
2/26/2022 22:00,2/26/2022 17:00,SOUTH,56.337
2/26/2022 23:00,2/26/2022 18:00,SOUTH,-4.544
2/27/2022 0:00,2/26/2022 19:00,SOUTH,-4.321
2/27/2022 1:00,2/26/2022 20:00,SOUTH,-4.295
2/27/2022 2:00,2/26/2022 21:00,SOUTH,-4.179
2/27/2022 3:00,2/26/2022 22:00,SOUTH,-4.157
2/27/2022 4:00,2/26/2022 23:00,SOUTH,-4.28
2/27/2022 5:00,2/27/2022 0:00,SOUTH,-4.177
2/27/2022 6:00,2/27/2022 1:00,SOUTH,-4.3
2/27/2022 7:00,2/27/2022 2:00,SOUTH,-4.199
2/27/2022 8:00,2/27/2022 3:00,SOUTH,-4.343
2/27/2022 9:00,2/27/2022 4:00,SOUTH,-4.22
2/27/2022 10:00,2/27/2022 5:00,SOUTH,-4.264
2/27/2022 11:00,2/27/2022 6:00,SOUTH,-3.042
2/27/2022 12:00,2/27/2022 7:00,SOUTH,58.412
2/27/2022 13:00,2/27/2022 8:00,SOUTH,196.754
2/27/2022 14:00,2/27/2022 9:00,SOUTH,447.207
2/27/2022 15:00,2/27/2022 10:00,SOUTH,670.72
2/27/2022 16:00,2/27/2022 11:00,SOUTH,854.924
2/27/2022 17:00,2/27/2022 12:00,SOUTH,974.003
2/27/2022 18:00,2/27/2022 13:00,SOUTH,981.825
2/27/2022 19:00,2/27/2022 14:00,SOUTH,947.602
2/27/2022 20:00,2/27/2022 15:00,SOUTH,985.339
2/27/2022 21:00,2/27/2022 16:00,SOUTH,695.249
2/27/2022 22:00,2/27/2022 17:00,SOUTH,145.098
2/27/2022 23:00,2/27/2022 18:00,SOUTH,-4.348
2/28/2022 0:00,2/27/2022 19:00,SOUTH,-4.151
2/28/2022 1:00,2/27/2022 20:00,SOUTH,-4.333
2/28/2022 2:00,2/27/2022 21:00,SOUTH,-4.271
2/28/2022 3:00,2/27/2022 22:00,SOUTH,-4.332
2/28/2022 4:00,2/27/2022 23:00,SOUTH,-4.293
2/28/2022 5:00,2/28/2022 0:00,SOUTH,-4.219
2/28/2022 6:00,2/28/2022 1:00,SOUTH,-4.318
2/28/2022 7:00,2/28/2022 2:00,SOUTH,-4.273
2/28/2022 8:00,2/28/2022 3:00,SOUTH,-4.401
2/28/2022 9:00,2/28/2022 4:00,SOUTH,-4.21
2/28/2022 10:00,2/28/2022 5:00,SOUTH,-4.44
2/28/2022 11:00,2/28/2022 6:00,SOUTH,10.285
2/28/2022 12:00,2/28/2022 7:00,SOUTH,734.776
2/28/2022 13:00,2/28/2022 8:00,SOUTH,2266.232
2/28/2022 14:00,2/28/2022 9:00,SOUTH,2784.628
2/28/2022 15:00,2/28/2022 10:00,SOUTH,2739.761
2/28/2022 16:00,2/28/2022 11:00,SOUTH,2649.244
2/28/2022 17:00,2/28/2022 12:00,SOUTH,2575.12
2/28/2022 18:00,2/28/2022 13:00,SOUTH,2593.689
2/28/2022 19:00,2/28/2022 14:00,SOUTH,2697.902
2/28/2022 20:00,2/28/2022 15:00,SOUTH,2669.17
2/28/2022 21:00,2/28/2022 16:00,SOUTH,1820.606
2/28/2022 22:00,2/28/2022 17:00,SOUTH,351.092
2/28/2022 23:00,2/28/2022 18:00,SOUTH,-3.878
3/1/2022 0:00,2/28/2022 19:00,SOUTH,-4.255
3/1/2022 1:00,2/28/2022 20:00,SOUTH,-4.315
3/1/2022 2:00,2/28/2022 21:00,SOUTH,-4.42
3/1/2022 3:00,2/28/2022 22:00,SOUTH,-4.391
3/1/2022 4:00,2/28/2022 23:00,SOUTH,-4.177
3/1/2022 5:00,3/1/2022 0:00,SOUTH,-4.374
3/1/2022 6:00,3/1/2022 1:00,SOUTH,-4.332
3/1/2022 7:00,3/1/2022 2:00,SOUTH,-4.172
3/1/2022 8:00,3/1/2022 3:00,SOUTH,-4.34
3/1/2022 9:00,3/1/2022 4:00,SOUTH,-4.497
3/1/2022 10:00,3/1/2022 5:00,SOUTH,-4.264
3/1/2022 11:00,3/1/2022 6:00,SOUTH,10.525
3/1/2022 12:00,3/1/2022 7:00,SOUTH,538.928
3/1/2022 13:00,3/1/2022 8:00,SOUTH,1697.002
3/1/2022 14:00,3/1/2022 9:00,SOUTH,2157.964
3/1/2022 15:00,3/1/2022 10:00,SOUTH,2162.361
3/1/2022 16:00,3/1/2022 11:00,SOUTH,2167.343
3/1/2022 17:00,3/1/2022 12:00,SOUTH,2233.566
3/1/2022 18:00,3/1/2022 13:00,SOUTH,2219.449
3/1/2022 19:00,3/1/2022 14:00,SOUTH,2426.82
3/1/2022 20:00,3/1/2022 15:00,SOUTH,2383.397
3/1/2022 21:00,3/1/2022 16:00,SOUTH,1607.823
3/1/2022 22:00,3/1/2022 17:00,SOUTH,362.167
3/1/2022 23:00,3/1/2022 18:00,SOUTH,-3.638
3/2/2022 0:00,3/1/2022 19:00,SOUTH,-3.962
3/2/2022 1:00,3/1/2022 20:00,SOUTH,-4.119
3/2/2022 2:00,3/1/2022 21:00,SOUTH,-4.108
3/2/2022 3:00,3/1/2022 22:00,SOUTH,-3.968
3/2/2022 4:00,3/1/2022 23:00,SOUTH,-4.074
3/2/2022 5:00,3/2/2022 0:00,SOUTH,-4.004
3/2/2022 6:00,3/2/2022 1:00,SOUTH,-3.968
3/2/2022 7:00,3/2/2022 2:00,SOUTH,-3.994
3/2/2022 8:00,3/2/2022 3:00,SOUTH,-4.067
3/2/2022 9:00,3/2/2022 4:00,SOUTH,-3.854
3/2/2022 10:00,3/2/2022 5:00,SOUTH,-4.136
3/2/2022 11:00,3/2/2022 6:00,SOUTH,12.666
3/2/2022 12:00,3/2/2022 7:00,SOUTH,752.544
3/2/2022 13:00,3/2/2022 8:00,SOUTH,2172.825
3/2/2022 14:00,3/2/2022 9:00,SOUTH,2611.389
3/2/2022 15:00,3/2/2022 10:00,SOUTH,2604.107
3/2/2022 16:00,3/2/2022 11:00,SOUTH,2341.532
3/2/2022 17:00,3/2/2022 12:00,SOUTH,2430.355
3/2/2022 18:00,3/2/2022 13:00,SOUTH,2534.784
3/2/2022 19:00,3/2/2022 14:00,SOUTH,2521.164
3/2/2022 20:00,3/2/2022 15:00,SOUTH,2501.124
3/2/2022 21:00,3/2/2022 16:00,SOUTH,1681.049
3/2/2022 22:00,3/2/2022 17:00,SOUTH,300.65
3/2/2022 23:00,3/2/2022 18:00,SOUTH,-3.587
3/3/2022 0:00,3/2/2022 19:00,SOUTH,-4.06
3/3/2022 1:00,3/2/2022 20:00,SOUTH,-4.005
3/3/2022 2:00,3/2/2022 21:00,SOUTH,-4.109
3/3/2022 3:00,3/2/2022 22:00,SOUTH,-3.993
3/3/2022 4:00,3/2/2022 23:00,SOUTH,-4.1
3/3/2022 5:00,3/3/2022 0:00,SOUTH,-4.019
3/3/2022 6:00,3/3/2022 1:00,SOUTH,-3.915
3/3/2022 7:00,3/3/2022 2:00,SOUTH,-4.036
3/3/2022 8:00,3/3/2022 3:00,SOUTH,-3.978
3/3/2022 9:00,3/3/2022 4:00,SOUTH,-3.895
3/3/2022 10:00,3/3/2022 5:00,SOUTH,-3.833
3/3/2022 11:00,3/3/2022 6:00,SOUTH,10.825
3/3/2022 12:00,3/3/2022 7:00,SOUTH,599.927
3/3/2022 13:00,3/3/2022 8:00,SOUTH,1653.055
3/3/2022 14:00,3/3/2022 9:00,SOUTH,1719.522
3/3/2022 15:00,3/3/2022 10:00,SOUTH,1844.284
3/3/2022 16:00,3/3/2022 11:00,SOUTH,2025.202
3/3/2022 17:00,3/3/2022 12:00,SOUTH,1992.768
3/3/2022 18:00,3/3/2022 13:00,SOUTH,1883.581
3/3/2022 19:00,3/3/2022 14:00,SOUTH,2088.576
3/3/2022 20:00,3/3/2022 15:00,SOUTH,1787.147
3/3/2022 21:00,3/3/2022 16:00,SOUTH,1089.107
3/3/2022 22:00,3/3/2022 17:00,SOUTH,197.987
3/3/2022 23:00,3/3/2022 18:00,SOUTH,8.449
3/4/2022 0:00,3/3/2022 19:00,SOUTH,-3.842
3/4/2022 1:00,3/3/2022 20:00,SOUTH,-3.857
3/4/2022 2:00,3/3/2022 21:00,SOUTH,-3.907
3/4/2022 3:00,3/3/2022 22:00,SOUTH,-3.904
3/4/2022 4:00,3/3/2022 23:00,SOUTH,-3.677
3/4/2022 5:00,3/4/2022 0:00,SOUTH,-3.786
3/4/2022 6:00,3/4/2022 1:00,SOUTH,-3.86
3/4/2022 7:00,3/4/2022 2:00,SOUTH,-3.738
3/4/2022 8:00,3/4/2022 3:00,SOUTH,-3.85
3/4/2022 9:00,3/4/2022 4:00,SOUTH,-3.975
3/4/2022 10:00,3/4/2022 5:00,SOUTH,-3.814
3/4/2022 11:00,3/4/2022 6:00,SOUTH,15.87
3/4/2022 12:00,3/4/2022 7:00,SOUTH,751.771
3/4/2022 13:00,3/4/2022 8:00,SOUTH,2011.44
3/4/2022 14:00,3/4/2022 9:00,SOUTH,2618.328
3/4/2022 15:00,3/4/2022 10:00,SOUTH,2638.744
3/4/2022 16:00,3/4/2022 11:00,SOUTH,2597.875
3/4/2022 17:00,3/4/2022 12:00,SOUTH,2611.039
3/4/2022 18:00,3/4/2022 13:00,SOUTH,2535.532
3/4/2022 19:00,3/4/2022 14:00,SOUTH,2572.635
3/4/2022 20:00,3/4/2022 15:00,SOUTH,2411.121
3/4/2022 21:00,3/4/2022 16:00,SOUTH,1521.013
3/4/2022 22:00,3/4/2022 17:00,SOUTH,284.064
3/4/2022 23:00,3/4/2022 18:00,SOUTH,-1.949
3/5/2022 0:00,3/4/2022 19:00,SOUTH,-4.315
3/5/2022 1:00,3/4/2022 20:00,SOUTH,-4.269
3/5/2022 2:00,3/4/2022 21:00,SOUTH,-4.091
3/5/2022 3:00,3/4/2022 22:00,SOUTH,-4.118
3/5/2022 4:00,3/4/2022 23:00,SOUTH,-4.202
3/5/2022 5:00,3/5/2022 0:00,SOUTH,-4.09
3/5/2022 6:00,3/5/2022 1:00,SOUTH,-4.226
3/5/2022 7:00,3/5/2022 2:00,SOUTH,-4.175
3/5/2022 8:00,3/5/2022 3:00,SOUTH,-4.16
3/5/2022 9:00,3/5/2022 4:00,SOUTH,-4.065
3/5/2022 10:00,3/5/2022 5:00,SOUTH,-3.902
3/5/2022 11:00,3/5/2022 6:00,SOUTH,11.319
3/5/2022 12:00,3/5/2022 7:00,SOUTH,413.029
3/5/2022 13:00,3/5/2022 8:00,SOUTH,1316.883
3/5/2022 14:00,3/5/2022 9:00,SOUTH,1718.38
3/5/2022 15:00,3/5/2022 10:00,SOUTH,1677.091
3/5/2022 16:00,3/5/2022 11:00,SOUTH,1780.381
3/5/2022 17:00,3/5/2022 12:00,SOUTH,1760.841
3/5/2022 18:00,3/5/2022 13:00,SOUTH,1574.889
3/5/2022 19:00,3/5/2022 14:00,SOUTH,1649.843
3/5/2022 20:00,3/5/2022 15:00,SOUTH,1632.446
3/5/2022 21:00,3/5/2022 16:00,SOUTH,1236.012
3/5/2022 22:00,3/5/2022 17:00,SOUTH,315.973
3/5/2022 23:00,3/5/2022 18:00,SOUTH,-4
3/6/2022 0:00,3/5/2022 19:00,SOUTH,-3.988
3/6/2022 1:00,3/5/2022 20:00,SOUTH,-4.055
3/6/2022 2:00,3/5/2022 21:00,SOUTH,-4.108
3/6/2022 3:00,3/5/2022 22:00,SOUTH,-3.904
3/6/2022 4:00,3/5/2022 23:00,SOUTH,-3.963
3/6/2022 5:00,3/6/2022 0:00,SOUTH,-4.026
3/6/2022 6:00,3/6/2022 1:00,SOUTH,-4.042
3/6/2022 7:00,3/6/2022 2:00,SOUTH,-3.979
3/6/2022 8:00,3/6/2022 3:00,SOUTH,-4.005
3/6/2022 9:00,3/6/2022 4:00,SOUTH,-4.004
3/6/2022 10:00,3/6/2022 5:00,SOUTH,-3.899
3/6/2022 11:00,3/6/2022 6:00,SOUTH,5.513
3/6/2022 12:00,3/6/2022 7:00,SOUTH,269.46
3/6/2022 13:00,3/6/2022 8:00,SOUTH,802.505
3/6/2022 14:00,3/6/2022 9:00,SOUTH,1158.742
3/6/2022 15:00,3/6/2022 10:00,SOUTH,1337.554
3/6/2022 16:00,3/6/2022 11:00,SOUTH,1657.082
3/6/2022 17:00,3/6/2022 12:00,SOUTH,1778.123
3/6/2022 18:00,3/6/2022 13:00,SOUTH,1702.084
3/6/2022 19:00,3/6/2022 14:00,SOUTH,1664.302
3/6/2022 20:00,3/6/2022 15:00,SOUTH,1405.927
3/6/2022 21:00,3/6/2022 16:00,SOUTH,925.326
3/6/2022 22:00,3/6/2022 17:00,SOUTH,254.421
3/6/2022 23:00,3/6/2022 18:00,SOUTH,-3.391
3/7/2022 0:00,3/6/2022 19:00,SOUTH,-3.889
3/7/2022 1:00,3/6/2022 20:00,SOUTH,-3.849
3/7/2022 2:00,3/6/2022 21:00,SOUTH,-3.991
3/7/2022 3:00,3/6/2022 22:00,SOUTH,-3.864
3/7/2022 4:00,3/6/2022 23:00,SOUTH,-3.948
3/7/2022 5:00,3/7/2022 0:00,SOUTH,-4.107
3/7/2022 6:00,3/7/2022 1:00,SOUTH,-3.914
3/7/2022 7:00,3/7/2022 2:00,SOUTH,-3.971
3/7/2022 8:00,3/7/2022 3:00,SOUTH,-4.064
3/7/2022 9:00,3/7/2022 4:00,SOUTH,-4.149
3/7/2022 10:00,3/7/2022 5:00,SOUTH,-3.799
3/7/2022 11:00,3/7/2022 6:00,SOUTH,17.211
3/7/2022 12:00,3/7/2022 7:00,SOUTH,482.1
3/7/2022 13:00,3/7/2022 8:00,SOUTH,1135.182
3/7/2022 14:00,3/7/2022 9:00,SOUTH,1584.505
3/7/2022 15:00,3/7/2022 10:00,SOUTH,1860.974
3/7/2022 16:00,3/7/2022 11:00,SOUTH,1813.794
3/7/2022 17:00,3/7/2022 12:00,SOUTH,1737.154
3/7/2022 18:00,3/7/2022 13:00,SOUTH,1671.58
3/7/2022 19:00,3/7/2022 14:00,SOUTH,1388.598
3/7/2022 20:00,3/7/2022 15:00,SOUTH,857.509
3/7/2022 21:00,3/7/2022 16:00,SOUTH,409.981
3/7/2022 22:00,3/7/2022 17:00,SOUTH,90.39
3/7/2022 23:00,3/7/2022 18:00,SOUTH,-3.772
3/8/2022 0:00,3/7/2022 19:00,SOUTH,-3.963
3/8/2022 1:00,3/7/2022 20:00,SOUTH,-3.88
3/8/2022 2:00,3/7/2022 21:00,SOUTH,-3.978
3/8/2022 3:00,3/7/2022 22:00,SOUTH,-4.014
3/8/2022 4:00,3/7/2022 23:00,SOUTH,-4.058
3/8/2022 5:00,3/8/2022 0:00,SOUTH,-3.9
3/8/2022 6:00,3/8/2022 1:00,SOUTH,-3.938
3/8/2022 7:00,3/8/2022 2:00,SOUTH,-3.999
3/8/2022 8:00,3/8/2022 3:00,SOUTH,-4.022
3/8/2022 9:00,3/8/2022 4:00,SOUTH,-3.958
3/8/2022 10:00,3/8/2022 5:00,SOUTH,-3.926
3/8/2022 11:00,3/8/2022 6:00,SOUTH,20.477
3/8/2022 12:00,3/8/2022 7:00,SOUTH,497.307
3/8/2022 13:00,3/8/2022 8:00,SOUTH,1506.784
3/8/2022 14:00,3/8/2022 9:00,SOUTH,2234.844
3/8/2022 15:00,3/8/2022 10:00,SOUTH,2546.962
3/8/2022 16:00,3/8/2022 11:00,SOUTH,2483.719
3/8/2022 17:00,3/8/2022 12:00,SOUTH,2448.28
3/8/2022 18:00,3/8/2022 13:00,SOUTH,2563.354
3/8/2022 19:00,3/8/2022 14:00,SOUTH,2556.476
3/8/2022 20:00,3/8/2022 15:00,SOUTH,2494.911
3/8/2022 21:00,3/8/2022 16:00,SOUTH,1619.272
3/8/2022 22:00,3/8/2022 17:00,SOUTH,337.806
3/8/2022 23:00,3/8/2022 18:00,SOUTH,12.22
3/9/2022 0:00,3/8/2022 19:00,SOUTH,-4.002
3/9/2022 1:00,3/8/2022 20:00,SOUTH,-4.089
3/9/2022 2:00,3/8/2022 21:00,SOUTH,-4.097
3/9/2022 3:00,3/8/2022 22:00,SOUTH,-4.11
3/9/2022 4:00,3/8/2022 23:00,SOUTH,-4.153
3/9/2022 5:00,3/9/2022 0:00,SOUTH,-4.068
3/9/2022 6:00,3/9/2022 1:00,SOUTH,-4.04
3/9/2022 7:00,3/9/2022 2:00,SOUTH,-3.988
3/9/2022 8:00,3/9/2022 3:00,SOUTH,-4.113
3/9/2022 9:00,3/9/2022 4:00,SOUTH,-4.17
3/9/2022 10:00,3/9/2022 5:00,SOUTH,-4.027
3/9/2022 11:00,3/9/2022 6:00,SOUTH,-2.309
3/9/2022 12:00,3/9/2022 7:00,SOUTH,41.603
3/9/2022 13:00,3/9/2022 8:00,SOUTH,133.816
3/9/2022 14:00,3/9/2022 9:00,SOUTH,215.884
3/9/2022 15:00,3/9/2022 10:00,SOUTH,313.291
3/9/2022 16:00,3/9/2022 11:00,SOUTH,416.313
3/9/2022 17:00,3/9/2022 12:00,SOUTH,593.489
3/9/2022 18:00,3/9/2022 13:00,SOUTH,563.41
3/9/2022 19:00,3/9/2022 14:00,SOUTH,397.932
3/9/2022 20:00,3/9/2022 15:00,SOUTH,292.625
3/9/2022 21:00,3/9/2022 16:00,SOUTH,208.498
3/9/2022 22:00,3/9/2022 17:00,SOUTH,65.219
3/9/2022 23:00,3/9/2022 18:00,SOUTH,-3.767
3/10/2022 0:00,3/9/2022 19:00,SOUTH,-4.081
3/10/2022 1:00,3/9/2022 20:00,SOUTH,-4.076
3/10/2022 2:00,3/9/2022 21:00,SOUTH,-4.087
3/10/2022 3:00,3/9/2022 22:00,SOUTH,-3.949
3/10/2022 4:00,3/9/2022 23:00,SOUTH,-4.032
3/10/2022 5:00,3/10/2022 0:00,SOUTH,-4.081
3/10/2022 6:00,3/10/2022 1:00,SOUTH,-4.105
3/10/2022 7:00,3/10/2022 2:00,SOUTH,-4.044
3/10/2022 8:00,3/10/2022 3:00,SOUTH,-4.215
3/10/2022 9:00,3/10/2022 4:00,SOUTH,-4.095
3/10/2022 10:00,3/10/2022 5:00,SOUTH,-3.79
3/10/2022 11:00,3/10/2022 6:00,SOUTH,9.726
3/10/2022 12:00,3/10/2022 7:00,SOUTH,156.579
3/10/2022 13:00,3/10/2022 8:00,SOUTH,406.367
3/10/2022 14:00,3/10/2022 9:00,SOUTH,630.002
3/10/2022 15:00,3/10/2022 10:00,SOUTH,951.119
3/10/2022 16:00,3/10/2022 11:00,SOUTH,1042.005
3/10/2022 17:00,3/10/2022 12:00,SOUTH,1056.273
3/10/2022 18:00,3/10/2022 13:00,SOUTH,1012.651
3/10/2022 19:00,3/10/2022 14:00,SOUTH,970.764
3/10/2022 20:00,3/10/2022 15:00,SOUTH,662.913
3/10/2022 21:00,3/10/2022 16:00,SOUTH,565.453
3/10/2022 22:00,3/10/2022 17:00,SOUTH,154.071
3/10/2022 23:00,3/10/2022 18:00,SOUTH,-2.571
3/11/2022 0:00,3/10/2022 19:00,SOUTH,-4.181
3/11/2022 1:00,3/10/2022 20:00,SOUTH,-4.058
3/11/2022 2:00,3/10/2022 21:00,SOUTH,-4.239
3/11/2022 3:00,3/10/2022 22:00,SOUTH,-4.01
3/11/2022 4:00,3/10/2022 23:00,SOUTH,-4.138
3/11/2022 5:00,3/11/2022 0:00,SOUTH,-4.107
3/11/2022 6:00,3/11/2022 1:00,SOUTH,-4.007
3/11/2022 7:00,3/11/2022 2:00,SOUTH,-4.207
3/11/2022 8:00,3/11/2022 3:00,SOUTH,-4.161
3/11/2022 9:00,3/11/2022 4:00,SOUTH,-4.135
3/11/2022 10:00,3/11/2022 5:00,SOUTH,-3.912
3/11/2022 11:00,3/11/2022 6:00,SOUTH,34.683
3/11/2022 12:00,3/11/2022 7:00,SOUTH,538.033
3/11/2022 13:00,3/11/2022 8:00,SOUTH,1325.603
3/11/2022 14:00,3/11/2022 9:00,SOUTH,1688.214
3/11/2022 15:00,3/11/2022 10:00,SOUTH,1793.099
3/11/2022 16:00,3/11/2022 11:00,SOUTH,1824.41
3/11/2022 17:00,3/11/2022 12:00,SOUTH,1862.288
3/11/2022 18:00,3/11/2022 13:00,SOUTH,1794.856
3/11/2022 19:00,3/11/2022 14:00,SOUTH,1810.441
3/11/2022 20:00,3/11/2022 15:00,SOUTH,1889.145
3/11/2022 21:00,3/11/2022 16:00,SOUTH,1410.156
3/11/2022 22:00,3/11/2022 17:00,SOUTH,405.028
3/11/2022 23:00,3/11/2022 18:00,SOUTH,0.422
3/12/2022 0:00,3/11/2022 19:00,SOUTH,-3.881
3/12/2022 1:00,3/11/2022 20:00,SOUTH,-3.871
3/12/2022 2:00,3/11/2022 21:00,SOUTH,-3.944
3/12/2022 3:00,3/11/2022 22:00,SOUTH,-3.975
3/12/2022 4:00,3/11/2022 23:00,SOUTH,-4.014
3/12/2022 5:00,3/12/2022 0:00,SOUTH,-4.076
3/12/2022 6:00,3/12/2022 1:00,SOUTH,-4.028
3/12/2022 7:00,3/12/2022 2:00,SOUTH,-3.974
3/12/2022 8:00,3/12/2022 3:00,SOUTH,-4.048
3/12/2022 9:00,3/12/2022 4:00,SOUTH,-4.049
3/12/2022 10:00,3/12/2022 5:00,SOUTH,-3.896
3/12/2022 11:00,3/12/2022 6:00,SOUTH,-1.917
3/12/2022 12:00,3/12/2022 7:00,SOUTH,18.539
3/12/2022 13:00,3/12/2022 8:00,SOUTH,50.841
3/12/2022 14:00,3/12/2022 9:00,SOUTH,173.312
3/12/2022 15:00,3/12/2022 10:00,SOUTH,512.464
3/12/2022 16:00,3/12/2022 11:00,SOUTH,345.326
3/12/2022 17:00,3/12/2022 12:00,SOUTH,429.649
3/12/2022 18:00,3/12/2022 13:00,SOUTH,396.672
3/12/2022 19:00,3/12/2022 14:00,SOUTH,384.259
3/12/2022 20:00,3/12/2022 15:00,SOUTH,423.677
3/12/2022 21:00,3/12/2022 16:00,SOUTH,658.561
3/12/2022 22:00,3/12/2022 17:00,SOUTH,305.028
3/12/2022 23:00,3/12/2022 18:00,SOUTH,-1.569
3/13/2022 0:00,3/12/2022 19:00,SOUTH,-4.426
3/13/2022 1:00,3/12/2022 20:00,SOUTH,-4.643
3/13/2022 2:00,3/12/2022 21:00,SOUTH,-4.329
3/13/2022 3:00,3/12/2022 22:00,SOUTH,-4.37
3/13/2022 4:00,3/12/2022 23:00,SOUTH,-4.367
3/13/2022 5:00,3/13/2022 0:00,SOUTH,-4.499
3/13/2022 6:00,3/13/2022 1:00,SOUTH,-4.09
3/13/2022 7:00,3/13/2022 3:00,SOUTH,-4.444
3/13/2022 8:00,3/13/2022 4:00,SOUTH,-4.31
3/13/2022 9:00,3/13/2022 5:00,SOUTH,-4.597
3/13/2022 10:00,3/13/2022 6:00,SOUTH,-0.824
3/13/2022 11:00,3/13/2022 7:00,SOUTH,105.811
3/13/2022 12:00,3/13/2022 8:00,SOUTH,1294.412
3/13/2022 13:00,3/13/2022 9:00,SOUTH,2633.699
3/13/2022 14:00,3/13/2022 10:00,SOUTH,2862.422
3/13/2022 15:00,3/13/2022 11:00,SOUTH,2884.782
3/13/2022 16:00,3/13/2022 12:00,SOUTH,2869.777
3/13/2022 17:00,3/13/2022 13:00,SOUTH,2866.15
3/13/2022 18:00,3/13/2022 14:00,SOUTH,2828.814
3/13/2022 19:00,3/13/2022 15:00,SOUTH,2891.793
3/13/2022 20:00,3/13/2022 16:00,SOUTH,2644.953
3/13/2022 21:00,3/13/2022 17:00,SOUTH,2125.485
3/13/2022 22:00,3/13/2022 18:00,SOUTH,619.663
3/13/2022 23:00,3/13/2022 19:00,SOUTH,0.578
3/14/2022 0:00,3/13/2022 20:00,SOUTH,-4.126
3/14/2022 1:00,3/13/2022 21:00,SOUTH,-4.298
3/14/2022 2:00,3/13/2022 22:00,SOUTH,-4.327
3/14/2022 3:00,3/13/2022 23:00,SOUTH,-3.862
3/14/2022 4:00,3/14/2022 0:00,SOUTH,-4.116
3/14/2022 5:00,3/14/2022 1:00,SOUTH,-4.229
3/14/2022 6:00,3/14/2022 2:00,SOUTH,-4.197
3/14/2022 7:00,3/14/2022 3:00,SOUTH,-4.239
3/14/2022 8:00,3/14/2022 4:00,SOUTH,-4.344
3/14/2022 9:00,3/14/2022 5:00,SOUTH,-4.309
3/14/2022 10:00,3/14/2022 6:00,SOUTH,-3.875
3/14/2022 11:00,3/14/2022 7:00,SOUTH,94.893
3/14/2022 12:00,3/14/2022 8:00,SOUTH,1228.639
3/14/2022 13:00,3/14/2022 9:00,SOUTH,2455.705
3/14/2022 14:00,3/14/2022 10:00,SOUTH,2677.028
3/14/2022 15:00,3/14/2022 11:00,SOUTH,2674.029
3/14/2022 16:00,3/14/2022 12:00,SOUTH,2642.704
3/14/2022 17:00,3/14/2022 13:00,SOUTH,2633.443
3/14/2022 18:00,3/14/2022 14:00,SOUTH,2657.499
3/14/2022 19:00,3/14/2022 15:00,SOUTH,2681.898
3/14/2022 20:00,3/14/2022 16:00,SOUTH,2636.749
3/14/2022 21:00,3/14/2022 17:00,SOUTH,1931.39
3/14/2022 22:00,3/14/2022 18:00,SOUTH,554.122
3/14/2022 23:00,3/14/2022 19:00,SOUTH,4.191
3/15/2022 0:00,3/14/2022 20:00,SOUTH,-4.079
3/15/2022 1:00,3/14/2022 21:00,SOUTH,-4.178
3/15/2022 2:00,3/14/2022 22:00,SOUTH,-4.037
3/15/2022 3:00,3/14/2022 23:00,SOUTH,-4.12
3/15/2022 4:00,3/15/2022 0:00,SOUTH,-3.999
3/15/2022 5:00,3/15/2022 1:00,SOUTH,-4.003
3/15/2022 6:00,3/15/2022 2:00,SOUTH,-4.057
3/15/2022 7:00,3/15/2022 3:00,SOUTH,-4.002
3/15/2022 8:00,3/15/2022 4:00,SOUTH,-4.171
3/15/2022 9:00,3/15/2022 5:00,SOUTH,-4.072
3/15/2022 10:00,3/15/2022 6:00,SOUTH,-3.582
3/15/2022 11:00,3/15/2022 7:00,SOUTH,93.625
3/15/2022 12:00,3/15/2022 8:00,SOUTH,1266.859
3/15/2022 13:00,3/15/2022 9:00,SOUTH,2556.381
3/15/2022 14:00,3/15/2022 10:00,SOUTH,2716.523
3/15/2022 15:00,3/15/2022 11:00,SOUTH,2661.82
3/15/2022 16:00,3/15/2022 12:00,SOUTH,2653.129
3/15/2022 17:00,3/15/2022 13:00,SOUTH,2561.871
3/15/2022 18:00,3/15/2022 14:00,SOUTH,2449.853
3/15/2022 19:00,3/15/2022 15:00,SOUTH,2451.712
3/15/2022 20:00,3/15/2022 16:00,SOUTH,1963.056
3/15/2022 21:00,3/15/2022 17:00,SOUTH,946.967
3/15/2022 22:00,3/15/2022 18:00,SOUTH,236.661
3/15/2022 23:00,3/15/2022 19:00,SOUTH,-0.612
3/16/2022 0:00,3/15/2022 20:00,SOUTH,-3.859
3/16/2022 1:00,3/15/2022 21:00,SOUTH,-3.805
3/16/2022 2:00,3/15/2022 22:00,SOUTH,-3.825
3/16/2022 3:00,3/15/2022 23:00,SOUTH,-3.743
3/16/2022 4:00,3/16/2022 0:00,SOUTH,-3.776
3/16/2022 5:00,3/16/2022 1:00,SOUTH,-3.703
3/16/2022 6:00,3/16/2022 2:00,SOUTH,-3.785
3/16/2022 7:00,3/16/2022 3:00,SOUTH,-3.651
3/16/2022 8:00,3/16/2022 4:00,SOUTH,-3.733
3/16/2022 9:00,3/16/2022 5:00,SOUTH,-3.746
3/16/2022 10:00,3/16/2022 6:00,SOUTH,-3.546
3/16/2022 11:00,3/16/2022 7:00,SOUTH,41.119
3/16/2022 12:00,3/16/2022 8:00,SOUTH,379.332
3/16/2022 13:00,3/16/2022 9:00,SOUTH,796.982
3/16/2022 14:00,3/16/2022 10:00,SOUTH,1287.015
3/16/2022 15:00,3/16/2022 11:00,SOUTH,1741.881
3/16/2022 16:00,3/16/2022 12:00,SOUTH,2066.13
3/16/2022 17:00,3/16/2022 13:00,SOUTH,2204.65
3/16/2022 18:00,3/16/2022 14:00,SOUTH,2275.315
3/16/2022 19:00,3/16/2022 15:00,SOUTH,1928.579
3/16/2022 20:00,3/16/2022 16:00,SOUTH,1354.561
3/16/2022 21:00,3/16/2022 17:00,SOUTH,471.037
3/16/2022 22:00,3/16/2022 18:00,SOUTH,84.793
3/16/2022 23:00,3/16/2022 19:00,SOUTH,-3.453
3/17/2022 0:00,3/16/2022 20:00,SOUTH,-3.623
3/17/2022 1:00,3/16/2022 21:00,SOUTH,-3.837
3/17/2022 2:00,3/16/2022 22:00,SOUTH,-3.79
3/17/2022 3:00,3/16/2022 23:00,SOUTH,-3.729
3/17/2022 4:00,3/17/2022 0:00,SOUTH,-3.855
3/17/2022 5:00,3/17/2022 1:00,SOUTH,-3.825
3/17/2022 6:00,3/17/2022 2:00,SOUTH,-3.736
3/17/2022 7:00,3/17/2022 3:00,SOUTH,-3.879
3/17/2022 8:00,3/17/2022 4:00,SOUTH,-3.921
3/17/2022 9:00,3/17/2022 5:00,SOUTH,-3.762
3/17/2022 10:00,3/17/2022 6:00,SOUTH,-3.513
3/17/2022 11:00,3/17/2022 7:00,SOUTH,19.207
3/17/2022 12:00,3/17/2022 8:00,SOUTH,230.974
3/17/2022 13:00,3/17/2022 9:00,SOUTH,380.819
3/17/2022 14:00,3/17/2022 10:00,SOUTH,576.362
3/17/2022 15:00,3/17/2022 11:00,SOUTH,713.999
3/17/2022 16:00,3/17/2022 12:00,SOUTH,752.834
3/17/2022 17:00,3/17/2022 13:00,SOUTH,868.052
3/17/2022 18:00,3/17/2022 14:00,SOUTH,809.951
3/17/2022 19:00,3/17/2022 15:00,SOUTH,997.599
3/17/2022 20:00,3/17/2022 16:00,SOUTH,1112.12
3/17/2022 21:00,3/17/2022 17:00,SOUTH,1230.038
3/17/2022 22:00,3/17/2022 18:00,SOUTH,461.827
3/17/2022 23:00,3/17/2022 19:00,SOUTH,2.592
3/18/2022 0:00,3/17/2022 20:00,SOUTH,-3.485
3/18/2022 1:00,3/17/2022 21:00,SOUTH,-3.649
3/18/2022 2:00,3/17/2022 22:00,SOUTH,-3.895
3/18/2022 3:00,3/17/2022 23:00,SOUTH,-3.858
3/18/2022 4:00,3/18/2022 0:00,SOUTH,-3.871
3/18/2022 5:00,3/18/2022 1:00,SOUTH,-3.846
3/18/2022 6:00,3/18/2022 2:00,SOUTH,-3.845
3/18/2022 7:00,3/18/2022 3:00,SOUTH,-3.847
3/18/2022 8:00,3/18/2022 4:00,SOUTH,-3.889
3/18/2022 9:00,3/18/2022 5:00,SOUTH,-3.786
3/18/2022 10:00,3/18/2022 6:00,SOUTH,-3.411
3/18/2022 11:00,3/18/2022 7:00,SOUTH,102.17
3/18/2022 12:00,3/18/2022 8:00,SOUTH,1119.204
3/18/2022 13:00,3/18/2022 9:00,SOUTH,2350.925
3/18/2022 14:00,3/18/2022 10:00,SOUTH,2613.598
3/18/2022 15:00,3/18/2022 11:00,SOUTH,2604.039
3/18/2022 16:00,3/18/2022 12:00,SOUTH,2562.164
3/18/2022 17:00,3/18/2022 13:00,SOUTH,2402.828
3/18/2022 18:00,3/18/2022 14:00,SOUTH,1965.795
3/18/2022 19:00,3/18/2022 15:00,SOUTH,1551.198
3/18/2022 20:00,3/18/2022 16:00,SOUTH,1173.454
3/18/2022 21:00,3/18/2022 17:00,SOUTH,672.112
3/18/2022 22:00,3/18/2022 18:00,SOUTH,195.009
3/18/2022 23:00,3/18/2022 19:00,SOUTH,0.326
3/19/2022 0:00,3/18/2022 20:00,SOUTH,-3.421
3/19/2022 1:00,3/18/2022 21:00,SOUTH,-3.772
3/19/2022 2:00,3/18/2022 22:00,SOUTH,-3.805
3/19/2022 3:00,3/18/2022 23:00,SOUTH,-3.914
3/19/2022 4:00,3/19/2022 0:00,SOUTH,-3.81
3/19/2022 5:00,3/19/2022 1:00,SOUTH,-3.861
3/19/2022 6:00,3/19/2022 2:00,SOUTH,-3.915
3/19/2022 7:00,3/19/2022 3:00,SOUTH,-3.791
3/19/2022 8:00,3/19/2022 4:00,SOUTH,-3.911
3/19/2022 9:00,3/19/2022 5:00,SOUTH,-3.789
3/19/2022 10:00,3/19/2022 6:00,SOUTH,-3.08
3/19/2022 11:00,3/19/2022 7:00,SOUTH,94.552
3/19/2022 12:00,3/19/2022 8:00,SOUTH,721.816
3/19/2022 13:00,3/19/2022 9:00,SOUTH,1062.841
3/19/2022 14:00,3/19/2022 10:00,SOUTH,1298.039
3/19/2022 15:00,3/19/2022 11:00,SOUTH,1526.648
3/19/2022 16:00,3/19/2022 12:00,SOUTH,1561.169
3/19/2022 17:00,3/19/2022 13:00,SOUTH,1529.657
3/19/2022 18:00,3/19/2022 14:00,SOUTH,1606.848
3/19/2022 19:00,3/19/2022 15:00,SOUTH,1951.507
3/19/2022 20:00,3/19/2022 16:00,SOUTH,1967.164
3/19/2022 21:00,3/19/2022 17:00,SOUTH,1618.798
3/19/2022 22:00,3/19/2022 18:00,SOUTH,531.321
3/19/2022 23:00,3/19/2022 19:00,SOUTH,7.355
3/20/2022 0:00,3/19/2022 20:00,SOUTH,-3.829
3/20/2022 1:00,3/19/2022 21:00,SOUTH,-3.916
3/20/2022 2:00,3/19/2022 22:00,SOUTH,-3.95
3/20/2022 3:00,3/19/2022 23:00,SOUTH,-3.81
3/20/2022 4:00,3/20/2022 0:00,SOUTH,-3.869
3/20/2022 5:00,3/20/2022 1:00,SOUTH,-3.944
3/20/2022 6:00,3/20/2022 2:00,SOUTH,-3.787
3/20/2022 7:00,3/20/2022 3:00,SOUTH,-3.876
3/20/2022 8:00,3/20/2022 4:00,SOUTH,-8.969
3/20/2022 9:00,3/20/2022 5:00,SOUTH,-8.671
3/20/2022 10:00,3/20/2022 6:00,SOUTH,-7.966
3/20/2022 11:00,3/20/2022 7:00,SOUTH,69.477
3/20/2022 12:00,3/20/2022 8:00,SOUTH,1243.453
3/20/2022 13:00,3/20/2022 9:00,SOUTH,2402.385
3/20/2022 14:00,3/20/2022 10:00,SOUTH,2538.95
3/20/2022 15:00,3/20/2022 11:00,SOUTH,2544.127
3/20/2022 16:00,3/20/2022 12:00,SOUTH,2443.621
3/20/2022 17:00,3/20/2022 13:00,SOUTH,2230.111
3/20/2022 18:00,3/20/2022 14:00,SOUTH,1826.967
3/20/2022 19:00,3/20/2022 15:00,SOUTH,1588.488
3/20/2022 20:00,3/20/2022 16:00,SOUTH,1347.731
3/20/2022 21:00,3/20/2022 17:00,SOUTH,861.935
3/20/2022 22:00,3/20/2022 18:00,SOUTH,344.852
3/20/2022 23:00,3/20/2022 19:00,SOUTH,5.026
3/21/2022 0:00,3/20/2022 20:00,SOUTH,-6.379
3/21/2022 1:00,3/20/2022 21:00,SOUTH,-6.646
3/21/2022 2:00,3/20/2022 22:00,SOUTH,-7.085
3/21/2022 3:00,3/20/2022 23:00,SOUTH,-7.252
3/21/2022 4:00,3/21/2022 0:00,SOUTH,-3.857
3/21/2022 5:00,3/21/2022 1:00,SOUTH,-3.812
3/21/2022 6:00,3/21/2022 2:00,SOUTH,-3.727
3/21/2022 7:00,3/21/2022 3:00,SOUTH,-3.877
3/21/2022 8:00,3/21/2022 4:00,SOUTH,-3.769
3/21/2022 9:00,3/21/2022 5:00,SOUTH,-3.928
3/21/2022 10:00,3/21/2022 6:00,SOUTH,-2.741
3/21/2022 11:00,3/21/2022 7:00,SOUTH,186.272
3/21/2022 12:00,3/21/2022 8:00,SOUTH,1555.489
3/21/2022 13:00,3/21/2022 9:00,SOUTH,2643.946
3/21/2022 14:00,3/21/2022 10:00,SOUTH,2699.256
3/21/2022 15:00,3/21/2022 11:00,SOUTH,2552.718
3/21/2022 16:00,3/21/2022 12:00,SOUTH,2499.302
3/21/2022 17:00,3/21/2022 13:00,SOUTH,2535.915
3/21/2022 18:00,3/21/2022 14:00,SOUTH,2484.287
3/21/2022 19:00,3/21/2022 15:00,SOUTH,2639.768
3/21/2022 20:00,3/21/2022 16:00,SOUTH,2593.425
3/21/2022 21:00,3/21/2022 17:00,SOUTH,2071.878
3/21/2022 22:00,3/21/2022 18:00,SOUTH,654.228
3/21/2022 23:00,3/21/2022 19:00,SOUTH,7.678
3/22/2022 0:00,3/21/2022 20:00,SOUTH,-3.984
3/22/2022 1:00,3/21/2022 21:00,SOUTH,-3.919
3/22/2022 2:00,3/21/2022 22:00,SOUTH,-3.959
3/22/2022 3:00,3/21/2022 23:00,SOUTH,-3.913
3/22/2022 4:00,3/22/2022 0:00,SOUTH,-4.024
3/22/2022 5:00,3/22/2022 1:00,SOUTH,-3.792
3/22/2022 6:00,3/22/2022 2:00,SOUTH,-3.896
3/22/2022 7:00,3/22/2022 3:00,SOUTH,-4.067
3/22/2022 8:00,3/22/2022 4:00,SOUTH,-3.817
3/22/2022 9:00,3/22/2022 5:00,SOUTH,-3.811
3/22/2022 10:00,3/22/2022 6:00,SOUTH,-2.794
3/22/2022 11:00,3/22/2022 7:00,SOUTH,170.534
3/22/2022 12:00,3/22/2022 8:00,SOUTH,1191.583
3/22/2022 13:00,3/22/2022 9:00,SOUTH,2014.11
3/22/2022 14:00,3/22/2022 10:00,SOUTH,2268.938
3/22/2022 15:00,3/22/2022 11:00,SOUTH,2499.566
3/22/2022 16:00,3/22/2022 12:00,SOUTH,2510.599
3/22/2022 17:00,3/22/2022 13:00,SOUTH,2402.419
3/22/2022 18:00,3/22/2022 14:00,SOUTH,2138.043
3/22/2022 19:00,3/22/2022 15:00,SOUTH,1911.839
3/22/2022 20:00,3/22/2022 16:00,SOUTH,1515.563
3/22/2022 21:00,3/22/2022 17:00,SOUTH,879.232
3/22/2022 22:00,3/22/2022 18:00,SOUTH,245.094
3/22/2022 23:00,3/22/2022 19:00,SOUTH,8.326
3/23/2022 0:00,3/22/2022 20:00,SOUTH,-3.953
3/23/2022 1:00,3/22/2022 21:00,SOUTH,-3.924
3/23/2022 2:00,3/22/2022 22:00,SOUTH,-4.011
3/23/2022 3:00,3/22/2022 23:00,SOUTH,-3.917
3/23/2022 4:00,3/23/2022 0:00,SOUTH,-3.896
3/23/2022 5:00,3/23/2022 1:00,SOUTH,-3.778
3/23/2022 6:00,3/23/2022 2:00,SOUTH,-3.913
3/23/2022 7:00,3/23/2022 3:00,SOUTH,-3.801
3/23/2022 8:00,3/23/2022 4:00,SOUTH,-3.974
3/23/2022 9:00,3/23/2022 5:00,SOUTH,-3.755
3/23/2022 10:00,3/23/2022 6:00,SOUTH,-2.909
3/23/2022 11:00,3/23/2022 7:00,SOUTH,72.848
3/23/2022 12:00,3/23/2022 8:00,SOUTH,407.645
3/23/2022 13:00,3/23/2022 9:00,SOUTH,472.816
3/23/2022 14:00,3/23/2022 10:00,SOUTH,552.938
3/23/2022 15:00,3/23/2022 11:00,SOUTH,525.237
3/23/2022 16:00,3/23/2022 12:00,SOUTH,604.936
3/23/2022 17:00,3/23/2022 13:00,SOUTH,653.564
3/23/2022 18:00,3/23/2022 14:00,SOUTH,416.548
3/23/2022 19:00,3/23/2022 15:00,SOUTH,227.358
3/23/2022 20:00,3/23/2022 16:00,SOUTH,255.604
3/23/2022 21:00,3/23/2022 17:00,SOUTH,160.82
3/23/2022 22:00,3/23/2022 18:00,SOUTH,52.794
3/23/2022 23:00,3/23/2022 19:00,SOUTH,-1.963
3/24/2022 0:00,3/23/2022 20:00,SOUTH,-3.788
3/24/2022 1:00,3/23/2022 21:00,SOUTH,-3.822
3/24/2022 2:00,3/23/2022 22:00,SOUTH,-3.846
3/24/2022 3:00,3/23/2022 23:00,SOUTH,-3.706
3/24/2022 4:00,3/24/2022 0:00,SOUTH,-3.787
3/24/2022 5:00,3/24/2022 1:00,SOUTH,-3.842
3/24/2022 6:00,3/24/2022 2:00,SOUTH,-3.77
3/24/2022 7:00,3/24/2022 3:00,SOUTH,-3.94
3/24/2022 8:00,3/24/2022 4:00,SOUTH,-3.878
3/24/2022 9:00,3/24/2022 5:00,SOUTH,-3.738
3/24/2022 10:00,3/24/2022 6:00,SOUTH,-3.545
3/24/2022 11:00,3/24/2022 7:00,SOUTH,11.596
3/24/2022 12:00,3/24/2022 8:00,SOUTH,80.115
3/24/2022 13:00,3/24/2022 9:00,SOUTH,165.934
3/24/2022 14:00,3/24/2022 10:00,SOUTH,230.373
3/24/2022 15:00,3/24/2022 11:00,SOUTH,427.679
3/24/2022 16:00,3/24/2022 12:00,SOUTH,648.66
3/24/2022 17:00,3/24/2022 13:00,SOUTH,718.517
3/24/2022 18:00,3/24/2022 14:00,SOUTH,616.969
3/24/2022 19:00,3/24/2022 15:00,SOUTH,417.768
3/24/2022 20:00,3/24/2022 16:00,SOUTH,273.254
3/24/2022 21:00,3/24/2022 17:00,SOUTH,167.271
3/24/2022 22:00,3/24/2022 18:00,SOUTH,51.969
3/24/2022 23:00,3/24/2022 19:00,SOUTH,-1.118
3/25/2022 0:00,3/24/2022 20:00,SOUTH,-3.874
3/25/2022 1:00,3/24/2022 21:00,SOUTH,-3.782
3/25/2022 2:00,3/24/2022 22:00,SOUTH,-3.904
3/25/2022 3:00,3/24/2022 23:00,SOUTH,-3.906
3/25/2022 4:00,3/25/2022 0:00,SOUTH,-3.768
3/25/2022 5:00,3/25/2022 1:00,SOUTH,-3.865
3/25/2022 6:00,3/25/2022 2:00,SOUTH,-3.912
3/25/2022 7:00,3/25/2022 3:00,SOUTH,-3.864
3/25/2022 8:00,3/25/2022 4:00,SOUTH,-3.892
3/25/2022 9:00,3/25/2022 5:00,SOUTH,-3.808
3/25/2022 10:00,3/25/2022 6:00,SOUTH,-3.591
3/25/2022 11:00,3/25/2022 7:00,SOUTH,32.323
3/25/2022 12:00,3/25/2022 8:00,SOUTH,438.743
3/25/2022 13:00,3/25/2022 9:00,SOUTH,1206.791
3/25/2022 14:00,3/25/2022 10:00,SOUTH,1560.44
3/25/2022 15:00,3/25/2022 11:00,SOUTH,1951.565
3/25/2022 16:00,3/25/2022 12:00,SOUTH,2181.928
3/25/2022 17:00,3/25/2022 13:00,SOUTH,2051.073
3/25/2022 18:00,3/25/2022 14:00,SOUTH,1769.637
3/25/2022 19:00,3/25/2022 15:00,SOUTH,1532.268
3/25/2022 20:00,3/25/2022 16:00,SOUTH,1300.418
3/25/2022 21:00,3/25/2022 17:00,SOUTH,954.478
3/25/2022 22:00,3/25/2022 18:00,SOUTH,475.798
3/25/2022 23:00,3/25/2022 19:00,SOUTH,27.27
3/26/2022 0:00,3/25/2022 20:00,SOUTH,-4.129
3/26/2022 1:00,3/25/2022 21:00,SOUTH,-4.094
3/26/2022 2:00,3/25/2022 22:00,SOUTH,-4.267
3/26/2022 3:00,3/25/2022 23:00,SOUTH,-4.137
3/26/2022 4:00,3/26/2022 0:00,SOUTH,-4.139
3/26/2022 5:00,3/26/2022 1:00,SOUTH,-4.088
3/26/2022 6:00,3/26/2022 2:00,SOUTH,-4.106
3/26/2022 7:00,3/26/2022 3:00,SOUTH,-4.034
3/26/2022 8:00,3/26/2022 4:00,SOUTH,-4.129
3/26/2022 9:00,3/26/2022 5:00,SOUTH,-4.109
3/26/2022 10:00,3/26/2022 6:00,SOUTH,-3.068
3/26/2022 11:00,3/26/2022 7:00,SOUTH,215.411
3/26/2022 12:00,3/26/2022 8:00,SOUTH,1366.7
3/26/2022 13:00,3/26/2022 9:00,SOUTH,2302.979
3/26/2022 14:00,3/26/2022 10:00,SOUTH,2215.514
3/26/2022 15:00,3/26/2022 11:00,SOUTH,2134.945
3/26/2022 16:00,3/26/2022 12:00,SOUTH,2194.725
3/26/2022 17:00,3/26/2022 13:00,SOUTH,1793.034
3/26/2022 18:00,3/26/2022 14:00,SOUTH,1684.864
3/26/2022 19:00,3/26/2022 15:00,SOUTH,1857.22
3/26/2022 20:00,3/26/2022 16:00,SOUTH,1662.826
3/26/2022 21:00,3/26/2022 17:00,SOUTH,1516.912
3/26/2022 22:00,3/26/2022 18:00,SOUTH,722.022
3/26/2022 23:00,3/26/2022 19:00,SOUTH,48.311
3/27/2022 0:00,3/26/2022 20:00,SOUTH,-4.002
3/27/2022 1:00,3/26/2022 21:00,SOUTH,-4.057
3/27/2022 2:00,3/26/2022 22:00,SOUTH,-3.99
3/27/2022 3:00,3/26/2022 23:00,SOUTH,-3.93
3/27/2022 4:00,3/27/2022 0:00,SOUTH,-4.087
3/27/2022 5:00,3/27/2022 1:00,SOUTH,-3.983
3/27/2022 6:00,3/27/2022 2:00,SOUTH,-3.96
3/27/2022 7:00,3/27/2022 3:00,SOUTH,-4.007
3/27/2022 8:00,3/27/2022 4:00,SOUTH,-4.14
3/27/2022 9:00,3/27/2022 5:00,SOUTH,-4.038
3/27/2022 10:00,3/27/2022 6:00,SOUTH,-2.005
3/27/2022 11:00,3/27/2022 7:00,SOUTH,302.487
3/27/2022 12:00,3/27/2022 8:00,SOUTH,1763.279
3/27/2022 13:00,3/27/2022 9:00,SOUTH,2572.431
3/27/2022 14:00,3/27/2022 10:00,SOUTH,2426.903
3/27/2022 15:00,3/27/2022 11:00,SOUTH,2248.76
3/27/2022 16:00,3/27/2022 12:00,SOUTH,2258.442
3/27/2022 17:00,3/27/2022 13:00,SOUTH,2394.033
3/27/2022 18:00,3/27/2022 14:00,SOUTH,2499.877
3/27/2022 19:00,3/27/2022 15:00,SOUTH,2470.378
3/27/2022 20:00,3/27/2022 16:00,SOUTH,2436.28
3/27/2022 21:00,3/27/2022 17:00,SOUTH,2161.078
3/27/2022 22:00,3/27/2022 18:00,SOUTH,857.331
3/27/2022 23:00,3/27/2022 19:00,SOUTH,24.815
3/28/2022 0:00,3/27/2022 20:00,SOUTH,-4.141
3/28/2022 1:00,3/27/2022 21:00,SOUTH,-4.155
3/28/2022 2:00,3/27/2022 22:00,SOUTH,-4.037
3/28/2022 3:00,3/27/2022 23:00,SOUTH,-3.969
3/28/2022 4:00,3/28/2022 0:00,SOUTH,-4.061
3/28/2022 5:00,3/28/2022 1:00,SOUTH,-4.16
3/28/2022 6:00,3/28/2022 2:00,SOUTH,-4.008
3/28/2022 7:00,3/28/2022 3:00,SOUTH,-4.075
3/28/2022 8:00,3/28/2022 4:00,SOUTH,-4.135
3/28/2022 9:00,3/28/2022 5:00,SOUTH,-4.083
3/28/2022 10:00,3/28/2022 6:00,SOUTH,-1.62
3/28/2022 11:00,3/28/2022 7:00,SOUTH,333.245
3/28/2022 12:00,3/28/2022 8:00,SOUTH,1831.832
3/28/2022 13:00,3/28/2022 9:00,SOUTH,2745.557
3/28/2022 14:00,3/28/2022 10:00,SOUTH,2793.96
3/28/2022 15:00,3/28/2022 11:00,SOUTH,2777.206
3/28/2022 16:00,3/28/2022 12:00,SOUTH,2720.741
3/28/2022 17:00,3/28/2022 13:00,SOUTH,2783.864
3/28/2022 18:00,3/28/2022 14:00,SOUTH,2808.692
3/28/2022 19:00,3/28/2022 15:00,SOUTH,2817.298
3/28/2022 20:00,3/28/2022 16:00,SOUTH,2791.22
3/28/2022 21:00,3/28/2022 17:00,SOUTH,2330.008
3/28/2022 22:00,3/28/2022 18:00,SOUTH,871.033
3/28/2022 23:00,3/28/2022 19:00,SOUTH,26.748
3/29/2022 0:00,3/28/2022 20:00,SOUTH,-4.248
3/29/2022 1:00,3/28/2022 21:00,SOUTH,-4.129
3/29/2022 2:00,3/28/2022 22:00,SOUTH,-4.305
3/29/2022 3:00,3/28/2022 23:00,SOUTH,-4.033
3/29/2022 4:00,3/29/2022 0:00,SOUTH,-4.171
3/29/2022 5:00,3/29/2022 1:00,SOUTH,-4.157
3/29/2022 6:00,3/29/2022 2:00,SOUTH,-4.1
3/29/2022 7:00,3/29/2022 3:00,SOUTH,-4.177
3/29/2022 8:00,3/29/2022 4:00,SOUTH,-4.332
3/29/2022 9:00,3/29/2022 5:00,SOUTH,-4.321
3/29/2022 10:00,3/29/2022 6:00,SOUTH,-1.632
3/29/2022 11:00,3/29/2022 7:00,SOUTH,355.428
3/29/2022 12:00,3/29/2022 8:00,SOUTH,1703.726
3/29/2022 13:00,3/29/2022 9:00,SOUTH,2442.988
3/29/2022 14:00,3/29/2022 10:00,SOUTH,2540.476
3/29/2022 15:00,3/29/2022 11:00,SOUTH,2507.153
3/29/2022 16:00,3/29/2022 12:00,SOUTH,2481.417
3/29/2022 17:00,3/29/2022 13:00,SOUTH,2461.01
3/29/2022 18:00,3/29/2022 14:00,SOUTH,2472.127
3/29/2022 19:00,3/29/2022 15:00,SOUTH,2407.592
3/29/2022 20:00,3/29/2022 16:00,SOUTH,2394.594
3/29/2022 21:00,3/29/2022 17:00,SOUTH,1869.964
3/29/2022 22:00,3/29/2022 18:00,SOUTH,642.02
3/29/2022 23:00,3/29/2022 19:00,SOUTH,18.901
3/30/2022 0:00,3/29/2022 20:00,SOUTH,-4.473
3/30/2022 1:00,3/29/2022 21:00,SOUTH,-4.271
3/30/2022 2:00,3/29/2022 22:00,SOUTH,-4.384
3/30/2022 3:00,3/29/2022 23:00,SOUTH,-4.009
3/30/2022 4:00,3/30/2022 0:00,SOUTH,-4.144
3/30/2022 5:00,3/30/2022 1:00,SOUTH,-4.08
3/30/2022 6:00,3/30/2022 2:00,SOUTH,-3.942
3/30/2022 7:00,3/30/2022 3:00,SOUTH,-4.028
3/30/2022 8:00,3/30/2022 4:00,SOUTH,-4.104
3/30/2022 9:00,3/30/2022 5:00,SOUTH,-3.958
3/30/2022 10:00,3/30/2022 6:00,SOUTH,-2.824
3/30/2022 11:00,3/30/2022 7:00,SOUTH,188.799
3/30/2022 12:00,3/30/2022 8:00,SOUTH,986.203
3/30/2022 13:00,3/30/2022 9:00,SOUTH,1657.827
3/30/2022 14:00,3/30/2022 10:00,SOUTH,1884.497
3/30/2022 15:00,3/30/2022 11:00,SOUTH,1712.215
3/30/2022 16:00,3/30/2022 12:00,SOUTH,1580.925
3/30/2022 17:00,3/30/2022 13:00,SOUTH,1363.954
3/30/2022 18:00,3/30/2022 14:00,SOUTH,1259.516
3/30/2022 19:00,3/30/2022 15:00,SOUTH,1043.158
3/30/2022 20:00,3/30/2022 16:00,SOUTH,942.649
3/30/2022 21:00,3/30/2022 17:00,SOUTH,797.93
3/30/2022 22:00,3/30/2022 18:00,SOUTH,392.155
3/30/2022 23:00,3/30/2022 19:00,SOUTH,11.913
3/31/2022 0:00,3/30/2022 20:00,SOUTH,-3.764
3/31/2022 1:00,3/30/2022 21:00,SOUTH,-4.027
3/31/2022 2:00,3/30/2022 22:00,SOUTH,-3.736
3/31/2022 3:00,3/30/2022 23:00,SOUTH,-3.897
3/31/2022 4:00,3/31/2022 0:00,SOUTH,-3.858
3/31/2022 5:00,3/31/2022 1:00,SOUTH,-3.829
3/31/2022 6:00,3/31/2022 2:00,SOUTH,-3.736
3/31/2022 7:00,3/31/2022 3:00,SOUTH,-3.937
3/31/2022 8:00,3/31/2022 4:00,SOUTH,-3.753
3/31/2022 9:00,3/31/2022 5:00,SOUTH,-3.665
3/31/2022 10:00,3/31/2022 6:00,SOUTH,-3.027
3/31/2022 11:00,3/31/2022 7:00,SOUTH,44.073
3/31/2022 12:00,3/31/2022 8:00,SOUTH,206.196
3/31/2022 13:00,3/31/2022 9:00,SOUTH,409.373
3/31/2022 14:00,3/31/2022 10:00,SOUTH,531.617
3/31/2022 15:00,3/31/2022 11:00,SOUTH,925.047
3/31/2022 16:00,3/31/2022 12:00,SOUTH,780.635
3/31/2022 17:00,3/31/2022 13:00,SOUTH,685.116
3/31/2022 18:00,3/31/2022 14:00,SOUTH,552.406
3/31/2022 19:00,3/31/2022 15:00,SOUTH,488.568
3/31/2022 20:00,3/31/2022 16:00,SOUTH,422.817
3/31/2022 21:00,3/31/2022 17:00,SOUTH,386.899
3/31/2022 22:00,3/31/2022 18:00,SOUTH,212.278
3/31/2022 23:00,3/31/2022 19:00,SOUTH,12.73
4/1/2022 0:00,3/31/2022 20:00,SOUTH,-2.65
4/1/2022 1:00,3/31/2022 21:00,SOUTH,-3.857
4/1/2022 2:00,3/31/2022 22:00,SOUTH,-3.786
4/1/2022 3:00,3/31/2022 23:00,SOUTH,-3.785
4/1/2022 4:00,4/1/2022 0:00,SOUTH,-3.825
4/1/2022 5:00,4/1/2022 1:00,SOUTH,-3.727
4/1/2022 6:00,4/1/2022 2:00,SOUTH,-3.849
4/1/2022 7:00,4/1/2022 3:00,SOUTH,-3.849
4/1/2022 8:00,4/1/2022 4:00,SOUTH,-3.842
4/1/2022 9:00,4/1/2022 5:00,SOUTH,-3.838
4/1/2022 10:00,4/1/2022 6:00,SOUTH,-1.949
4/1/2022 11:00,4/1/2022 7:00,SOUTH,266.378
4/1/2022 12:00,4/1/2022 8:00,SOUTH,1392.592
4/1/2022 13:00,4/1/2022 9:00,SOUTH,2484.198
4/1/2022 14:00,4/1/2022 10:00,SOUTH,2431.645
4/1/2022 15:00,4/1/2022 11:00,SOUTH,2418.556
4/1/2022 16:00,4/1/2022 12:00,SOUTH,2295.555
4/1/2022 17:00,4/1/2022 13:00,SOUTH,2474.287
4/1/2022 18:00,4/1/2022 14:00,SOUTH,2582.494
4/1/2022 19:00,4/1/2022 15:00,SOUTH,2626.391
4/1/2022 20:00,4/1/2022 16:00,SOUTH,2516.357
4/1/2022 21:00,4/1/2022 17:00,SOUTH,2231.087
4/1/2022 22:00,4/1/2022 18:00,SOUTH,993.637
4/1/2022 23:00,4/1/2022 19:00,SOUTH,66.954
4/2/2022 0:00,4/1/2022 20:00,SOUTH,-2.548
4/2/2022 1:00,4/1/2022 21:00,SOUTH,-4.011
4/2/2022 2:00,4/1/2022 22:00,SOUTH,-4.019
4/2/2022 3:00,4/1/2022 23:00,SOUTH,-4.04
4/2/2022 4:00,4/2/2022 0:00,SOUTH,-3.947
4/2/2022 5:00,4/2/2022 1:00,SOUTH,-3.964
4/2/2022 6:00,4/2/2022 2:00,SOUTH,-3.859
4/2/2022 7:00,4/2/2022 3:00,SOUTH,-3.954
4/2/2022 8:00,4/2/2022 4:00,SOUTH,-4.012
4/2/2022 9:00,4/2/2022 5:00,SOUTH,-4.273
4/2/2022 10:00,4/2/2022 6:00,SOUTH,0.541
4/2/2022 11:00,4/2/2022 7:00,SOUTH,441.576
4/2/2022 12:00,4/2/2022 8:00,SOUTH,1964.794
4/2/2022 13:00,4/2/2022 9:00,SOUTH,2822.157
4/2/2022 14:00,4/2/2022 10:00,SOUTH,2887.393
4/2/2022 15:00,4/2/2022 11:00,SOUTH,2883
4/2/2022 16:00,4/2/2022 12:00,SOUTH,2870.258
4/2/2022 17:00,4/2/2022 13:00,SOUTH,2865.63
4/2/2022 18:00,4/2/2022 14:00,SOUTH,2860.458
4/2/2022 19:00,4/2/2022 15:00,SOUTH,2849.397
4/2/2022 20:00,4/2/2022 16:00,SOUTH,2786.022
4/2/2022 21:00,4/2/2022 17:00,SOUTH,2278.109
4/2/2022 22:00,4/2/2022 18:00,SOUTH,728.347
4/2/2022 23:00,4/2/2022 19:00,SOUTH,53.518
4/3/2022 0:00,4/2/2022 20:00,SOUTH,-2.678
4/3/2022 1:00,4/2/2022 21:00,SOUTH,-4.088
4/3/2022 2:00,4/2/2022 22:00,SOUTH,-4.196
4/3/2022 3:00,4/2/2022 23:00,SOUTH,-3.971
4/3/2022 4:00,4/3/2022 0:00,SOUTH,-4.16
4/3/2022 5:00,4/3/2022 1:00,SOUTH,-4.204
4/3/2022 6:00,4/3/2022 2:00,SOUTH,-4.059
4/3/2022 7:00,4/3/2022 3:00,SOUTH,-4.029
4/3/2022 8:00,4/3/2022 4:00,SOUTH,-4.084
4/3/2022 9:00,4/3/2022 5:00,SOUTH,-4.035
4/3/2022 10:00,4/3/2022 6:00,SOUTH,-1.876
4/3/2022 11:00,4/3/2022 7:00,SOUTH,339.126
4/3/2022 12:00,4/3/2022 8:00,SOUTH,1732.8
4/3/2022 13:00,4/3/2022 9:00,SOUTH,2707.88
4/3/2022 14:00,4/3/2022 10:00,SOUTH,2779.264
4/3/2022 15:00,4/3/2022 11:00,SOUTH,2699.011
4/3/2022 16:00,4/3/2022 12:00,SOUTH,2707.898
4/3/2022 17:00,4/3/2022 13:00,SOUTH,2818.114
4/3/2022 18:00,4/3/2022 14:00,SOUTH,2788.457
4/3/2022 19:00,4/3/2022 15:00,SOUTH,2697.027
4/3/2022 20:00,4/3/2022 16:00,SOUTH,2775.374
4/3/2022 21:00,4/3/2022 17:00,SOUTH,2344.434
4/3/2022 22:00,4/3/2022 18:00,SOUTH,1036.881
4/3/2022 23:00,4/3/2022 19:00,SOUTH,79.441
4/4/2022 0:00,4/3/2022 20:00,SOUTH,-2.327
4/4/2022 1:00,4/3/2022 21:00,SOUTH,-4.173
4/4/2022 2:00,4/3/2022 22:00,SOUTH,-4.147
4/4/2022 3:00,4/3/2022 23:00,SOUTH,-4.062
4/4/2022 4:00,4/4/2022 0:00,SOUTH,-4.139
4/4/2022 5:00,4/4/2022 1:00,SOUTH,-4.054
4/4/2022 6:00,4/4/2022 2:00,SOUTH,-4.131
4/4/2022 7:00,4/4/2022 3:00,SOUTH,-4.048
4/4/2022 8:00,4/4/2022 4:00,SOUTH,-4.176
4/4/2022 9:00,4/4/2022 5:00,SOUTH,-3.993
4/4/2022 10:00,4/4/2022 6:00,SOUTH,2.391
4/4/2022 11:00,4/4/2022 7:00,SOUTH,468.144
4/4/2022 12:00,4/4/2022 8:00,SOUTH,1955.946
4/4/2022 13:00,4/4/2022 9:00,SOUTH,2773.718
4/4/2022 14:00,4/4/2022 10:00,SOUTH,2590.726
4/4/2022 15:00,4/4/2022 11:00,SOUTH,2559.522
4/4/2022 16:00,4/4/2022 12:00,SOUTH,2755.118
4/4/2022 17:00,4/4/2022 13:00,SOUTH,2635.141
4/4/2022 18:00,4/4/2022 14:00,SOUTH,2481.529
4/4/2022 19:00,4/4/2022 15:00,SOUTH,2447.162
4/4/2022 20:00,4/4/2022 16:00,SOUTH,2078.209
4/4/2022 21:00,4/4/2022 17:00,SOUTH,1430.092
4/4/2022 22:00,4/4/2022 18:00,SOUTH,540.972
4/4/2022 23:00,4/4/2022 19:00,SOUTH,54.649
4/5/2022 0:00,4/4/2022 20:00,SOUTH,-2.76
4/5/2022 1:00,4/4/2022 21:00,SOUTH,-4.129
4/5/2022 2:00,4/4/2022 22:00,SOUTH,-4.148
4/5/2022 3:00,4/4/2022 23:00,SOUTH,-4.153
4/5/2022 4:00,4/5/2022 0:00,SOUTH,-4.016
4/5/2022 5:00,4/5/2022 1:00,SOUTH,-4.082
4/5/2022 6:00,4/5/2022 2:00,SOUTH,-3.984
4/5/2022 7:00,4/5/2022 3:00,SOUTH,-4.08
4/5/2022 8:00,4/5/2022 4:00,SOUTH,-4.021
4/5/2022 9:00,4/5/2022 5:00,SOUTH,-3.983
4/5/2022 10:00,4/5/2022 6:00,SOUTH,-2.74
4/5/2022 11:00,4/5/2022 7:00,SOUTH,235.14
4/5/2022 12:00,4/5/2022 8:00,SOUTH,1109.174
4/5/2022 13:00,4/5/2022 9:00,SOUTH,1778.487
4/5/2022 14:00,4/5/2022 10:00,SOUTH,1897.178
4/5/2022 15:00,4/5/2022 11:00,SOUTH,2144.269
4/5/2022 16:00,4/5/2022 12:00,SOUTH,2058.171
4/5/2022 17:00,4/5/2022 13:00,SOUTH,1739.96
4/5/2022 18:00,4/5/2022 14:00,SOUTH,1436.021
4/5/2022 19:00,4/5/2022 15:00,SOUTH,895.439
4/5/2022 20:00,4/5/2022 16:00,SOUTH,422.81
4/5/2022 21:00,4/5/2022 17:00,SOUTH,229.464
4/5/2022 22:00,4/5/2022 18:00,SOUTH,80.353
4/5/2022 23:00,4/5/2022 19:00,SOUTH,4.16
4/6/2022 0:00,4/5/2022 20:00,SOUTH,-3.796
4/6/2022 1:00,4/5/2022 21:00,SOUTH,-4.032
4/6/2022 2:00,4/5/2022 22:00,SOUTH,-4.023
4/6/2022 3:00,4/5/2022 23:00,SOUTH,-4.033
4/6/2022 4:00,4/6/2022 0:00,SOUTH,-4.05
4/6/2022 5:00,4/6/2022 1:00,SOUTH,-3.987
4/6/2022 6:00,4/6/2022 2:00,SOUTH,-4.082
4/6/2022 7:00,4/6/2022 3:00,SOUTH,-4.002
4/6/2022 8:00,4/6/2022 4:00,SOUTH,-3.994
4/6/2022 9:00,4/6/2022 5:00,SOUTH,-4.019
4/6/2022 10:00,4/6/2022 6:00,SOUTH,-2.225
4/6/2022 11:00,4/6/2022 7:00,SOUTH,234.024
4/6/2022 12:00,4/6/2022 8:00,SOUTH,1116.031
4/6/2022 13:00,4/6/2022 9:00,SOUTH,1719.855
4/6/2022 14:00,4/6/2022 10:00,SOUTH,2023.816
4/6/2022 15:00,4/6/2022 11:00,SOUTH,2080.272
4/6/2022 16:00,4/6/2022 12:00,SOUTH,2202.174
4/6/2022 17:00,4/6/2022 13:00,SOUTH,2284.042
4/6/2022 18:00,4/6/2022 14:00,SOUTH,2227.196
4/6/2022 19:00,4/6/2022 15:00,SOUTH,2241.53
4/6/2022 20:00,4/6/2022 16:00,SOUTH,2004.616
4/6/2022 21:00,4/6/2022 17:00,SOUTH,1951.318
4/6/2022 22:00,4/6/2022 18:00,SOUTH,946.655
4/6/2022 23:00,4/6/2022 19:00,SOUTH,91.313
4/7/2022 0:00,4/6/2022 20:00,SOUTH,-2.146
4/7/2022 1:00,4/6/2022 21:00,SOUTH,-4.051
4/7/2022 2:00,4/6/2022 22:00,SOUTH,-4
4/7/2022 3:00,4/6/2022 23:00,SOUTH,-3.969
4/7/2022 4:00,4/7/2022 0:00,SOUTH,-4.015
4/7/2022 5:00,4/7/2022 1:00,SOUTH,-4.112
4/7/2022 6:00,4/7/2022 2:00,SOUTH,-4.003
4/7/2022 7:00,4/7/2022 3:00,SOUTH,-3.982
4/7/2022 8:00,4/7/2022 4:00,SOUTH,-4.049
4/7/2022 9:00,4/7/2022 5:00,SOUTH,-3.999
4/7/2022 10:00,4/7/2022 6:00,SOUTH,-3.768
4/7/2022 11:00,4/7/2022 7:00,SOUTH,43.733
4/7/2022 12:00,4/7/2022 8:00,SOUTH,193.107
4/7/2022 13:00,4/7/2022 9:00,SOUTH,408.998
4/7/2022 14:00,4/7/2022 10:00,SOUTH,794.706
4/7/2022 15:00,4/7/2022 11:00,SOUTH,1159.074
4/7/2022 16:00,4/7/2022 12:00,SOUTH,1496.675
4/7/2022 17:00,4/7/2022 13:00,SOUTH,1685.462
4/7/2022 18:00,4/7/2022 14:00,SOUTH,1392.93
4/7/2022 19:00,4/7/2022 15:00,SOUTH,1100.58
4/7/2022 20:00,4/7/2022 16:00,SOUTH,752.614
4/7/2022 21:00,4/7/2022 17:00,SOUTH,413.732
4/7/2022 22:00,4/7/2022 18:00,SOUTH,202.547
4/7/2022 23:00,4/7/2022 19:00,SOUTH,26.789
4/8/2022 0:00,4/7/2022 20:00,SOUTH,-4.068
4/8/2022 1:00,4/7/2022 21:00,SOUTH,-4.203
4/8/2022 2:00,4/7/2022 22:00,SOUTH,-4
4/8/2022 3:00,4/7/2022 23:00,SOUTH,-4.094
4/8/2022 4:00,4/8/2022 0:00,SOUTH,-4.084
4/8/2022 5:00,4/8/2022 1:00,SOUTH,-4.055
4/8/2022 6:00,4/8/2022 2:00,SOUTH,-4.126
4/8/2022 7:00,4/8/2022 3:00,SOUTH,-4.017
4/8/2022 8:00,4/8/2022 4:00,SOUTH,-3.983
4/8/2022 9:00,4/8/2022 5:00,SOUTH,-3.973
4/8/2022 10:00,4/8/2022 6:00,SOUTH,3.793
4/8/2022 11:00,4/8/2022 7:00,SOUTH,402.844
4/8/2022 12:00,4/8/2022 8:00,SOUTH,1580.223
4/8/2022 13:00,4/8/2022 9:00,SOUTH,2278.026
4/8/2022 14:00,4/8/2022 10:00,SOUTH,2566.971
4/8/2022 15:00,4/8/2022 11:00,SOUTH,2432.798
4/8/2022 16:00,4/8/2022 12:00,SOUTH,2243.062
4/8/2022 17:00,4/8/2022 13:00,SOUTH,1887.803
4/8/2022 18:00,4/8/2022 14:00,SOUTH,1874.015
4/8/2022 19:00,4/8/2022 15:00,SOUTH,1677.199
4/8/2022 20:00,4/8/2022 16:00,SOUTH,1373.524
4/8/2022 21:00,4/8/2022 17:00,SOUTH,1327.122
4/8/2022 22:00,4/8/2022 18:00,SOUTH,683.313
4/8/2022 23:00,4/8/2022 19:00,SOUTH,51.962
4/9/2022 0:00,4/8/2022 20:00,SOUTH,-2.077
4/9/2022 1:00,4/8/2022 21:00,SOUTH,-4.098
4/9/2022 2:00,4/8/2022 22:00,SOUTH,-4.151
4/9/2022 3:00,4/8/2022 23:00,SOUTH,-4.216
4/9/2022 4:00,4/9/2022 0:00,SOUTH,-4.189
4/9/2022 5:00,4/9/2022 1:00,SOUTH,-4.175
4/9/2022 6:00,4/9/2022 2:00,SOUTH,-4.232
4/9/2022 7:00,4/9/2022 3:00,SOUTH,-4.241
4/9/2022 8:00,4/9/2022 4:00,SOUTH,-4.074
4/9/2022 9:00,4/9/2022 5:00,SOUTH,-4.182
4/9/2022 10:00,4/9/2022 6:00,SOUTH,-1.139
4/9/2022 11:00,4/9/2022 7:00,SOUTH,215.654
4/9/2022 12:00,4/9/2022 8:00,SOUTH,1184.753
4/9/2022 13:00,4/9/2022 9:00,SOUTH,2367.232
4/9/2022 14:00,4/9/2022 10:00,SOUTH,2611.369
4/9/2022 15:00,4/9/2022 11:00,SOUTH,2237.49
4/9/2022 16:00,4/9/2022 12:00,SOUTH,1868.334
4/9/2022 17:00,4/9/2022 13:00,SOUTH,1468.582
4/9/2022 18:00,4/9/2022 14:00,SOUTH,1192.178
4/9/2022 19:00,4/9/2022 15:00,SOUTH,1068.62
4/9/2022 20:00,4/9/2022 16:00,SOUTH,816.28
4/9/2022 21:00,4/9/2022 17:00,SOUTH,498.131
4/9/2022 22:00,4/9/2022 18:00,SOUTH,301.979
4/9/2022 23:00,4/9/2022 19:00,SOUTH,33.824
4/10/2022 0:00,4/9/2022 20:00,SOUTH,-3.706
4/10/2022 1:00,4/9/2022 21:00,SOUTH,-4.127
4/10/2022 2:00,4/9/2022 22:00,SOUTH,-4.124
4/10/2022 3:00,4/9/2022 23:00,SOUTH,-3.992
4/10/2022 4:00,4/10/2022 0:00,SOUTH,-4.124
4/10/2022 5:00,4/10/2022 1:00,SOUTH,-3.985
4/10/2022 6:00,4/10/2022 2:00,SOUTH,-4.053
4/10/2022 7:00,4/10/2022 3:00,SOUTH,-4.084
4/10/2022 8:00,4/10/2022 4:00,SOUTH,-4.063
4/10/2022 9:00,4/10/2022 5:00,SOUTH,-3.985
4/10/2022 10:00,4/10/2022 6:00,SOUTH,6.84
4/10/2022 11:00,4/10/2022 7:00,SOUTH,644.863
4/10/2022 12:00,4/10/2022 8:00,SOUTH,1872.517
4/10/2022 13:00,4/10/2022 9:00,SOUTH,2204.243
4/10/2022 14:00,4/10/2022 10:00,SOUTH,2057.591
4/10/2022 15:00,4/10/2022 11:00,SOUTH,2271.936
4/10/2022 16:00,4/10/2022 12:00,SOUTH,2367.4
4/10/2022 17:00,4/10/2022 13:00,SOUTH,2423.197
4/10/2022 18:00,4/10/2022 14:00,SOUTH,2458.883
4/10/2022 19:00,4/10/2022 15:00,SOUTH,2551.429
4/10/2022 20:00,4/10/2022 16:00,SOUTH,2661.777
4/10/2022 21:00,4/10/2022 17:00,SOUTH,2528.774
4/10/2022 22:00,4/10/2022 18:00,SOUTH,1243.755
4/10/2022 23:00,4/10/2022 19:00,SOUTH,120.189
4/11/2022 0:00,4/10/2022 20:00,SOUTH,-1.309
4/11/2022 1:00,4/10/2022 21:00,SOUTH,-4.233
4/11/2022 2:00,4/10/2022 22:00,SOUTH,-4.16
4/11/2022 3:00,4/10/2022 23:00,SOUTH,-4.197
4/11/2022 4:00,4/11/2022 0:00,SOUTH,-4.182
4/11/2022 5:00,4/11/2022 1:00,SOUTH,-4.067
4/11/2022 6:00,4/11/2022 2:00,SOUTH,-4.145
4/11/2022 7:00,4/11/2022 3:00,SOUTH,-4.16
4/11/2022 8:00,4/11/2022 4:00,SOUTH,-4.213
4/11/2022 9:00,4/11/2022 5:00,SOUTH,-4.201
4/11/2022 10:00,4/11/2022 6:00,SOUTH,13.959
4/11/2022 11:00,4/11/2022 7:00,SOUTH,624.787
4/11/2022 12:00,4/11/2022 8:00,SOUTH,2095.624
4/11/2022 13:00,4/11/2022 9:00,SOUTH,2707.542
4/11/2022 14:00,4/11/2022 10:00,SOUTH,2723.569
4/11/2022 15:00,4/11/2022 11:00,SOUTH,2742.098
4/11/2022 16:00,4/11/2022 12:00,SOUTH,2727.921
4/11/2022 17:00,4/11/2022 13:00,SOUTH,2757.194
4/11/2022 18:00,4/11/2022 14:00,SOUTH,2732.85
4/11/2022 19:00,4/11/2022 15:00,SOUTH,2663.017
4/11/2022 20:00,4/11/2022 16:00,SOUTH,2190.985
4/11/2022 21:00,4/11/2022 17:00,SOUTH,1529.516
4/11/2022 22:00,4/11/2022 18:00,SOUTH,508.281
4/11/2022 23:00,4/11/2022 19:00,SOUTH,36.256
4/12/2022 0:00,4/11/2022 20:00,SOUTH,-4.083
4/12/2022 1:00,4/11/2022 21:00,SOUTH,-3.946
4/12/2022 2:00,4/11/2022 22:00,SOUTH,-4.098
4/12/2022 3:00,4/11/2022 23:00,SOUTH,-4.031
4/12/2022 4:00,4/12/2022 0:00,SOUTH,-4.02
4/12/2022 5:00,4/12/2022 1:00,SOUTH,-4.156
4/12/2022 6:00,4/12/2022 2:00,SOUTH,-4.001
4/12/2022 7:00,4/12/2022 3:00,SOUTH,-4.023
4/12/2022 8:00,4/12/2022 4:00,SOUTH,-4.155
4/12/2022 9:00,4/12/2022 5:00,SOUTH,-4.056
4/12/2022 10:00,4/12/2022 6:00,SOUTH,4.467
4/12/2022 11:00,4/12/2022 7:00,SOUTH,282.423
4/12/2022 12:00,4/12/2022 8:00,SOUTH,451.109
4/12/2022 13:00,4/12/2022 9:00,SOUTH,491.817
4/12/2022 14:00,4/12/2022 10:00,SOUTH,846.232
4/12/2022 15:00,4/12/2022 11:00,SOUTH,1653.624
4/12/2022 16:00,4/12/2022 12:00,SOUTH,2242.237
4/12/2022 17:00,4/12/2022 13:00,SOUTH,2389.659
4/12/2022 18:00,4/12/2022 14:00,SOUTH,2353.794
4/12/2022 19:00,4/12/2022 15:00,SOUTH,2160.45
4/12/2022 20:00,4/12/2022 16:00,SOUTH,1813.343
4/12/2022 21:00,4/12/2022 17:00,SOUTH,1205.655
4/12/2022 22:00,4/12/2022 18:00,SOUTH,580.372
4/12/2022 23:00,4/12/2022 19:00,SOUTH,55.304
4/13/2022 0:00,4/12/2022 20:00,SOUTH,-4.223
4/13/2022 1:00,4/12/2022 21:00,SOUTH,-4.031
4/13/2022 2:00,4/12/2022 22:00,SOUTH,-4.06
4/13/2022 3:00,4/12/2022 23:00,SOUTH,-4.116
4/13/2022 4:00,4/13/2022 0:00,SOUTH,-3.859
4/13/2022 5:00,4/13/2022 1:00,SOUTH,-3.971
4/13/2022 6:00,4/13/2022 2:00,SOUTH,-3.998
4/13/2022 7:00,4/13/2022 3:00,SOUTH,-3.832
4/13/2022 8:00,4/13/2022 4:00,SOUTH,-3.923
4/13/2022 9:00,4/13/2022 5:00,SOUTH,-3.903
4/13/2022 10:00,4/13/2022 6:00,SOUTH,5.126
4/13/2022 11:00,4/13/2022 7:00,SOUTH,352.498
4/13/2022 12:00,4/13/2022 8:00,SOUTH,1418.482
4/13/2022 13:00,4/13/2022 9:00,SOUTH,2100.502
4/13/2022 14:00,4/13/2022 10:00,SOUTH,2574.571
4/13/2022 15:00,4/13/2022 11:00,SOUTH,2533.052
4/13/2022 16:00,4/13/2022 12:00,SOUTH,2592.177
4/13/2022 17:00,4/13/2022 13:00,SOUTH,2639.755
4/13/2022 18:00,4/13/2022 14:00,SOUTH,2608.087
4/13/2022 19:00,4/13/2022 15:00,SOUTH,2514.526
4/13/2022 20:00,4/13/2022 16:00,SOUTH,2160.08
4/13/2022 21:00,4/13/2022 17:00,SOUTH,1706.055
4/13/2022 22:00,4/13/2022 18:00,SOUTH,692.556
4/13/2022 23:00,4/13/2022 19:00,SOUTH,51.685
4/14/2022 0:00,4/13/2022 20:00,SOUTH,-4.097
4/14/2022 1:00,4/13/2022 21:00,SOUTH,-3.922
4/14/2022 2:00,4/13/2022 22:00,SOUTH,-3.969
4/14/2022 3:00,4/13/2022 23:00,SOUTH,-3.919
4/14/2022 4:00,4/14/2022 0:00,SOUTH,-4.068
4/14/2022 5:00,4/14/2022 1:00,SOUTH,-4.063
4/14/2022 6:00,4/14/2022 2:00,SOUTH,-4.027
4/14/2022 7:00,4/14/2022 3:00,SOUTH,-4.17
4/14/2022 8:00,4/14/2022 4:00,SOUTH,-4.023
4/14/2022 9:00,4/14/2022 5:00,SOUTH,-4.103
4/14/2022 10:00,4/14/2022 6:00,SOUTH,7.922
4/14/2022 11:00,4/14/2022 7:00,SOUTH,529.207
4/14/2022 12:00,4/14/2022 8:00,SOUTH,1754.785
4/14/2022 13:00,4/14/2022 9:00,SOUTH,2159.482
4/14/2022 14:00,4/14/2022 10:00,SOUTH,2107.618
4/14/2022 15:00,4/14/2022 11:00,SOUTH,2232.666
4/14/2022 16:00,4/14/2022 12:00,SOUTH,2076.004
4/14/2022 17:00,4/14/2022 13:00,SOUTH,1901.563
4/14/2022 18:00,4/14/2022 14:00,SOUTH,1343.549
4/14/2022 19:00,4/14/2022 15:00,SOUTH,1090.155
4/14/2022 20:00,4/14/2022 16:00,SOUTH,832.437
4/14/2022 21:00,4/14/2022 17:00,SOUTH,785.509
4/14/2022 22:00,4/14/2022 18:00,SOUTH,463.882
4/14/2022 23:00,4/14/2022 19:00,SOUTH,41.715
4/15/2022 0:00,4/14/2022 20:00,SOUTH,-4.043
4/15/2022 1:00,4/14/2022 21:00,SOUTH,-4.197
4/15/2022 2:00,4/14/2022 22:00,SOUTH,-4.136
4/15/2022 3:00,4/14/2022 23:00,SOUTH,-4.051
4/15/2022 4:00,4/15/2022 0:00,SOUTH,-4.123
4/15/2022 5:00,4/15/2022 1:00,SOUTH,-4.039
4/15/2022 6:00,4/15/2022 2:00,SOUTH,-4.045
4/15/2022 7:00,4/15/2022 3:00,SOUTH,-4.08
4/15/2022 8:00,4/15/2022 4:00,SOUTH,-4.09
4/15/2022 9:00,4/15/2022 5:00,SOUTH,-3.568
4/15/2022 10:00,4/15/2022 6:00,SOUTH,16.838
4/15/2022 11:00,4/15/2022 7:00,SOUTH,689.952
4/15/2022 12:00,4/15/2022 8:00,SOUTH,1914.105
4/15/2022 13:00,4/15/2022 9:00,SOUTH,2529.84
4/15/2022 14:00,4/15/2022 10:00,SOUTH,2592.802
4/15/2022 15:00,4/15/2022 11:00,SOUTH,2584.671
4/15/2022 16:00,4/15/2022 12:00,SOUTH,2651.915
4/15/2022 17:00,4/15/2022 13:00,SOUTH,2730.34
4/15/2022 18:00,4/15/2022 14:00,SOUTH,2710.897
4/15/2022 19:00,4/15/2022 15:00,SOUTH,2773.803
4/15/2022 20:00,4/15/2022 16:00,SOUTH,2740.36
4/15/2022 21:00,4/15/2022 17:00,SOUTH,2348.854
4/15/2022 22:00,4/15/2022 18:00,SOUTH,1097.958
4/15/2022 23:00,4/15/2022 19:00,SOUTH,82.78
4/16/2022 0:00,4/15/2022 20:00,SOUTH,-4.163
4/16/2022 1:00,4/15/2022 21:00,SOUTH,-4.085
4/16/2022 2:00,4/15/2022 22:00,SOUTH,-4.212
4/16/2022 3:00,4/15/2022 23:00,SOUTH,-4.237
4/16/2022 4:00,4/16/2022 0:00,SOUTH,-3.998
4/16/2022 5:00,4/16/2022 1:00,SOUTH,-4.211
4/16/2022 6:00,4/16/2022 2:00,SOUTH,-4.05
4/16/2022 7:00,4/16/2022 3:00,SOUTH,-4.1
4/16/2022 8:00,4/16/2022 4:00,SOUTH,-4.119
4/16/2022 9:00,4/16/2022 5:00,SOUTH,-4.104
4/16/2022 10:00,4/16/2022 6:00,SOUTH,2.063
4/16/2022 11:00,4/16/2022 7:00,SOUTH,112.09
4/16/2022 12:00,4/16/2022 8:00,SOUTH,298.724
4/16/2022 13:00,4/16/2022 9:00,SOUTH,607.501
4/16/2022 14:00,4/16/2022 10:00,SOUTH,1082.171
4/16/2022 15:00,4/16/2022 11:00,SOUTH,1539.717
4/16/2022 16:00,4/16/2022 12:00,SOUTH,1992.926
4/16/2022 17:00,4/16/2022 13:00,SOUTH,2259.816
4/16/2022 18:00,4/16/2022 14:00,SOUTH,2293.484
4/16/2022 19:00,4/16/2022 15:00,SOUTH,2256.185
4/16/2022 20:00,4/16/2022 16:00,SOUTH,1903.042
4/16/2022 21:00,4/16/2022 17:00,SOUTH,1686.982
4/16/2022 22:00,4/16/2022 18:00,SOUTH,783.832
4/16/2022 23:00,4/16/2022 19:00,SOUTH,64.235
4/17/2022 0:00,4/16/2022 20:00,SOUTH,-4.255
4/17/2022 1:00,4/16/2022 21:00,SOUTH,-4.113
4/17/2022 2:00,4/16/2022 22:00,SOUTH,-4.036
4/17/2022 3:00,4/16/2022 23:00,SOUTH,-4.115
4/17/2022 4:00,4/17/2022 0:00,SOUTH,-4.088
4/17/2022 5:00,4/17/2022 1:00,SOUTH,-4.172
4/17/2022 6:00,4/17/2022 2:00,SOUTH,-4.142
4/17/2022 7:00,4/17/2022 3:00,SOUTH,-4.104
4/17/2022 8:00,4/17/2022 4:00,SOUTH,-4.075
4/17/2022 9:00,4/17/2022 5:00,SOUTH,-4.032
4/17/2022 10:00,4/17/2022 6:00,SOUTH,18.93
4/17/2022 11:00,4/17/2022 7:00,SOUTH,438.076
4/17/2022 12:00,4/17/2022 8:00,SOUTH,1466.044
4/17/2022 13:00,4/17/2022 9:00,SOUTH,1992.518
4/17/2022 14:00,4/17/2022 10:00,SOUTH,2097.206
4/17/2022 15:00,4/17/2022 11:00,SOUTH,2287.165
4/17/2022 16:00,4/17/2022 12:00,SOUTH,2341.231
4/17/2022 17:00,4/17/2022 13:00,SOUTH,2360.474
4/17/2022 18:00,4/17/2022 14:00,SOUTH,2277.758
4/17/2022 19:00,4/17/2022 15:00,SOUTH,2225.696
4/17/2022 20:00,4/17/2022 16:00,SOUTH,2221.175
4/17/2022 21:00,4/17/2022 17:00,SOUTH,2058.781
4/17/2022 22:00,4/17/2022 18:00,SOUTH,1026.177
4/17/2022 23:00,4/17/2022 19:00,SOUTH,80.469
4/18/2022 0:00,4/17/2022 20:00,SOUTH,-4.298
4/18/2022 1:00,4/17/2022 21:00,SOUTH,-4.268
4/18/2022 2:00,4/17/2022 22:00,SOUTH,-4.063
4/18/2022 3:00,4/17/2022 23:00,SOUTH,-4.139
4/18/2022 4:00,4/18/2022 0:00,SOUTH,-4.027
4/18/2022 5:00,4/18/2022 1:00,SOUTH,-4.088
4/18/2022 6:00,4/18/2022 2:00,SOUTH,-4.089
4/18/2022 7:00,4/18/2022 3:00,SOUTH,-4.18
4/18/2022 8:00,4/18/2022 4:00,SOUTH,-4.05
4/18/2022 9:00,4/18/2022 5:00,SOUTH,-4.049
4/18/2022 10:00,4/18/2022 6:00,SOUTH,0.017
4/18/2022 11:00,4/18/2022 7:00,SOUTH,80.101
4/18/2022 12:00,4/18/2022 8:00,SOUTH,172.648
4/18/2022 13:00,4/18/2022 9:00,SOUTH,174.321
4/18/2022 14:00,4/18/2022 10:00,SOUTH,278.625
4/18/2022 15:00,4/18/2022 11:00,SOUTH,404.177
4/18/2022 16:00,4/18/2022 12:00,SOUTH,478.761
4/18/2022 17:00,4/18/2022 13:00,SOUTH,390.958
4/18/2022 18:00,4/18/2022 14:00,SOUTH,240.804
4/18/2022 19:00,4/18/2022 15:00,SOUTH,350.064
4/18/2022 20:00,4/18/2022 16:00,SOUTH,266.158
4/18/2022 21:00,4/18/2022 17:00,SOUTH,181.777
4/18/2022 22:00,4/18/2022 18:00,SOUTH,101.527
4/18/2022 23:00,4/18/2022 19:00,SOUTH,24.174
4/19/2022 0:00,4/18/2022 20:00,SOUTH,-4.118
4/19/2022 1:00,4/18/2022 21:00,SOUTH,-4.135
4/19/2022 2:00,4/18/2022 22:00,SOUTH,-4.207
4/19/2022 3:00,4/18/2022 23:00,SOUTH,-4.017
4/19/2022 4:00,4/19/2022 0:00,SOUTH,-4.201
4/19/2022 5:00,4/19/2022 1:00,SOUTH,-4.173
4/19/2022 6:00,4/19/2022 2:00,SOUTH,-4.052
4/19/2022 7:00,4/19/2022 3:00,SOUTH,-4.092
4/19/2022 8:00,4/19/2022 4:00,SOUTH,-4.225
4/19/2022 9:00,4/19/2022 5:00,SOUTH,-3.95
4/19/2022 10:00,4/19/2022 6:00,SOUTH,35.864
4/19/2022 11:00,4/19/2022 7:00,SOUTH,977.605
4/19/2022 12:00,4/19/2022 8:00,SOUTH,2408.958
4/19/2022 13:00,4/19/2022 9:00,SOUTH,2583.359
4/19/2022 14:00,4/19/2022 10:00,SOUTH,2238.963
4/19/2022 15:00,4/19/2022 11:00,SOUTH,2041.268
4/19/2022 16:00,4/19/2022 12:00,SOUTH,1958.971
4/19/2022 17:00,4/19/2022 13:00,SOUTH,2264.908
4/19/2022 18:00,4/19/2022 14:00,SOUTH,2453.759
4/19/2022 19:00,4/19/2022 15:00,SOUTH,2551.699
4/19/2022 20:00,4/19/2022 16:00,SOUTH,2555.508
4/19/2022 21:00,4/19/2022 17:00,SOUTH,2270.363
4/19/2022 22:00,4/19/2022 18:00,SOUTH,1247.541
4/19/2022 23:00,4/19/2022 19:00,SOUTH,119.424
4/20/2022 0:00,4/19/2022 20:00,SOUTH,-4.629
4/20/2022 1:00,4/19/2022 21:00,SOUTH,-4.169
4/20/2022 2:00,4/19/2022 22:00,SOUTH,-4.23
4/20/2022 3:00,4/19/2022 23:00,SOUTH,-4.138
4/20/2022 4:00,4/20/2022 0:00,SOUTH,-4.206
4/20/2022 5:00,4/20/2022 1:00,SOUTH,-4.123
4/20/2022 6:00,4/20/2022 2:00,SOUTH,-4.101
4/20/2022 7:00,4/20/2022 3:00,SOUTH,-4.134
4/20/2022 8:00,4/20/2022 4:00,SOUTH,-4.229
4/20/2022 9:00,4/20/2022 5:00,SOUTH,-3.983
4/20/2022 10:00,4/20/2022 6:00,SOUTH,49.79
4/20/2022 11:00,4/20/2022 7:00,SOUTH,975.583
4/20/2022 12:00,4/20/2022 8:00,SOUTH,2394.424
4/20/2022 13:00,4/20/2022 9:00,SOUTH,2751.949
4/20/2022 14:00,4/20/2022 10:00,SOUTH,2791.181
4/20/2022 15:00,4/20/2022 11:00,SOUTH,2802.29
4/20/2022 16:00,4/20/2022 12:00,SOUTH,2813.302
4/20/2022 17:00,4/20/2022 13:00,SOUTH,2831.092
4/20/2022 18:00,4/20/2022 14:00,SOUTH,2852.802
4/20/2022 19:00,4/20/2022 15:00,SOUTH,2833.336
4/20/2022 20:00,4/20/2022 16:00,SOUTH,2788.533
4/20/2022 21:00,4/20/2022 17:00,SOUTH,2517.786
4/20/2022 22:00,4/20/2022 18:00,SOUTH,1263.005
4/20/2022 23:00,4/20/2022 19:00,SOUTH,100.169
4/21/2022 0:00,4/20/2022 20:00,SOUTH,-4.508
4/21/2022 1:00,4/20/2022 21:00,SOUTH,-4.194
4/21/2022 2:00,4/20/2022 22:00,SOUTH,-4.329
4/21/2022 3:00,4/20/2022 23:00,SOUTH,-4.287
4/21/2022 4:00,4/21/2022 0:00,SOUTH,-4.184
4/21/2022 5:00,4/21/2022 1:00,SOUTH,-4.298
4/21/2022 6:00,4/21/2022 2:00,SOUTH,-4.215
4/21/2022 7:00,4/21/2022 3:00,SOUTH,-4.234
4/21/2022 8:00,4/21/2022 4:00,SOUTH,-4.38
4/21/2022 9:00,4/21/2022 5:00,SOUTH,-3.813
4/21/2022 10:00,4/21/2022 6:00,SOUTH,46.696
4/21/2022 11:00,4/21/2022 7:00,SOUTH,885.882
4/21/2022 12:00,4/21/2022 8:00,SOUTH,2198.341
4/21/2022 13:00,4/21/2022 9:00,SOUTH,2357.166
4/21/2022 14:00,4/21/2022 10:00,SOUTH,2180.658
4/21/2022 15:00,4/21/2022 11:00,SOUTH,2219.42
4/21/2022 16:00,4/21/2022 12:00,SOUTH,2327.698
4/21/2022 17:00,4/21/2022 13:00,SOUTH,2400.781
4/21/2022 18:00,4/21/2022 14:00,SOUTH,2211.172
4/21/2022 19:00,4/21/2022 15:00,SOUTH,2206.845
4/21/2022 20:00,4/21/2022 16:00,SOUTH,1649.466
4/21/2022 21:00,4/21/2022 17:00,SOUTH,1199.75
4/21/2022 22:00,4/21/2022 18:00,SOUTH,586.504
4/21/2022 23:00,4/21/2022 19:00,SOUTH,80.244
4/22/2022 0:00,4/21/2022 20:00,SOUTH,-4.255
4/22/2022 1:00,4/21/2022 21:00,SOUTH,-4.018
4/22/2022 2:00,4/21/2022 22:00,SOUTH,-4.2
4/22/2022 3:00,4/21/2022 23:00,SOUTH,-4.165
4/22/2022 4:00,4/22/2022 0:00,SOUTH,-4.193
4/22/2022 5:00,4/22/2022 1:00,SOUTH,-4.194
4/22/2022 6:00,4/22/2022 2:00,SOUTH,-4.306
4/22/2022 7:00,4/22/2022 3:00,SOUTH,-4.142
4/22/2022 8:00,4/22/2022 4:00,SOUTH,-4.302
4/22/2022 9:00,4/22/2022 5:00,SOUTH,-4.018
4/22/2022 10:00,4/22/2022 6:00,SOUTH,42.996
4/22/2022 11:00,4/22/2022 7:00,SOUTH,831.769
4/22/2022 12:00,4/22/2022 8:00,SOUTH,2269.129
4/22/2022 13:00,4/22/2022 9:00,SOUTH,2830.869
4/22/2022 14:00,4/22/2022 10:00,SOUTH,2935.005
4/22/2022 15:00,4/22/2022 11:00,SOUTH,2918.943
4/22/2022 16:00,4/22/2022 12:00,SOUTH,2835.317
4/22/2022 17:00,4/22/2022 13:00,SOUTH,2857.449
4/22/2022 18:00,4/22/2022 14:00,SOUTH,2756.364
4/22/2022 19:00,4/22/2022 15:00,SOUTH,2657.41
4/22/2022 20:00,4/22/2022 16:00,SOUTH,2651.618
4/22/2022 21:00,4/22/2022 17:00,SOUTH,2329.156
4/22/2022 22:00,4/22/2022 18:00,SOUTH,1259.106
4/22/2022 23:00,4/22/2022 19:00,SOUTH,138.353
4/23/2022 0:00,4/22/2022 20:00,SOUTH,-4.518
4/23/2022 1:00,4/22/2022 21:00,SOUTH,-4.042
4/23/2022 2:00,4/22/2022 22:00,SOUTH,-4.219
4/23/2022 3:00,4/22/2022 23:00,SOUTH,-4.191
4/23/2022 4:00,4/23/2022 0:00,SOUTH,-4.106
4/23/2022 5:00,4/23/2022 1:00,SOUTH,-4.307
4/23/2022 6:00,4/23/2022 2:00,SOUTH,-4.129
4/23/2022 7:00,4/23/2022 3:00,SOUTH,-4.173
4/23/2022 8:00,4/23/2022 4:00,SOUTH,-4.16
4/23/2022 9:00,4/23/2022 5:00,SOUTH,-3.885
4/23/2022 10:00,4/23/2022 6:00,SOUTH,46.461
4/23/2022 11:00,4/23/2022 7:00,SOUTH,766.298
4/23/2022 12:00,4/23/2022 8:00,SOUTH,2007.693
4/23/2022 13:00,4/23/2022 9:00,SOUTH,2628.607
4/23/2022 14:00,4/23/2022 10:00,SOUTH,2763.741
4/23/2022 15:00,4/23/2022 11:00,SOUTH,2893.583
4/23/2022 16:00,4/23/2022 12:00,SOUTH,2932.118
4/23/2022 17:00,4/23/2022 13:00,SOUTH,2861.809
4/23/2022 18:00,4/23/2022 14:00,SOUTH,2879.632
4/23/2022 19:00,4/23/2022 15:00,SOUTH,2724.33
4/23/2022 20:00,4/23/2022 16:00,SOUTH,2498.171
4/23/2022 21:00,4/23/2022 17:00,SOUTH,2214.759
4/23/2022 22:00,4/23/2022 18:00,SOUTH,1130.508
4/23/2022 23:00,4/23/2022 19:00,SOUTH,126.776
4/24/2022 0:00,4/23/2022 20:00,SOUTH,-4.57
4/24/2022 1:00,4/23/2022 21:00,SOUTH,-4.028
4/24/2022 2:00,4/23/2022 22:00,SOUTH,-4.217
4/24/2022 3:00,4/23/2022 23:00,SOUTH,-4.217
4/24/2022 4:00,4/24/2022 0:00,SOUTH,-4.19
4/24/2022 5:00,4/24/2022 1:00,SOUTH,-4.244
4/24/2022 6:00,4/24/2022 2:00,SOUTH,-4.197
4/24/2022 7:00,4/24/2022 3:00,SOUTH,-4.223
4/24/2022 8:00,4/24/2022 4:00,SOUTH,-4.119
4/24/2022 9:00,4/24/2022 5:00,SOUTH,-3.852
4/24/2022 10:00,4/24/2022 6:00,SOUTH,47.348
4/24/2022 11:00,4/24/2022 7:00,SOUTH,901.621
4/24/2022 12:00,4/24/2022 8:00,SOUTH,2322.008
4/24/2022 13:00,4/24/2022 9:00,SOUTH,2822.424
4/24/2022 14:00,4/24/2022 10:00,SOUTH,2912.045
4/24/2022 15:00,4/24/2022 11:00,SOUTH,2930.503
4/24/2022 16:00,4/24/2022 12:00,SOUTH,2922.232
4/24/2022 17:00,4/24/2022 13:00,SOUTH,2924.222
4/24/2022 18:00,4/24/2022 14:00,SOUTH,2906.556
4/24/2022 19:00,4/24/2022 15:00,SOUTH,2861.187
4/24/2022 20:00,4/24/2022 16:00,SOUTH,2707.967
4/24/2022 21:00,4/24/2022 17:00,SOUTH,2423.243
4/24/2022 22:00,4/24/2022 18:00,SOUTH,1268.932
4/24/2022 23:00,4/24/2022 19:00,SOUTH,145.387
4/25/2022 0:00,4/24/2022 20:00,SOUTH,-4.425
4/25/2022 1:00,4/24/2022 21:00,SOUTH,-4.192
4/25/2022 2:00,4/24/2022 22:00,SOUTH,-4.175
4/25/2022 3:00,4/24/2022 23:00,SOUTH,-4.203
4/25/2022 4:00,4/25/2022 0:00,SOUTH,-4.145
4/25/2022 5:00,4/25/2022 1:00,SOUTH,-4.252
4/25/2022 6:00,4/25/2022 2:00,SOUTH,-4.212
4/25/2022 7:00,4/25/2022 3:00,SOUTH,-4.233
4/25/2022 8:00,4/25/2022 4:00,SOUTH,-4.386
4/25/2022 9:00,4/25/2022 5:00,SOUTH,-3.934
4/25/2022 10:00,4/25/2022 6:00,SOUTH,42.137
4/25/2022 11:00,4/25/2022 7:00,SOUTH,869.706
4/25/2022 12:00,4/25/2022 8:00,SOUTH,2058.245
4/25/2022 13:00,4/25/2022 9:00,SOUTH,2389.419
4/25/2022 14:00,4/25/2022 10:00,SOUTH,2477.977
4/25/2022 15:00,4/25/2022 11:00,SOUTH,2619.078
4/25/2022 16:00,4/25/2022 12:00,SOUTH,2870.435
4/25/2022 17:00,4/25/2022 13:00,SOUTH,2906.901
4/25/2022 18:00,4/25/2022 14:00,SOUTH,2855.316
4/25/2022 19:00,4/25/2022 15:00,SOUTH,2764.619
4/25/2022 20:00,4/25/2022 16:00,SOUTH,2643.952
4/25/2022 21:00,4/25/2022 17:00,SOUTH,2397.22
4/25/2022 22:00,4/25/2022 18:00,SOUTH,1305.058
4/25/2022 23:00,4/25/2022 19:00,SOUTH,138.542
4/26/2022 0:00,4/25/2022 20:00,SOUTH,-4.558
4/26/2022 1:00,4/25/2022 21:00,SOUTH,-4.174
4/26/2022 2:00,4/25/2022 22:00,SOUTH,-3.88
4/26/2022 3:00,4/25/2022 23:00,SOUTH,-4.176
4/26/2022 4:00,4/26/2022 0:00,SOUTH,-4.182
4/26/2022 5:00,4/26/2022 1:00,SOUTH,-4.305
4/26/2022 6:00,4/26/2022 2:00,SOUTH,-4.163
4/26/2022 7:00,4/26/2022 3:00,SOUTH,-4.143
4/26/2022 8:00,4/26/2022 4:00,SOUTH,-4.188
4/26/2022 9:00,4/26/2022 5:00,SOUTH,-2.197
4/26/2022 10:00,4/26/2022 6:00,SOUTH,81.57
4/26/2022 11:00,4/26/2022 7:00,SOUTH,884.25
4/26/2022 12:00,4/26/2022 8:00,SOUTH,1958.966
4/26/2022 13:00,4/26/2022 9:00,SOUTH,2327.353
4/26/2022 14:00,4/26/2022 10:00,SOUTH,2476
4/26/2022 15:00,4/26/2022 11:00,SOUTH,2624.832
4/26/2022 16:00,4/26/2022 12:00,SOUTH,2627.61
4/26/2022 17:00,4/26/2022 13:00,SOUTH,2257.228
4/26/2022 18:00,4/26/2022 14:00,SOUTH,1844.277
4/26/2022 19:00,4/26/2022 15:00,SOUTH,1666.442
4/26/2022 20:00,4/26/2022 16:00,SOUTH,1217.822
4/26/2022 21:00,4/26/2022 17:00,SOUTH,533.61
4/26/2022 22:00,4/26/2022 18:00,SOUTH,138.926
4/26/2022 23:00,4/26/2022 19:00,SOUTH,17.241
4/27/2022 0:00,4/26/2022 20:00,SOUTH,-4.21
4/27/2022 1:00,4/26/2022 21:00,SOUTH,-4.145
4/27/2022 2:00,4/26/2022 22:00,SOUTH,-4.212
4/27/2022 3:00,4/26/2022 23:00,SOUTH,-4.159
4/27/2022 4:00,4/27/2022 0:00,SOUTH,-4.094
4/27/2022 5:00,4/27/2022 1:00,SOUTH,-4.1
4/27/2022 6:00,4/27/2022 2:00,SOUTH,-4.151
4/27/2022 7:00,4/27/2022 3:00,SOUTH,-4.162
4/27/2022 8:00,4/27/2022 4:00,SOUTH,-4.059
4/27/2022 9:00,4/27/2022 5:00,SOUTH,-3.86
4/27/2022 10:00,4/27/2022 6:00,SOUTH,57.531
4/27/2022 11:00,4/27/2022 7:00,SOUTH,976.451
4/27/2022 12:00,4/27/2022 8:00,SOUTH,2425.015
4/27/2022 13:00,4/27/2022 9:00,SOUTH,2912.108
4/27/2022 14:00,4/27/2022 10:00,SOUTH,2954.218
4/27/2022 15:00,4/27/2022 11:00,SOUTH,2923.044
4/27/2022 16:00,4/27/2022 12:00,SOUTH,2872.76
4/27/2022 17:00,4/27/2022 13:00,SOUTH,2893.643
4/27/2022 18:00,4/27/2022 14:00,SOUTH,2886.012
4/27/2022 19:00,4/27/2022 15:00,SOUTH,2902.165
4/27/2022 20:00,4/27/2022 16:00,SOUTH,2857.596
4/27/2022 21:00,4/27/2022 17:00,SOUTH,2624.08
4/27/2022 22:00,4/27/2022 18:00,SOUTH,1451.167
4/27/2022 23:00,4/27/2022 19:00,SOUTH,198.076
4/28/2022 0:00,4/27/2022 20:00,SOUTH,-5.6
4/28/2022 1:00,4/27/2022 21:00,SOUTH,-4.368
4/28/2022 2:00,4/27/2022 22:00,SOUTH,-4.206
4/28/2022 3:00,4/27/2022 23:00,SOUTH,-4.177
4/28/2022 4:00,4/28/2022 0:00,SOUTH,-4.217
4/28/2022 5:00,4/28/2022 1:00,SOUTH,-4.214
4/28/2022 6:00,4/28/2022 2:00,SOUTH,-4.096
4/28/2022 7:00,4/28/2022 3:00,SOUTH,-4.237
4/28/2022 8:00,4/28/2022 4:00,SOUTH,-4.099
4/28/2022 9:00,4/28/2022 5:00,SOUTH,-3.586
4/28/2022 10:00,4/28/2022 6:00,SOUTH,99.451
4/28/2022 11:00,4/28/2022 7:00,SOUTH,1225.455
4/28/2022 12:00,4/28/2022 8:00,SOUTH,2662.336
4/28/2022 13:00,4/28/2022 9:00,SOUTH,2979.644
4/28/2022 14:00,4/28/2022 10:00,SOUTH,2993.406
4/28/2022 15:00,4/28/2022 11:00,SOUTH,3000.52
4/28/2022 16:00,4/28/2022 12:00,SOUTH,3017.685
4/28/2022 17:00,4/28/2022 13:00,SOUTH,3026.483
4/28/2022 18:00,4/28/2022 14:00,SOUTH,3020.59
4/28/2022 19:00,4/28/2022 15:00,SOUTH,3002.154
4/28/2022 20:00,4/28/2022 16:00,SOUTH,2963.695
4/28/2022 21:00,4/28/2022 17:00,SOUTH,2702.706
4/28/2022 22:00,4/28/2022 18:00,SOUTH,1445.938
4/28/2022 23:00,4/28/2022 19:00,SOUTH,208.512
4/29/2022 0:00,4/28/2022 20:00,SOUTH,-4.84
4/29/2022 1:00,4/28/2022 21:00,SOUTH,-4.195
4/29/2022 2:00,4/28/2022 22:00,SOUTH,-4.304
4/29/2022 3:00,4/28/2022 23:00,SOUTH,-4.354
4/29/2022 4:00,4/29/2022 0:00,SOUTH,-4.235
4/29/2022 5:00,4/29/2022 1:00,SOUTH,-4.272
4/29/2022 6:00,4/29/2022 2:00,SOUTH,-4.342
4/29/2022 7:00,4/29/2022 3:00,SOUTH,-4.379
4/29/2022 8:00,4/29/2022 4:00,SOUTH,-4.385
4/29/2022 9:00,4/29/2022 5:00,SOUTH,-3.535
4/29/2022 10:00,4/29/2022 6:00,SOUTH,76.251
4/29/2022 11:00,4/29/2022 7:00,SOUTH,777.727
4/29/2022 12:00,4/29/2022 8:00,SOUTH,1728.714
4/29/2022 13:00,4/29/2022 9:00,SOUTH,2121.875
4/29/2022 14:00,4/29/2022 10:00,SOUTH,2512.894
4/29/2022 15:00,4/29/2022 11:00,SOUTH,2620.81
4/29/2022 16:00,4/29/2022 12:00,SOUTH,2393.899
4/29/2022 17:00,4/29/2022 13:00,SOUTH,2378.782
4/29/2022 18:00,4/29/2022 14:00,SOUTH,2557.116
4/29/2022 19:00,4/29/2022 15:00,SOUTH,2556.614
4/29/2022 20:00,4/29/2022 16:00,SOUTH,2417.196
4/29/2022 21:00,4/29/2022 17:00,SOUTH,2123.072
4/29/2022 22:00,4/29/2022 18:00,SOUTH,1150.684
4/29/2022 23:00,4/29/2022 19:00,SOUTH,173.603
4/30/2022 0:00,4/29/2022 20:00,SOUTH,-3.658
4/30/2022 1:00,4/29/2022 21:00,SOUTH,-4.244
4/30/2022 2:00,4/29/2022 22:00,SOUTH,-4.169
4/30/2022 3:00,4/29/2022 23:00,SOUTH,-4.213
4/30/2022 4:00,4/30/2022 0:00,SOUTH,-4.27
4/30/2022 5:00,4/30/2022 1:00,SOUTH,-4.265
4/30/2022 6:00,4/30/2022 2:00,SOUTH,-4.28
4/30/2022 7:00,4/30/2022 3:00,SOUTH,-4.143
4/30/2022 8:00,4/30/2022 4:00,SOUTH,-4.221
4/30/2022 9:00,4/30/2022 5:00,SOUTH,-2.889
4/30/2022 10:00,4/30/2022 6:00,SOUTH,66.708
4/30/2022 11:00,4/30/2022 7:00,SOUTH,492.283
4/30/2022 12:00,4/30/2022 8:00,SOUTH,1063.274
4/30/2022 13:00,4/30/2022 9:00,SOUTH,1490.663
4/30/2022 14:00,4/30/2022 10:00,SOUTH,2085.453
4/30/2022 15:00,4/30/2022 11:00,SOUTH,1990.717
4/30/2022 16:00,4/30/2022 12:00,SOUTH,1823.299
4/30/2022 17:00,4/30/2022 13:00,SOUTH,1439.815
4/30/2022 18:00,4/30/2022 14:00,SOUTH,1170.782
4/30/2022 19:00,4/30/2022 15:00,SOUTH,973.39
4/30/2022 20:00,4/30/2022 16:00,SOUTH,913.015
4/30/2022 21:00,4/30/2022 17:00,SOUTH,906.709
4/30/2022 22:00,4/30/2022 18:00,SOUTH,482.066
4/30/2022 23:00,4/30/2022 19:00,SOUTH,82.798
5/1/2022 0:00,4/30/2022 20:00,SOUTH,-2.55
5/1/2022 1:00,4/30/2022 21:00,SOUTH,-4.127
5/1/2022 2:00,4/30/2022 22:00,SOUTH,-4.129
5/1/2022 3:00,4/30/2022 23:00,SOUTH,-4.083
5/1/2022 4:00,5/1/2022 0:00,SOUTH,-4.111
5/1/2022 5:00,5/1/2022 1:00,SOUTH,-4.164
5/1/2022 6:00,5/1/2022 2:00,SOUTH,-4.149
5/1/2022 7:00,5/1/2022 3:00,SOUTH,-4.174
5/1/2022 8:00,5/1/2022 4:00,SOUTH,-4.129
5/1/2022 9:00,5/1/2022 5:00,SOUTH,-4.095
5/1/2022 10:00,5/1/2022 6:00,SOUTH,51.794
5/1/2022 11:00,5/1/2022 7:00,SOUTH,699.97
5/1/2022 12:00,5/1/2022 8:00,SOUTH,1805.326
5/1/2022 13:00,5/1/2022 9:00,SOUTH,2375.799
5/1/2022 14:00,5/1/2022 10:00,SOUTH,2430.327
5/1/2022 15:00,5/1/2022 11:00,SOUTH,2496.154
5/1/2022 16:00,5/1/2022 12:00,SOUTH,2656.986
5/1/2022 17:00,5/1/2022 13:00,SOUTH,2410.732
5/1/2022 18:00,5/1/2022 14:00,SOUTH,2302.048
5/1/2022 19:00,5/1/2022 15:00,SOUTH,1831.395
5/1/2022 20:00,5/1/2022 16:00,SOUTH,1522.591
5/1/2022 21:00,5/1/2022 17:00,SOUTH,819.796
5/1/2022 22:00,5/1/2022 18:00,SOUTH,281.913
5/1/2022 23:00,5/1/2022 19:00,SOUTH,29.931
5/2/2022 0:00,5/1/2022 20:00,SOUTH,-3.929
5/2/2022 1:00,5/1/2022 21:00,SOUTH,-3.934
5/2/2022 2:00,5/1/2022 22:00,SOUTH,-4.16
5/2/2022 3:00,5/1/2022 23:00,SOUTH,-4.074
5/2/2022 4:00,5/2/2022 0:00,SOUTH,-4.221
5/2/2022 5:00,5/2/2022 1:00,SOUTH,-4.191
5/2/2022 6:00,5/2/2022 2:00,SOUTH,-4.089
5/2/2022 7:00,5/2/2022 3:00,SOUTH,-4.053
5/2/2022 8:00,5/2/2022 4:00,SOUTH,-3.809
5/2/2022 9:00,5/2/2022 5:00,SOUTH,-3.334
5/2/2022 10:00,5/2/2022 6:00,SOUTH,69.643
5/2/2022 11:00,5/2/2022 7:00,SOUTH,824.338
5/2/2022 12:00,5/2/2022 8:00,SOUTH,1849.032
5/2/2022 13:00,5/2/2022 9:00,SOUTH,2478.369
5/2/2022 14:00,5/2/2022 10:00,SOUTH,2712.234
5/2/2022 15:00,5/2/2022 11:00,SOUTH,2837.266
5/2/2022 16:00,5/2/2022 12:00,SOUTH,2818.689
5/2/2022 17:00,5/2/2022 13:00,SOUTH,2758.476
5/2/2022 18:00,5/2/2022 14:00,SOUTH,2586.133
5/2/2022 19:00,5/2/2022 15:00,SOUTH,2434.245
5/2/2022 20:00,5/2/2022 16:00,SOUTH,2289.117
5/2/2022 21:00,5/2/2022 17:00,SOUTH,2030.037
5/2/2022 22:00,5/2/2022 18:00,SOUTH,1172.211
5/2/2022 23:00,5/2/2022 19:00,SOUTH,181.187
5/3/2022 0:00,5/2/2022 20:00,SOUTH,-4.482
5/3/2022 1:00,5/2/2022 21:00,SOUTH,-3.995
5/3/2022 2:00,5/2/2022 22:00,SOUTH,-4.051
5/3/2022 3:00,5/2/2022 23:00,SOUTH,-4.192
5/3/2022 4:00,5/3/2022 0:00,SOUTH,-4.058
5/3/2022 5:00,5/3/2022 1:00,SOUTH,-4.084
5/3/2022 6:00,5/3/2022 2:00,SOUTH,-4.069
5/3/2022 7:00,5/3/2022 3:00,SOUTH,-4.165
5/3/2022 8:00,5/3/2022 4:00,SOUTH,-4.193
5/3/2022 9:00,5/3/2022 5:00,SOUTH,-3.982
5/3/2022 10:00,5/3/2022 6:00,SOUTH,73.268
5/3/2022 11:00,5/3/2022 7:00,SOUTH,835.713
5/3/2022 12:00,5/3/2022 8:00,SOUTH,1619.39
5/3/2022 13:00,5/3/2022 9:00,SOUTH,1813.581
5/3/2022 14:00,5/3/2022 10:00,SOUTH,1915.829
5/3/2022 15:00,5/3/2022 11:00,SOUTH,1864.469
5/3/2022 16:00,5/3/2022 12:00,SOUTH,1987.121
5/3/2022 17:00,5/3/2022 13:00,SOUTH,2049.743
5/3/2022 18:00,5/3/2022 14:00,SOUTH,2014.418
5/3/2022 19:00,5/3/2022 15:00,SOUTH,1994.276
5/3/2022 20:00,5/3/2022 16:00,SOUTH,2017.763
5/3/2022 21:00,5/3/2022 17:00,SOUTH,1680.686
5/3/2022 22:00,5/3/2022 18:00,SOUTH,603.806
5/3/2022 23:00,5/3/2022 19:00,SOUTH,86.588
5/4/2022 0:00,5/3/2022 20:00,SOUTH,-4.405
5/4/2022 1:00,5/3/2022 21:00,SOUTH,-4.148
5/4/2022 2:00,5/3/2022 22:00,SOUTH,-4.097
5/4/2022 3:00,5/3/2022 23:00,SOUTH,-4.023
5/4/2022 4:00,5/4/2022 0:00,SOUTH,-4.102
5/4/2022 5:00,5/4/2022 1:00,SOUTH,-4.18
5/4/2022 6:00,5/4/2022 2:00,SOUTH,-4.147
5/4/2022 7:00,5/4/2022 3:00,SOUTH,-3.976
5/4/2022 8:00,5/4/2022 4:00,SOUTH,-4.115
5/4/2022 9:00,5/4/2022 5:00,SOUTH,-1.504
5/4/2022 10:00,5/4/2022 6:00,SOUTH,59.66
5/4/2022 11:00,5/4/2022 7:00,SOUTH,545.435
5/4/2022 12:00,5/4/2022 8:00,SOUTH,1378.813
5/4/2022 13:00,5/4/2022 9:00,SOUTH,1934.777
5/4/2022 14:00,5/4/2022 10:00,SOUTH,2205.203
5/4/2022 15:00,5/4/2022 11:00,SOUTH,2397.393
5/4/2022 16:00,5/4/2022 12:00,SOUTH,2619.509
5/4/2022 17:00,5/4/2022 13:00,SOUTH,2542.469
5/4/2022 18:00,5/4/2022 14:00,SOUTH,2093.109
5/4/2022 19:00,5/4/2022 15:00,SOUTH,2125.85
5/4/2022 20:00,5/4/2022 16:00,SOUTH,1614.398
5/4/2022 21:00,5/4/2022 17:00,SOUTH,1222.003
5/4/2022 22:00,5/4/2022 18:00,SOUTH,994.496
5/4/2022 23:00,5/4/2022 19:00,SOUTH,169.902
5/5/2022 0:00,5/4/2022 20:00,SOUTH,-4.002
5/5/2022 1:00,5/4/2022 21:00,SOUTH,-3.756
5/5/2022 2:00,5/4/2022 22:00,SOUTH,-3.789
5/5/2022 3:00,5/4/2022 23:00,SOUTH,-3.824
5/5/2022 4:00,5/5/2022 0:00,SOUTH,-3.694
5/5/2022 5:00,5/5/2022 1:00,SOUTH,-3.693
5/5/2022 6:00,5/5/2022 2:00,SOUTH,-3.736
5/5/2022 7:00,5/5/2022 3:00,SOUTH,-3.645
5/5/2022 8:00,5/5/2022 4:00,SOUTH,-3.71
5/5/2022 9:00,5/5/2022 5:00,SOUTH,-2.96
5/5/2022 10:00,5/5/2022 6:00,SOUTH,93.274
5/5/2022 11:00,5/5/2022 7:00,SOUTH,894.233
5/5/2022 12:00,5/5/2022 8:00,SOUTH,1678.061
5/5/2022 13:00,5/5/2022 9:00,SOUTH,1803.752
5/5/2022 14:00,5/5/2022 10:00,SOUTH,1695.608
5/5/2022 15:00,5/5/2022 11:00,SOUTH,1544.011
5/5/2022 16:00,5/5/2022 12:00,SOUTH,1691.891
5/5/2022 17:00,5/5/2022 13:00,SOUTH,1565.502
5/5/2022 18:00,5/5/2022 14:00,SOUTH,1467.584
5/5/2022 19:00,5/5/2022 15:00,SOUTH,1364.343
5/5/2022 20:00,5/5/2022 16:00,SOUTH,1076.001
5/5/2022 21:00,5/5/2022 17:00,SOUTH,863.788
5/5/2022 22:00,5/5/2022 18:00,SOUTH,444.143
5/5/2022 23:00,5/5/2022 19:00,SOUTH,83.101
5/6/2022 0:00,5/5/2022 20:00,SOUTH,-4.373
5/6/2022 1:00,5/5/2022 21:00,SOUTH,-4.066
5/6/2022 2:00,5/5/2022 22:00,SOUTH,-4.153
5/6/2022 3:00,5/5/2022 23:00,SOUTH,-4.154
5/6/2022 4:00,5/6/2022 0:00,SOUTH,-4.049
5/6/2022 5:00,5/6/2022 1:00,SOUTH,-4.226
5/6/2022 6:00,5/6/2022 2:00,SOUTH,-4.236
5/6/2022 7:00,5/6/2022 3:00,SOUTH,-4.134
5/6/2022 8:00,5/6/2022 4:00,SOUTH,-4.067
5/6/2022 9:00,5/6/2022 5:00,SOUTH,-3.95
5/6/2022 10:00,5/6/2022 6:00,SOUTH,40.678
5/6/2022 11:00,5/6/2022 7:00,SOUTH,398.672
5/6/2022 12:00,5/6/2022 8:00,SOUTH,855.179
5/6/2022 13:00,5/6/2022 9:00,SOUTH,1082.003
5/6/2022 14:00,5/6/2022 10:00,SOUTH,1328.629
5/6/2022 15:00,5/6/2022 11:00,SOUTH,1470.789
5/6/2022 16:00,5/6/2022 12:00,SOUTH,1503.434
5/6/2022 17:00,5/6/2022 13:00,SOUTH,1731.033
5/6/2022 18:00,5/6/2022 14:00,SOUTH,1681.468
5/6/2022 19:00,5/6/2022 15:00,SOUTH,1266.434
5/6/2022 20:00,5/6/2022 16:00,SOUTH,519.465
5/6/2022 21:00,5/6/2022 17:00,SOUTH,289.591
5/6/2022 22:00,5/6/2022 18:00,SOUTH,159.877
5/6/2022 23:00,5/6/2022 19:00,SOUTH,43.227
5/7/2022 0:00,5/6/2022 20:00,SOUTH,-4.168
5/7/2022 1:00,5/6/2022 21:00,SOUTH,-4.096
5/7/2022 2:00,5/6/2022 22:00,SOUTH,-3.814
5/7/2022 3:00,5/6/2022 23:00,SOUTH,-3.683
5/7/2022 4:00,5/7/2022 0:00,SOUTH,-3.759
5/7/2022 5:00,5/7/2022 1:00,SOUTH,-3.789
5/7/2022 6:00,5/7/2022 2:00,SOUTH,-3.764
5/7/2022 7:00,5/7/2022 3:00,SOUTH,-3.782
5/7/2022 8:00,5/7/2022 4:00,SOUTH,-3.575
5/7/2022 9:00,5/7/2022 5:00,SOUTH,-3.823
5/7/2022 10:00,5/7/2022 6:00,SOUTH,93.404
5/7/2022 11:00,5/7/2022 7:00,SOUTH,813.07
5/7/2022 12:00,5/7/2022 8:00,SOUTH,1272.718
5/7/2022 13:00,5/7/2022 9:00,SOUTH,1346.077
5/7/2022 14:00,5/7/2022 10:00,SOUTH,1526.72
5/7/2022 15:00,5/7/2022 11:00,SOUTH,1679.211
5/7/2022 16:00,5/7/2022 12:00,SOUTH,1692.304
5/7/2022 17:00,5/7/2022 13:00,SOUTH,1644.169
5/7/2022 18:00,5/7/2022 14:00,SOUTH,1439.12
5/7/2022 19:00,5/7/2022 15:00,SOUTH,1093.793
5/7/2022 20:00,5/7/2022 16:00,SOUTH,952.539
5/7/2022 21:00,5/7/2022 17:00,SOUTH,663.737
5/7/2022 22:00,5/7/2022 18:00,SOUTH,349.222
5/7/2022 23:00,5/7/2022 19:00,SOUTH,46.175
5/8/2022 0:00,5/7/2022 20:00,SOUTH,-4.353
5/8/2022 1:00,5/7/2022 21:00,SOUTH,-3.943
5/8/2022 2:00,5/7/2022 22:00,SOUTH,-4.212
5/8/2022 3:00,5/7/2022 23:00,SOUTH,-4.27
5/8/2022 4:00,5/8/2022 0:00,SOUTH,-4.207
5/8/2022 5:00,5/8/2022 1:00,SOUTH,-4.247
5/8/2022 6:00,5/8/2022 2:00,SOUTH,-4.06
5/8/2022 7:00,5/8/2022 3:00,SOUTH,-4.236
5/8/2022 8:00,5/8/2022 4:00,SOUTH,-4.244
5/8/2022 9:00,5/8/2022 5:00,SOUTH,-4.12
5/8/2022 10:00,5/8/2022 6:00,SOUTH,4.572
5/8/2022 11:00,5/8/2022 7:00,SOUTH,89.396
5/8/2022 12:00,5/8/2022 8:00,SOUTH,196.377
5/8/2022 13:00,5/8/2022 9:00,SOUTH,373.501
5/8/2022 14:00,5/8/2022 10:00,SOUTH,563.856
5/8/2022 15:00,5/8/2022 11:00,SOUTH,652.516
5/8/2022 16:00,5/8/2022 12:00,SOUTH,686.827
5/8/2022 17:00,5/8/2022 13:00,SOUTH,757.681
5/8/2022 18:00,5/8/2022 14:00,SOUTH,669.845
5/8/2022 19:00,5/8/2022 15:00,SOUTH,564.944
5/8/2022 20:00,5/8/2022 16:00,SOUTH,432.195
5/8/2022 21:00,5/8/2022 17:00,SOUTH,388.258
5/8/2022 22:00,5/8/2022 18:00,SOUTH,163.263
5/8/2022 23:00,5/8/2022 19:00,SOUTH,40.564
5/9/2022 0:00,5/8/2022 20:00,SOUTH,-4.193
5/9/2022 1:00,5/8/2022 21:00,SOUTH,-4.116
5/9/2022 2:00,5/8/2022 22:00,SOUTH,-4.16
5/9/2022 3:00,5/8/2022 23:00,SOUTH,-4.079
5/9/2022 4:00,5/9/2022 0:00,SOUTH,-4.058
5/9/2022 5:00,5/9/2022 1:00,SOUTH,-4.263
5/9/2022 6:00,5/9/2022 2:00,SOUTH,-4.073
5/9/2022 7:00,5/9/2022 3:00,SOUTH,-4.043
5/9/2022 8:00,5/9/2022 4:00,SOUTH,-4.346
5/9/2022 9:00,5/9/2022 5:00,SOUTH,-3.333
5/9/2022 10:00,5/9/2022 6:00,SOUTH,142.422
5/9/2022 11:00,5/9/2022 7:00,SOUTH,1164.572
5/9/2022 12:00,5/9/2022 8:00,SOUTH,2529.178
5/9/2022 13:00,5/9/2022 9:00,SOUTH,2776.223
5/9/2022 14:00,5/9/2022 10:00,SOUTH,2886.536
5/9/2022 15:00,5/9/2022 11:00,SOUTH,2923.085
5/9/2022 16:00,5/9/2022 12:00,SOUTH,2952.524
5/9/2022 17:00,5/9/2022 13:00,SOUTH,2956.042
5/9/2022 18:00,5/9/2022 14:00,SOUTH,2970.115
5/9/2022 19:00,5/9/2022 15:00,SOUTH,2965.682
5/9/2022 20:00,5/9/2022 16:00,SOUTH,2960.643
5/9/2022 21:00,5/9/2022 17:00,SOUTH,2789.469
5/9/2022 22:00,5/9/2022 18:00,SOUTH,1697.87
5/9/2022 23:00,5/9/2022 19:00,SOUTH,297.25
5/10/2022 0:00,5/9/2022 20:00,SOUTH,-3.401
5/10/2022 1:00,5/9/2022 21:00,SOUTH,-4.046
5/10/2022 2:00,5/9/2022 22:00,SOUTH,-4.094
5/10/2022 3:00,5/9/2022 23:00,SOUTH,-4.058
5/10/2022 4:00,5/10/2022 0:00,SOUTH,-4.151
5/10/2022 5:00,5/10/2022 1:00,SOUTH,-3.878
5/10/2022 6:00,5/10/2022 2:00,SOUTH,-4.062
5/10/2022 7:00,5/10/2022 3:00,SOUTH,-4.083
5/10/2022 8:00,5/10/2022 4:00,SOUTH,-4.138
5/10/2022 9:00,5/10/2022 5:00,SOUTH,-2.738
5/10/2022 10:00,5/10/2022 6:00,SOUTH,116.389
5/10/2022 11:00,5/10/2022 7:00,SOUTH,920.563
5/10/2022 12:00,5/10/2022 8:00,SOUTH,1641.322
5/10/2022 13:00,5/10/2022 9:00,SOUTH,1907.162
5/10/2022 14:00,5/10/2022 10:00,SOUTH,2018.552
5/10/2022 15:00,5/10/2022 11:00,SOUTH,2336.892
5/10/2022 16:00,5/10/2022 12:00,SOUTH,2441.325
5/10/2022 17:00,5/10/2022 13:00,SOUTH,2453.755
5/10/2022 18:00,5/10/2022 14:00,SOUTH,2149.97
5/10/2022 19:00,5/10/2022 15:00,SOUTH,2195.343
5/10/2022 20:00,5/10/2022 16:00,SOUTH,2066.997
5/10/2022 21:00,5/10/2022 17:00,SOUTH,1558.752
5/10/2022 22:00,5/10/2022 18:00,SOUTH,821.36
5/10/2022 23:00,5/10/2022 19:00,SOUTH,179.77
5/11/2022 0:00,5/10/2022 20:00,SOUTH,-3.837
5/11/2022 1:00,5/10/2022 21:00,SOUTH,-4.01
5/11/2022 2:00,5/10/2022 22:00,SOUTH,-3.983
5/11/2022 3:00,5/10/2022 23:00,SOUTH,-4.06
5/11/2022 4:00,5/11/2022 0:00,SOUTH,-4.027
5/11/2022 5:00,5/11/2022 1:00,SOUTH,-4.022
5/11/2022 6:00,5/11/2022 2:00,SOUTH,-4.058
5/11/2022 7:00,5/11/2022 3:00,SOUTH,-3.969
5/11/2022 8:00,5/11/2022 4:00,SOUTH,-4.099
5/11/2022 9:00,5/11/2022 5:00,SOUTH,-3.155
5/11/2022 10:00,5/11/2022 6:00,SOUTH,177.685
5/11/2022 11:00,5/11/2022 7:00,SOUTH,1328.186
5/11/2022 12:00,5/11/2022 8:00,SOUTH,2335.253
5/11/2022 13:00,5/11/2022 9:00,SOUTH,2564.621
5/11/2022 14:00,5/11/2022 10:00,SOUTH,2432.591
5/11/2022 15:00,5/11/2022 11:00,SOUTH,2411.502
5/11/2022 16:00,5/11/2022 12:00,SOUTH,2457.481
5/11/2022 17:00,5/11/2022 13:00,SOUTH,2283.147
5/11/2022 18:00,5/11/2022 14:00,SOUTH,1971.304
5/11/2022 19:00,5/11/2022 15:00,SOUTH,1360.413
5/11/2022 20:00,5/11/2022 16:00,SOUTH,926.128
5/11/2022 21:00,5/11/2022 17:00,SOUTH,758.626
5/11/2022 22:00,5/11/2022 18:00,SOUTH,327.666
5/11/2022 23:00,5/11/2022 19:00,SOUTH,65.046
5/12/2022 0:00,5/11/2022 20:00,SOUTH,-3.844
5/12/2022 1:00,5/11/2022 21:00,SOUTH,-3.973
5/12/2022 2:00,5/11/2022 22:00,SOUTH,-3.819
5/12/2022 3:00,5/11/2022 23:00,SOUTH,-3.998
5/12/2022 4:00,5/12/2022 0:00,SOUTH,-3.97
5/12/2022 5:00,5/12/2022 1:00,SOUTH,-4.026
5/12/2022 6:00,5/12/2022 2:00,SOUTH,-4.156
5/12/2022 7:00,5/12/2022 3:00,SOUTH,-4.053
5/12/2022 8:00,5/12/2022 4:00,SOUTH,-4.001
5/12/2022 9:00,5/12/2022 5:00,SOUTH,-3.97
5/12/2022 10:00,5/12/2022 6:00,SOUTH,51.009
5/12/2022 11:00,5/12/2022 7:00,SOUTH,288.984
5/12/2022 12:00,5/12/2022 8:00,SOUTH,365.997
5/12/2022 13:00,5/12/2022 9:00,SOUTH,486.19
5/12/2022 14:00,5/12/2022 10:00,SOUTH,739.229
5/12/2022 15:00,5/12/2022 11:00,SOUTH,973.013
5/12/2022 16:00,5/12/2022 12:00,SOUTH,1155.86
5/12/2022 17:00,5/12/2022 13:00,SOUTH,1112.014
5/12/2022 18:00,5/12/2022 14:00,SOUTH,1041.415
5/12/2022 19:00,5/12/2022 15:00,SOUTH,837.279
5/12/2022 20:00,5/12/2022 16:00,SOUTH,593.295
5/12/2022 21:00,5/12/2022 17:00,SOUTH,346.229
5/12/2022 22:00,5/12/2022 18:00,SOUTH,178.226
5/12/2022 23:00,5/12/2022 19:00,SOUTH,44.723
5/13/2022 0:00,5/12/2022 20:00,SOUTH,-4.242
5/13/2022 1:00,5/12/2022 21:00,SOUTH,-4.119
5/13/2022 2:00,5/12/2022 22:00,SOUTH,-3.937
5/13/2022 3:00,5/12/2022 23:00,SOUTH,-4.096
5/13/2022 4:00,5/13/2022 0:00,SOUTH,-4.118
5/13/2022 5:00,5/13/2022 1:00,SOUTH,-4.072
5/13/2022 6:00,5/13/2022 2:00,SOUTH,-4.131
5/13/2022 7:00,5/13/2022 3:00,SOUTH,-4.071
5/13/2022 8:00,5/13/2022 4:00,SOUTH,-4.216
5/13/2022 9:00,5/13/2022 5:00,SOUTH,-3.96
5/13/2022 10:00,5/13/2022 6:00,SOUTH,33.941
5/13/2022 11:00,5/13/2022 7:00,SOUTH,216.783
5/13/2022 12:00,5/13/2022 8:00,SOUTH,452.861
5/13/2022 13:00,5/13/2022 9:00,SOUTH,785.616
5/13/2022 14:00,5/13/2022 10:00,SOUTH,963.563
5/13/2022 15:00,5/13/2022 11:00,SOUTH,952.736
5/13/2022 16:00,5/13/2022 12:00,SOUTH,1206.749
5/13/2022 17:00,5/13/2022 13:00,SOUTH,1512.935
5/13/2022 18:00,5/13/2022 14:00,SOUTH,1850.941
5/13/2022 19:00,5/13/2022 15:00,SOUTH,1967.701
5/13/2022 20:00,5/13/2022 16:00,SOUTH,1971.973
5/13/2022 21:00,5/13/2022 17:00,SOUTH,1720.995
5/13/2022 22:00,5/13/2022 18:00,SOUTH,1047.881
5/13/2022 23:00,5/13/2022 19:00,SOUTH,209.191
5/14/2022 0:00,5/13/2022 20:00,SOUTH,-4.059
5/14/2022 1:00,5/13/2022 21:00,SOUTH,-3.962
5/14/2022 2:00,5/13/2022 22:00,SOUTH,-3.936
5/14/2022 3:00,5/13/2022 23:00,SOUTH,-4.109
5/14/2022 4:00,5/14/2022 0:00,SOUTH,-4.168
5/14/2022 5:00,5/14/2022 1:00,SOUTH,-3.96
5/14/2022 6:00,5/14/2022 2:00,SOUTH,-3.249
5/14/2022 7:00,5/14/2022 3:00,SOUTH,-4.083
5/14/2022 8:00,5/14/2022 4:00,SOUTH,-3.966
5/14/2022 9:00,5/14/2022 5:00,SOUTH,-3.67
5/14/2022 10:00,5/14/2022 6:00,SOUTH,21.796
5/14/2022 11:00,5/14/2022 7:00,SOUTH,112.81
5/14/2022 12:00,5/14/2022 8:00,SOUTH,306.566
5/14/2022 13:00,5/14/2022 9:00,SOUTH,521.856
5/14/2022 14:00,5/14/2022 10:00,SOUTH,891.087
5/14/2022 15:00,5/14/2022 11:00,SOUTH,1433.805
5/14/2022 16:00,5/14/2022 12:00,SOUTH,1733.892
5/14/2022 17:00,5/14/2022 13:00,SOUTH,1721.916
5/14/2022 18:00,5/14/2022 14:00,SOUTH,1761.202
5/14/2022 19:00,5/14/2022 15:00,SOUTH,1387.869
5/14/2022 20:00,5/14/2022 16:00,SOUTH,1120.513
5/14/2022 21:00,5/14/2022 17:00,SOUTH,1270.257
5/14/2022 22:00,5/14/2022 18:00,SOUTH,778.257
5/14/2022 23:00,5/14/2022 19:00,SOUTH,186.858
5/15/2022 0:00,5/14/2022 20:00,SOUTH,-3.201
5/15/2022 1:00,5/14/2022 21:00,SOUTH,-4.11
5/15/2022 2:00,5/14/2022 22:00,SOUTH,-3.95
5/15/2022 3:00,5/14/2022 23:00,SOUTH,-4.12
5/15/2022 4:00,5/15/2022 0:00,SOUTH,-3.927
5/15/2022 5:00,5/15/2022 1:00,SOUTH,-3.957
5/15/2022 6:00,5/15/2022 2:00,SOUTH,-4.093
5/15/2022 7:00,5/15/2022 3:00,SOUTH,-4.047
5/15/2022 8:00,5/15/2022 4:00,SOUTH,-4.085
5/15/2022 9:00,5/15/2022 5:00,SOUTH,-3.22
5/15/2022 10:00,5/15/2022 6:00,SOUTH,98.65
5/15/2022 11:00,5/15/2022 7:00,SOUTH,607.528
5/15/2022 12:00,5/15/2022 8:00,SOUTH,1398.952
5/15/2022 13:00,5/15/2022 9:00,SOUTH,2067.575
5/15/2022 14:00,5/15/2022 10:00,SOUTH,2600.885
5/15/2022 15:00,5/15/2022 11:00,SOUTH,2679.546
5/15/2022 16:00,5/15/2022 12:00,SOUTH,2620.355
5/15/2022 17:00,5/15/2022 13:00,SOUTH,2535.85
5/15/2022 18:00,5/15/2022 14:00,SOUTH,2446.851
5/15/2022 19:00,5/15/2022 15:00,SOUTH,2418.041
5/15/2022 20:00,5/15/2022 16:00,SOUTH,2392.133
5/15/2022 21:00,5/15/2022 17:00,SOUTH,1792.841
5/15/2022 22:00,5/15/2022 18:00,SOUTH,931.483
5/15/2022 23:00,5/15/2022 19:00,SOUTH,246.223
5/16/2022 0:00,5/15/2022 20:00,SOUTH,-1.568
5/16/2022 1:00,5/15/2022 21:00,SOUTH,-3.901
5/16/2022 2:00,5/15/2022 22:00,SOUTH,-4.029
5/16/2022 3:00,5/15/2022 23:00,SOUTH,-3.981
5/16/2022 4:00,5/16/2022 0:00,SOUTH,-4.06
5/16/2022 5:00,5/16/2022 1:00,SOUTH,-4.014
5/16/2022 6:00,5/16/2022 2:00,SOUTH,-3.996
5/16/2022 7:00,5/16/2022 3:00,SOUTH,-3.996
5/16/2022 8:00,5/16/2022 4:00,SOUTH,-4.057
5/16/2022 9:00,5/16/2022 5:00,SOUTH,-2.886
5/16/2022 10:00,5/16/2022 6:00,SOUTH,164.686
5/16/2022 11:00,5/16/2022 7:00,SOUTH,879.487
5/16/2022 12:00,5/16/2022 8:00,SOUTH,1436.931
5/16/2022 13:00,5/16/2022 9:00,SOUTH,1624.158
5/16/2022 14:00,5/16/2022 10:00,SOUTH,1983.553
5/16/2022 15:00,5/16/2022 11:00,SOUTH,2280.687
5/16/2022 16:00,5/16/2022 12:00,SOUTH,2388.58
5/16/2022 17:00,5/16/2022 13:00,SOUTH,2184.124
5/16/2022 18:00,5/16/2022 14:00,SOUTH,2240.319
5/16/2022 19:00,5/16/2022 15:00,SOUTH,1601.265
5/16/2022 20:00,5/16/2022 16:00,SOUTH,1752.998
5/16/2022 21:00,5/16/2022 17:00,SOUTH,1533.475
5/16/2022 22:00,5/16/2022 18:00,SOUTH,981.523
5/16/2022 23:00,5/16/2022 19:00,SOUTH,296.711
5/17/2022 0:00,5/16/2022 20:00,SOUTH,4.043
5/17/2022 1:00,5/16/2022 21:00,SOUTH,-4.062
5/17/2022 2:00,5/16/2022 22:00,SOUTH,-3.95
5/17/2022 3:00,5/16/2022 23:00,SOUTH,-4.095
5/17/2022 4:00,5/17/2022 0:00,SOUTH,-3.205
5/17/2022 5:00,5/17/2022 1:00,SOUTH,-4.028
5/17/2022 6:00,5/17/2022 2:00,SOUTH,-4.044
5/17/2022 7:00,5/17/2022 3:00,SOUTH,-4.093
5/17/2022 8:00,5/17/2022 4:00,SOUTH,-4.006
5/17/2022 9:00,5/17/2022 5:00,SOUTH,-2.253
5/17/2022 10:00,5/17/2022 6:00,SOUTH,258.802
5/17/2022 11:00,5/17/2022 7:00,SOUTH,1615.598
5/17/2022 12:00,5/17/2022 8:00,SOUTH,2697.812
5/17/2022 13:00,5/17/2022 9:00,SOUTH,2886.567
5/17/2022 14:00,5/17/2022 10:00,SOUTH,2894.974
5/17/2022 15:00,5/17/2022 11:00,SOUTH,2761.579
5/17/2022 16:00,5/17/2022 12:00,SOUTH,2822.082
5/17/2022 17:00,5/17/2022 13:00,SOUTH,2823.926
5/17/2022 18:00,5/17/2022 14:00,SOUTH,2722.442
5/17/2022 19:00,5/17/2022 15:00,SOUTH,2721.58
5/17/2022 20:00,5/17/2022 16:00,SOUTH,2604.884
5/17/2022 21:00,5/17/2022 17:00,SOUTH,2460.416
5/17/2022 22:00,5/17/2022 18:00,SOUTH,1630.736
5/17/2022 23:00,5/17/2022 19:00,SOUTH,362.408
5/18/2022 0:00,5/17/2022 20:00,SOUTH,-1.313
5/18/2022 1:00,5/17/2022 21:00,SOUTH,-3.841
5/18/2022 2:00,5/17/2022 22:00,SOUTH,-4.126
5/18/2022 3:00,5/17/2022 23:00,SOUTH,-3.964
5/18/2022 4:00,5/18/2022 0:00,SOUTH,-4.005
5/18/2022 5:00,5/18/2022 1:00,SOUTH,-3.946
5/18/2022 6:00,5/18/2022 2:00,SOUTH,-4.02
5/18/2022 7:00,5/18/2022 3:00,SOUTH,-3.988
5/18/2022 8:00,5/18/2022 4:00,SOUTH,-4.179
5/18/2022 9:00,5/18/2022 5:00,SOUTH,-2.006
5/18/2022 10:00,5/18/2022 6:00,SOUTH,258.467
5/18/2022 11:00,5/18/2022 7:00,SOUTH,1517.923
5/18/2022 12:00,5/18/2022 8:00,SOUTH,2482.166
5/18/2022 13:00,5/18/2022 9:00,SOUTH,2679.083
5/18/2022 14:00,5/18/2022 10:00,SOUTH,2649.374
5/18/2022 15:00,5/18/2022 11:00,SOUTH,2643.09
5/18/2022 16:00,5/18/2022 12:00,SOUTH,2666.618
5/18/2022 17:00,5/18/2022 13:00,SOUTH,2600.145
5/18/2022 18:00,5/18/2022 14:00,SOUTH,2328.1
5/18/2022 19:00,5/18/2022 15:00,SOUTH,2162.753
5/18/2022 20:00,5/18/2022 16:00,SOUTH,1911.108
5/18/2022 21:00,5/18/2022 17:00,SOUTH,1732.248
5/18/2022 22:00,5/18/2022 18:00,SOUTH,1043.599
5/18/2022 23:00,5/18/2022 19:00,SOUTH,176.627
5/19/2022 0:00,5/18/2022 20:00,SOUTH,-3.431
5/19/2022 1:00,5/18/2022 21:00,SOUTH,-4.08
5/19/2022 2:00,5/18/2022 22:00,SOUTH,-4.145
5/19/2022 3:00,5/18/2022 23:00,SOUTH,-4.16
5/19/2022 4:00,5/19/2022 0:00,SOUTH,-4.114
5/19/2022 5:00,5/19/2022 1:00,SOUTH,-4.183
5/19/2022 6:00,5/19/2022 2:00,SOUTH,-3.899
5/19/2022 7:00,5/19/2022 3:00,SOUTH,-4.221
5/19/2022 8:00,5/19/2022 4:00,SOUTH,-4.063
5/19/2022 9:00,5/19/2022 5:00,SOUTH,-3.328
5/19/2022 10:00,5/19/2022 6:00,SOUTH,163.568
5/19/2022 11:00,5/19/2022 7:00,SOUTH,982.772
5/19/2022 12:00,5/19/2022 8:00,SOUTH,2147.512
5/19/2022 13:00,5/19/2022 9:00,SOUTH,2495.021
5/19/2022 14:00,5/19/2022 10:00,SOUTH,2530.034
5/19/2022 15:00,5/19/2022 11:00,SOUTH,2658.81
5/19/2022 16:00,5/19/2022 12:00,SOUTH,2603.445
5/19/2022 17:00,5/19/2022 13:00,SOUTH,2487.369
5/19/2022 18:00,5/19/2022 14:00,SOUTH,2385.792
5/19/2022 19:00,5/19/2022 15:00,SOUTH,2247.275
5/19/2022 20:00,5/19/2022 16:00,SOUTH,2248.391
5/19/2022 21:00,5/19/2022 17:00,SOUTH,2140.35
5/19/2022 22:00,5/19/2022 18:00,SOUTH,1421.341
5/19/2022 23:00,5/19/2022 19:00,SOUTH,296.887
5/20/2022 0:00,5/19/2022 20:00,SOUTH,-2.603
5/20/2022 1:00,5/19/2022 21:00,SOUTH,-3.835
5/20/2022 2:00,5/19/2022 22:00,SOUTH,-4.034
5/20/2022 3:00,5/19/2022 23:00,SOUTH,-4.147
5/20/2022 4:00,5/20/2022 0:00,SOUTH,-3.972
5/20/2022 5:00,5/20/2022 1:00,SOUTH,-4.038
5/20/2022 6:00,5/20/2022 2:00,SOUTH,-4.084
5/20/2022 7:00,5/20/2022 3:00,SOUTH,-4.045
5/20/2022 8:00,5/20/2022 4:00,SOUTH,-4.145
5/20/2022 9:00,5/20/2022 5:00,SOUTH,-2.597
5/20/2022 10:00,5/20/2022 6:00,SOUTH,142.241
5/20/2022 11:00,5/20/2022 7:00,SOUTH,810.332
5/20/2022 12:00,5/20/2022 8:00,SOUTH,1780.038
5/20/2022 13:00,5/20/2022 9:00,SOUTH,2189.835
5/20/2022 14:00,5/20/2022 10:00,SOUTH,2517.075
5/20/2022 15:00,5/20/2022 11:00,SOUTH,2693.674
5/20/2022 16:00,5/20/2022 12:00,SOUTH,2730.411
5/20/2022 17:00,5/20/2022 13:00,SOUTH,2777.737
5/20/2022 18:00,5/20/2022 14:00,SOUTH,2777.2
5/20/2022 19:00,5/20/2022 15:00,SOUTH,2767.647
5/20/2022 20:00,5/20/2022 16:00,SOUTH,2716.447
5/20/2022 21:00,5/20/2022 17:00,SOUTH,2403.083
5/20/2022 22:00,5/20/2022 18:00,SOUTH,1471.825
5/20/2022 23:00,5/20/2022 19:00,SOUTH,318.289
5/21/2022 0:00,5/20/2022 20:00,SOUTH,-1.762
5/21/2022 1:00,5/20/2022 21:00,SOUTH,-4.248
5/21/2022 2:00,5/20/2022 22:00,SOUTH,-4.109
5/21/2022 3:00,5/20/2022 23:00,SOUTH,-3.952
5/21/2022 4:00,5/21/2022 0:00,SOUTH,-4.212
5/21/2022 5:00,5/21/2022 1:00,SOUTH,-4.023
5/21/2022 6:00,5/21/2022 2:00,SOUTH,-4.211
5/21/2022 7:00,5/21/2022 3:00,SOUTH,-4.04
5/21/2022 8:00,5/21/2022 4:00,SOUTH,-4.245
5/21/2022 9:00,5/21/2022 5:00,SOUTH,-2.055
5/21/2022 10:00,5/21/2022 6:00,SOUTH,197.856
5/21/2022 11:00,5/21/2022 7:00,SOUTH,1280.643
5/21/2022 12:00,5/21/2022 8:00,SOUTH,2356.315
5/21/2022 13:00,5/21/2022 9:00,SOUTH,2665.845
5/21/2022 14:00,5/21/2022 10:00,SOUTH,2749.037
5/21/2022 15:00,5/21/2022 11:00,SOUTH,2764.238
5/21/2022 16:00,5/21/2022 12:00,SOUTH,2782.123
5/21/2022 17:00,5/21/2022 13:00,SOUTH,2615.631
5/21/2022 18:00,5/21/2022 14:00,SOUTH,2524.638
5/21/2022 19:00,5/21/2022 15:00,SOUTH,2330.44
5/21/2022 20:00,5/21/2022 16:00,SOUTH,2166.779
5/21/2022 21:00,5/21/2022 17:00,SOUTH,1473.576
5/21/2022 22:00,5/21/2022 18:00,SOUTH,519.19
5/21/2022 23:00,5/21/2022 19:00,SOUTH,82.856
5/22/2022 0:00,5/21/2022 20:00,SOUTH,-1.805
5/22/2022 1:00,5/21/2022 21:00,SOUTH,-3.98
5/22/2022 2:00,5/21/2022 22:00,SOUTH,-4.215
5/22/2022 3:00,5/21/2022 23:00,SOUTH,-3.962
5/22/2022 4:00,5/22/2022 0:00,SOUTH,-4.035
5/22/2022 5:00,5/22/2022 1:00,SOUTH,-4.226
5/22/2022 6:00,5/22/2022 2:00,SOUTH,-3.988
5/22/2022 7:00,5/22/2022 3:00,SOUTH,-4.009
5/22/2022 8:00,5/22/2022 4:00,SOUTH,-4.193
5/22/2022 9:00,5/22/2022 5:00,SOUTH,-2.321
5/22/2022 10:00,5/22/2022 6:00,SOUTH,160.9
5/22/2022 11:00,5/22/2022 7:00,SOUTH,827.803
5/22/2022 12:00,5/22/2022 8:00,SOUTH,1405.434
5/22/2022 13:00,5/22/2022 9:00,SOUTH,1819.109
5/22/2022 14:00,5/22/2022 10:00,SOUTH,2066.51
5/22/2022 15:00,5/22/2022 11:00,SOUTH,2272.131
5/22/2022 16:00,5/22/2022 12:00,SOUTH,2517.323
5/22/2022 17:00,5/22/2022 13:00,SOUTH,2697.924
5/22/2022 18:00,5/22/2022 14:00,SOUTH,2672.526
5/22/2022 19:00,5/22/2022 15:00,SOUTH,2604.44
5/22/2022 20:00,5/22/2022 16:00,SOUTH,2496.658
5/22/2022 21:00,5/22/2022 17:00,SOUTH,2141.602
5/22/2022 22:00,5/22/2022 18:00,SOUTH,1054.921
5/22/2022 23:00,5/22/2022 19:00,SOUTH,141.609
5/23/2022 0:00,5/22/2022 20:00,SOUTH,-1.908
5/23/2022 1:00,5/22/2022 21:00,SOUTH,-4.079
5/23/2022 2:00,5/22/2022 22:00,SOUTH,-4.068
5/23/2022 3:00,5/22/2022 23:00,SOUTH,-4.118
5/23/2022 4:00,5/23/2022 0:00,SOUTH,-4.065
5/23/2022 5:00,5/23/2022 1:00,SOUTH,-4.177
5/23/2022 6:00,5/23/2022 2:00,SOUTH,-4.121
5/23/2022 7:00,5/23/2022 3:00,SOUTH,-4.146
5/23/2022 8:00,5/23/2022 4:00,SOUTH,-4.19
5/23/2022 9:00,5/23/2022 5:00,SOUTH,-2.361
5/23/2022 10:00,5/23/2022 6:00,SOUTH,166.052
5/23/2022 11:00,5/23/2022 7:00,SOUTH,825.031
5/23/2022 12:00,5/23/2022 8:00,SOUTH,1431.433
5/23/2022 13:00,5/23/2022 9:00,SOUTH,1495.478
5/23/2022 14:00,5/23/2022 10:00,SOUTH,1588.024
5/23/2022 15:00,5/23/2022 11:00,SOUTH,1710.537
5/23/2022 16:00,5/23/2022 12:00,SOUTH,1472.427
5/23/2022 17:00,5/23/2022 13:00,SOUTH,1285.878
5/23/2022 18:00,5/23/2022 14:00,SOUTH,1148.658
5/23/2022 19:00,5/23/2022 15:00,SOUTH,1051.286
5/23/2022 20:00,5/23/2022 16:00,SOUTH,1003.645
5/23/2022 21:00,5/23/2022 17:00,SOUTH,400.621
5/23/2022 22:00,5/23/2022 18:00,SOUTH,116.582
5/23/2022 23:00,5/23/2022 19:00,SOUTH,32.147
5/24/2022 0:00,5/23/2022 20:00,SOUTH,-4.009
5/24/2022 1:00,5/23/2022 21:00,SOUTH,-3.964
5/24/2022 2:00,5/23/2022 22:00,SOUTH,-3.943
5/24/2022 3:00,5/23/2022 23:00,SOUTH,-3.779
5/24/2022 4:00,5/24/2022 0:00,SOUTH,-4.014
5/24/2022 5:00,5/24/2022 1:00,SOUTH,-3.91
5/24/2022 6:00,5/24/2022 2:00,SOUTH,-3.921
5/24/2022 7:00,5/24/2022 3:00,SOUTH,-3.902
5/24/2022 8:00,5/24/2022 4:00,SOUTH,-3.875
5/24/2022 9:00,5/24/2022 5:00,SOUTH,-3.705
5/24/2022 10:00,5/24/2022 6:00,SOUTH,7.384
5/24/2022 11:00,5/24/2022 7:00,SOUTH,74.844
5/24/2022 12:00,5/24/2022 8:00,SOUTH,166.648
5/24/2022 13:00,5/24/2022 9:00,SOUTH,362.083
5/24/2022 14:00,5/24/2022 10:00,SOUTH,523.158
5/24/2022 15:00,5/24/2022 11:00,SOUTH,662.594
5/24/2022 16:00,5/24/2022 12:00,SOUTH,867.24
5/24/2022 17:00,5/24/2022 13:00,SOUTH,1038.382
5/24/2022 18:00,5/24/2022 14:00,SOUTH,814.394
5/24/2022 19:00,5/24/2022 15:00,SOUTH,535.355
5/24/2022 20:00,5/24/2022 16:00,SOUTH,387.314
5/24/2022 21:00,5/24/2022 17:00,SOUTH,237.207
5/24/2022 22:00,5/24/2022 18:00,SOUTH,149.62
5/24/2022 23:00,5/24/2022 19:00,SOUTH,45.612
5/25/2022 0:00,5/24/2022 20:00,SOUTH,-3.269
5/25/2022 1:00,5/24/2022 21:00,SOUTH,-3.867
5/25/2022 2:00,5/24/2022 22:00,SOUTH,-3.848
5/25/2022 3:00,5/24/2022 23:00,SOUTH,-3.851
5/25/2022 4:00,5/25/2022 0:00,SOUTH,-3.904
5/25/2022 5:00,5/25/2022 1:00,SOUTH,-3.827
5/25/2022 6:00,5/25/2022 2:00,SOUTH,-3.999
5/25/2022 7:00,5/25/2022 3:00,SOUTH,-3.751
5/25/2022 8:00,5/25/2022 4:00,SOUTH,-3.886
5/25/2022 9:00,5/25/2022 5:00,SOUTH,-3.401
5/25/2022 10:00,5/25/2022 6:00,SOUTH,56.071
5/25/2022 11:00,5/25/2022 7:00,SOUTH,215.814
5/25/2022 12:00,5/25/2022 8:00,SOUTH,461.803
5/25/2022 13:00,5/25/2022 9:00,SOUTH,642.805
5/25/2022 14:00,5/25/2022 10:00,SOUTH,725.348
5/25/2022 15:00,5/25/2022 11:00,SOUTH,784.578
5/25/2022 16:00,5/25/2022 12:00,SOUTH,970.891
5/25/2022 17:00,5/25/2022 13:00,SOUTH,960.974
5/25/2022 18:00,5/25/2022 14:00,SOUTH,913.924
5/25/2022 19:00,5/25/2022 15:00,SOUTH,672.822
5/25/2022 20:00,5/25/2022 16:00,SOUTH,588.08
5/25/2022 21:00,5/25/2022 17:00,SOUTH,530.519
5/25/2022 22:00,5/25/2022 18:00,SOUTH,409.586
5/25/2022 23:00,5/25/2022 19:00,SOUTH,89.346
5/26/2022 0:00,5/25/2022 20:00,SOUTH,-2.948
5/26/2022 1:00,5/25/2022 21:00,SOUTH,-4.156
5/26/2022 2:00,5/25/2022 22:00,SOUTH,-4.076
5/26/2022 3:00,5/25/2022 23:00,SOUTH,-4.126
5/26/2022 4:00,5/26/2022 0:00,SOUTH,-4.193
5/26/2022 5:00,5/26/2022 1:00,SOUTH,-4.155
5/26/2022 6:00,5/26/2022 2:00,SOUTH,-4.111
5/26/2022 7:00,5/26/2022 3:00,SOUTH,-4.115
5/26/2022 8:00,5/26/2022 4:00,SOUTH,-4.189
5/26/2022 9:00,5/26/2022 5:00,SOUTH,-3.789
5/26/2022 10:00,5/26/2022 6:00,SOUTH,36.539
5/26/2022 11:00,5/26/2022 7:00,SOUTH,175.451
5/26/2022 12:00,5/26/2022 8:00,SOUTH,351.543
5/26/2022 13:00,5/26/2022 9:00,SOUTH,511.814
5/26/2022 14:00,5/26/2022 10:00,SOUTH,760.279
5/26/2022 15:00,5/26/2022 11:00,SOUTH,1196.471
5/26/2022 16:00,5/26/2022 12:00,SOUTH,1400.06
5/26/2022 17:00,5/26/2022 13:00,SOUTH,1507.961
5/26/2022 18:00,5/26/2022 14:00,SOUTH,1595.69
5/26/2022 19:00,5/26/2022 15:00,SOUTH,1592.956
5/26/2022 20:00,5/26/2022 16:00,SOUTH,1266.811
5/26/2022 21:00,5/26/2022 17:00,SOUTH,1065.913
5/26/2022 22:00,5/26/2022 18:00,SOUTH,750.088
5/26/2022 23:00,5/26/2022 19:00,SOUTH,225.337
5/27/2022 0:00,5/26/2022 20:00,SOUTH,-1.746
5/27/2022 1:00,5/26/2022 21:00,SOUTH,-4.067
5/27/2022 2:00,5/26/2022 22:00,SOUTH,-4.067
5/27/2022 3:00,5/26/2022 23:00,SOUTH,-4.194
5/27/2022 4:00,5/27/2022 0:00,SOUTH,-4.06
5/27/2022 5:00,5/27/2022 1:00,SOUTH,-4.051
5/27/2022 6:00,5/27/2022 2:00,SOUTH,-4.187
5/27/2022 7:00,5/27/2022 3:00,SOUTH,-4.189
5/27/2022 8:00,5/27/2022 4:00,SOUTH,-3.98
5/27/2022 9:00,5/27/2022 5:00,SOUTH,-3.429
5/27/2022 10:00,5/27/2022 6:00,SOUTH,82.382
5/27/2022 11:00,5/27/2022 7:00,SOUTH,408.561
5/27/2022 12:00,5/27/2022 8:00,SOUTH,754.046
5/27/2022 13:00,5/27/2022 9:00,SOUTH,992.63
5/27/2022 14:00,5/27/2022 10:00,SOUTH,1202.486
5/27/2022 15:00,5/27/2022 11:00,SOUTH,924.653
5/27/2022 16:00,5/27/2022 12:00,SOUTH,731.05
5/27/2022 17:00,5/27/2022 13:00,SOUTH,705.843
5/27/2022 18:00,5/27/2022 14:00,SOUTH,1185.834
5/27/2022 19:00,5/27/2022 15:00,SOUTH,1530.356
5/27/2022 20:00,5/27/2022 16:00,SOUTH,1347.57
5/27/2022 21:00,5/27/2022 17:00,SOUTH,987.951
5/27/2022 22:00,5/27/2022 18:00,SOUTH,495.32
5/27/2022 23:00,5/27/2022 19:00,SOUTH,181.538
5/28/2022 0:00,5/27/2022 20:00,SOUTH,2.726
5/28/2022 1:00,5/27/2022 21:00,SOUTH,-4.112
5/28/2022 2:00,5/27/2022 22:00,SOUTH,-3.918
5/28/2022 3:00,5/27/2022 23:00,SOUTH,-4.277
5/28/2022 4:00,5/28/2022 0:00,SOUTH,-4.053
5/28/2022 5:00,5/28/2022 1:00,SOUTH,-4.058
5/28/2022 6:00,5/28/2022 2:00,SOUTH,-4.149
5/28/2022 7:00,5/28/2022 3:00,SOUTH,-4.095
5/28/2022 8:00,5/28/2022 4:00,SOUTH,-4.045
5/28/2022 9:00,5/28/2022 5:00,SOUTH,-2.797
5/28/2022 10:00,5/28/2022 6:00,SOUTH,218.627
5/28/2022 11:00,5/28/2022 7:00,SOUTH,1420.5
5/28/2022 12:00,5/28/2022 8:00,SOUTH,2442.211
5/28/2022 13:00,5/28/2022 9:00,SOUTH,2731.393
5/28/2022 14:00,5/28/2022 10:00,SOUTH,2666.523
5/28/2022 15:00,5/28/2022 11:00,SOUTH,2426.991
5/28/2022 16:00,5/28/2022 12:00,SOUTH,2401.056
5/28/2022 17:00,5/28/2022 13:00,SOUTH,2334.43
5/28/2022 18:00,5/28/2022 14:00,SOUTH,2289.454
5/28/2022 19:00,5/28/2022 15:00,SOUTH,2218.097
5/28/2022 20:00,5/28/2022 16:00,SOUTH,2086.205
5/28/2022 21:00,5/28/2022 17:00,SOUTH,1806.442
5/28/2022 22:00,5/28/2022 18:00,SOUTH,1511.497
5/28/2022 23:00,5/28/2022 19:00,SOUTH,465.782
5/29/2022 0:00,5/28/2022 20:00,SOUTH,2.431
5/29/2022 1:00,5/28/2022 21:00,SOUTH,-4.122
5/29/2022 2:00,5/28/2022 22:00,SOUTH,-4.025
5/29/2022 3:00,5/28/2022 23:00,SOUTH,-4.171
5/29/2022 4:00,5/29/2022 0:00,SOUTH,-4.026
5/29/2022 5:00,5/29/2022 1:00,SOUTH,-4.152
5/29/2022 6:00,5/29/2022 2:00,SOUTH,-4.1
5/29/2022 7:00,5/29/2022 3:00,SOUTH,-4.209
5/29/2022 8:00,5/29/2022 4:00,SOUTH,-4.141
5/29/2022 9:00,5/29/2022 5:00,SOUTH,-1.697
5/29/2022 10:00,5/29/2022 6:00,SOUTH,314.702
5/29/2022 11:00,5/29/2022 7:00,SOUTH,1610.559
5/29/2022 12:00,5/29/2022 8:00,SOUTH,2516.492
5/29/2022 13:00,5/29/2022 9:00,SOUTH,2643.612
5/29/2022 14:00,5/29/2022 10:00,SOUTH,2656.41
5/29/2022 15:00,5/29/2022 11:00,SOUTH,2577.713
5/29/2022 16:00,5/29/2022 12:00,SOUTH,2408.527
5/29/2022 17:00,5/29/2022 13:00,SOUTH,2154.795
5/29/2022 18:00,5/29/2022 14:00,SOUTH,2281.455
5/29/2022 19:00,5/29/2022 15:00,SOUTH,2370.962
5/29/2022 20:00,5/29/2022 16:00,SOUTH,2494.782
5/29/2022 21:00,5/29/2022 17:00,SOUTH,2276.792
5/29/2022 22:00,5/29/2022 18:00,SOUTH,1751.939
5/29/2022 23:00,5/29/2022 19:00,SOUTH,481.414
5/30/2022 0:00,5/29/2022 20:00,SOUTH,4.731
5/30/2022 1:00,5/29/2022 21:00,SOUTH,-3.929
5/30/2022 2:00,5/29/2022 22:00,SOUTH,-4.116
5/30/2022 3:00,5/29/2022 23:00,SOUTH,-4.211
5/30/2022 4:00,5/30/2022 0:00,SOUTH,-4.102
5/30/2022 5:00,5/30/2022 1:00,SOUTH,-4.056
5/30/2022 6:00,5/30/2022 2:00,SOUTH,-4.049
5/30/2022 7:00,5/30/2022 3:00,SOUTH,-4.064
5/30/2022 8:00,5/30/2022 4:00,SOUTH,-4.12
5/30/2022 9:00,5/30/2022 5:00,SOUTH,-2.214
5/30/2022 10:00,5/30/2022 6:00,SOUTH,234.525
5/30/2022 11:00,5/30/2022 7:00,SOUTH,1149.288
5/30/2022 12:00,5/30/2022 8:00,SOUTH,2110.003
5/30/2022 13:00,5/30/2022 9:00,SOUTH,2584.164
5/30/2022 14:00,5/30/2022 10:00,SOUTH,2683.362
5/30/2022 15:00,5/30/2022 11:00,SOUTH,2604.711
5/30/2022 16:00,5/30/2022 12:00,SOUTH,2541.837
5/30/2022 17:00,5/30/2022 13:00,SOUTH,2446.888
5/30/2022 18:00,5/30/2022 14:00,SOUTH,2405.878
5/30/2022 19:00,5/30/2022 15:00,SOUTH,2400.451
5/30/2022 20:00,5/30/2022 16:00,SOUTH,2426.324
5/30/2022 21:00,5/30/2022 17:00,SOUTH,2313.675
5/30/2022 22:00,5/30/2022 18:00,SOUTH,1620.026
5/30/2022 23:00,5/30/2022 19:00,SOUTH,456.786
5/31/2022 0:00,5/30/2022 20:00,SOUTH,6.403
5/31/2022 1:00,5/30/2022 21:00,SOUTH,-4.091
5/31/2022 2:00,5/30/2022 22:00,SOUTH,-3.86
5/31/2022 3:00,5/30/2022 23:00,SOUTH,-4.16
5/31/2022 4:00,5/31/2022 0:00,SOUTH,-4.121
5/31/2022 5:00,5/31/2022 1:00,SOUTH,-3.999
5/31/2022 6:00,5/31/2022 2:00,SOUTH,-4.197
5/31/2022 7:00,5/31/2022 3:00,SOUTH,-4.098
5/31/2022 8:00,5/31/2022 4:00,SOUTH,-4.18
5/31/2022 9:00,5/31/2022 5:00,SOUTH,-2.315
5/31/2022 10:00,5/31/2022 6:00,SOUTH,259.953
5/31/2022 11:00,5/31/2022 7:00,SOUTH,1446.356
5/31/2022 12:00,5/31/2022 8:00,SOUTH,2351.849
5/31/2022 13:00,5/31/2022 9:00,SOUTH,2640.999
5/31/2022 14:00,5/31/2022 10:00,SOUTH,2715.263
5/31/2022 15:00,5/31/2022 11:00,SOUTH,2743.038
5/31/2022 16:00,5/31/2022 12:00,SOUTH,2743.47
5/31/2022 17:00,5/31/2022 13:00,SOUTH,2664.184
5/31/2022 18:00,5/31/2022 14:00,SOUTH,2549.404
5/31/2022 19:00,5/31/2022 15:00,SOUTH,2423.529
5/31/2022 20:00,5/31/2022 16:00,SOUTH,2295.243
5/31/2022 21:00,5/31/2022 17:00,SOUTH,2122.677
5/31/2022 22:00,5/31/2022 18:00,SOUTH,1498.62
5/31/2022 23:00,5/31/2022 19:00,SOUTH,387.544
6/1/2022 0:00,5/31/2022 20:00,SOUTH,4.118
6/1/2022 1:00,5/31/2022 21:00,SOUTH,-4.036
6/1/2022 2:00,5/31/2022 22:00,SOUTH,-4.024
6/1/2022 3:00,5/31/2022 23:00,SOUTH,-4.111
6/1/2022 4:00,6/1/2022 0:00,SOUTH,-3.565
6/1/2022 5:00,6/1/2022 1:00,SOUTH,-3.476
6/1/2022 6:00,6/1/2022 2:00,SOUTH,-3.511
6/1/2022 7:00,6/1/2022 3:00,SOUTH,-3.584
6/1/2022 8:00,6/1/2022 4:00,SOUTH,-3.495
6/1/2022 9:00,6/1/2022 5:00,SOUTH,-1.703
6/1/2022 10:00,6/1/2022 6:00,SOUTH,242.448
6/1/2022 11:00,6/1/2022 7:00,SOUTH,1336.099
6/1/2022 12:00,6/1/2022 8:00,SOUTH,2293.318
6/1/2022 13:00,6/1/2022 9:00,SOUTH,2543.682
6/1/2022 14:00,6/1/2022 10:00,SOUTH,2588.19
6/1/2022 15:00,6/1/2022 11:00,SOUTH,2628.165
6/1/2022 16:00,6/1/2022 12:00,SOUTH,2663.777
6/1/2022 17:00,6/1/2022 13:00,SOUTH,2617.386
6/1/2022 18:00,6/1/2022 14:00,SOUTH,2464.039
6/1/2022 19:00,6/1/2022 15:00,SOUTH,2520.319
6/1/2022 20:00,6/1/2022 16:00,SOUTH,2281.716
6/1/2022 21:00,6/1/2022 17:00,SOUTH,1881.529
6/1/2022 22:00,6/1/2022 18:00,SOUTH,1305.927
6/1/2022 23:00,6/1/2022 19:00,SOUTH,352.338
6/2/2022 0:00,6/1/2022 20:00,SOUTH,4.091
6/2/2022 1:00,6/1/2022 21:00,SOUTH,-4.11
6/2/2022 2:00,6/1/2022 22:00,SOUTH,-4.047
6/2/2022 3:00,6/1/2022 23:00,SOUTH,-4.125
6/2/2022 4:00,6/2/2022 0:00,SOUTH,-4.036
6/2/2022 5:00,6/2/2022 1:00,SOUTH,-4.048
6/2/2022 6:00,6/2/2022 2:00,SOUTH,-4.125
6/2/2022 7:00,6/2/2022 3:00,SOUTH,-4.133
6/2/2022 8:00,6/2/2022 4:00,SOUTH,-3.99
6/2/2022 9:00,6/2/2022 5:00,SOUTH,1.215
6/2/2022 10:00,6/2/2022 6:00,SOUTH,188.244
6/2/2022 11:00,6/2/2022 7:00,SOUTH,1137.799
6/2/2022 12:00,6/2/2022 8:00,SOUTH,2178.36
6/2/2022 13:00,6/2/2022 9:00,SOUTH,2575.388
6/2/2022 14:00,6/2/2022 10:00,SOUTH,2667.527
6/2/2022 15:00,6/2/2022 11:00,SOUTH,2711.424
6/2/2022 16:00,6/2/2022 12:00,SOUTH,2635.566
6/2/2022 17:00,6/2/2022 13:00,SOUTH,2536.684
6/2/2022 18:00,6/2/2022 14:00,SOUTH,2414.12
6/2/2022 19:00,6/2/2022 15:00,SOUTH,2308.749
6/2/2022 20:00,6/2/2022 16:00,SOUTH,1927.768
6/2/2022 21:00,6/2/2022 17:00,SOUTH,1492.321
6/2/2022 22:00,6/2/2022 18:00,SOUTH,737.9
6/2/2022 23:00,6/2/2022 19:00,SOUTH,201.186
6/3/2022 0:00,6/2/2022 20:00,SOUTH,6.658
6/3/2022 1:00,6/2/2022 21:00,SOUTH,-4.093
6/3/2022 2:00,6/2/2022 22:00,SOUTH,-4.132
6/3/2022 3:00,6/2/2022 23:00,SOUTH,-4.037
6/3/2022 4:00,6/3/2022 0:00,SOUTH,-4.091
6/3/2022 5:00,6/3/2022 1:00,SOUTH,-4.06
6/3/2022 6:00,6/3/2022 2:00,SOUTH,-4.158
6/3/2022 7:00,6/3/2022 3:00,SOUTH,-4.096
6/3/2022 8:00,6/3/2022 4:00,SOUTH,-4.076
6/3/2022 9:00,6/3/2022 5:00,SOUTH,-2.532
6/3/2022 10:00,6/3/2022 6:00,SOUTH,139.456
6/3/2022 11:00,6/3/2022 7:00,SOUTH,791.935
6/3/2022 12:00,6/3/2022 8:00,SOUTH,1612.95
6/3/2022 13:00,6/3/2022 9:00,SOUTH,1928.854
6/3/2022 14:00,6/3/2022 10:00,SOUTH,1961.792
6/3/2022 15:00,6/3/2022 11:00,SOUTH,2014.175
6/3/2022 16:00,6/3/2022 12:00,SOUTH,1989.884
6/3/2022 17:00,6/3/2022 13:00,SOUTH,1836.253
6/3/2022 18:00,6/3/2022 14:00,SOUTH,1841.633
6/3/2022 19:00,6/3/2022 15:00,SOUTH,1997.64
6/3/2022 20:00,6/3/2022 16:00,SOUTH,2141.731
6/3/2022 21:00,6/3/2022 17:00,SOUTH,1761.27
6/3/2022 22:00,6/3/2022 18:00,SOUTH,980.358
6/3/2022 23:00,6/3/2022 19:00,SOUTH,234.128
6/4/2022 0:00,6/3/2022 20:00,SOUTH,8.117
6/4/2022 1:00,6/3/2022 21:00,SOUTH,-4.246
6/4/2022 2:00,6/3/2022 22:00,SOUTH,-4.244
6/4/2022 3:00,6/3/2022 23:00,SOUTH,-4.062
6/4/2022 4:00,6/4/2022 0:00,SOUTH,-4.149
6/4/2022 5:00,6/4/2022 1:00,SOUTH,-4.158
6/4/2022 6:00,6/4/2022 2:00,SOUTH,-4.251
6/4/2022 7:00,6/4/2022 3:00,SOUTH,-4.228
6/4/2022 8:00,6/4/2022 4:00,SOUTH,-4.238
6/4/2022 9:00,6/4/2022 5:00,SOUTH,-2.454
6/4/2022 10:00,6/4/2022 6:00,SOUTH,206.921
6/4/2022 11:00,6/4/2022 7:00,SOUTH,1234.026
6/4/2022 12:00,6/4/2022 8:00,SOUTH,2186.172
6/4/2022 13:00,6/4/2022 9:00,SOUTH,2507.173
6/4/2022 14:00,6/4/2022 10:00,SOUTH,2675.706
6/4/2022 15:00,6/4/2022 11:00,SOUTH,2808.379
6/4/2022 16:00,6/4/2022 12:00,SOUTH,2736.381
6/4/2022 17:00,6/4/2022 13:00,SOUTH,2627.295
6/4/2022 18:00,6/4/2022 14:00,SOUTH,2585.914
6/4/2022 19:00,6/4/2022 15:00,SOUTH,2493.334
6/4/2022 20:00,6/4/2022 16:00,SOUTH,2618.413
6/4/2022 21:00,6/4/2022 17:00,SOUTH,2385.442
6/4/2022 22:00,6/4/2022 18:00,SOUTH,1629.531
6/4/2022 23:00,6/4/2022 19:00,SOUTH,427.726
6/5/2022 0:00,6/4/2022 20:00,SOUTH,6.652
6/5/2022 1:00,6/4/2022 21:00,SOUTH,-4.08
6/5/2022 2:00,6/4/2022 22:00,SOUTH,-4.181
6/5/2022 3:00,6/4/2022 23:00,SOUTH,-4.286
6/5/2022 4:00,6/5/2022 0:00,SOUTH,-4.274
6/5/2022 5:00,6/5/2022 1:00,SOUTH,-4.21
6/5/2022 6:00,6/5/2022 2:00,SOUTH,-4.232
6/5/2022 7:00,6/5/2022 3:00,SOUTH,-4.039
6/5/2022 8:00,6/5/2022 4:00,SOUTH,-4.207
6/5/2022 9:00,6/5/2022 5:00,SOUTH,-1.697
6/5/2022 10:00,6/5/2022 6:00,SOUTH,303.467
6/5/2022 11:00,6/5/2022 7:00,SOUTH,1628.263
6/5/2022 12:00,6/5/2022 8:00,SOUTH,2569.078
6/5/2022 13:00,6/5/2022 9:00,SOUTH,2770.034
6/5/2022 14:00,6/5/2022 10:00,SOUTH,2805.944
6/5/2022 15:00,6/5/2022 11:00,SOUTH,2830.795
6/5/2022 16:00,6/5/2022 12:00,SOUTH,2834.758
6/5/2022 17:00,6/5/2022 13:00,SOUTH,2707.807
6/5/2022 18:00,6/5/2022 14:00,SOUTH,2614.332
6/5/2022 19:00,6/5/2022 15:00,SOUTH,2432.173
6/5/2022 20:00,6/5/2022 16:00,SOUTH,2349.416
6/5/2022 21:00,6/5/2022 17:00,SOUTH,2167.754
6/5/2022 22:00,6/5/2022 18:00,SOUTH,1421.338
6/5/2022 23:00,6/5/2022 19:00,SOUTH,419.779
6/6/2022 0:00,6/5/2022 20:00,SOUTH,15.509
6/6/2022 1:00,6/5/2022 21:00,SOUTH,-4.312
6/6/2022 2:00,6/5/2022 22:00,SOUTH,-4.134
6/6/2022 3:00,6/5/2022 23:00,SOUTH,-4.037
6/6/2022 4:00,6/6/2022 0:00,SOUTH,-4.29
6/6/2022 5:00,6/6/2022 1:00,SOUTH,-4.208
6/6/2022 6:00,6/6/2022 2:00,SOUTH,-4.26
6/6/2022 7:00,6/6/2022 3:00,SOUTH,-4.169
6/6/2022 8:00,6/6/2022 4:00,SOUTH,-4.292
6/6/2022 9:00,6/6/2022 5:00,SOUTH,0.445
6/6/2022 10:00,6/6/2022 6:00,SOUTH,351.767
6/6/2022 11:00,6/6/2022 7:00,SOUTH,1605.351
6/6/2022 12:00,6/6/2022 8:00,SOUTH,2393.21
6/6/2022 13:00,6/6/2022 9:00,SOUTH,2581.913
6/6/2022 14:00,6/6/2022 10:00,SOUTH,2657.083
6/6/2022 15:00,6/6/2022 11:00,SOUTH,2683.07
6/6/2022 16:00,6/6/2022 12:00,SOUTH,2708.664
6/6/2022 17:00,6/6/2022 13:00,SOUTH,2734.204
6/6/2022 18:00,6/6/2022 14:00,SOUTH,2666.426
6/6/2022 19:00,6/6/2022 15:00,SOUTH,2683.353
6/6/2022 20:00,6/6/2022 16:00,SOUTH,2662.534
6/6/2022 21:00,6/6/2022 17:00,SOUTH,2492.858
6/6/2022 22:00,6/6/2022 18:00,SOUTH,1801.659
6/6/2022 23:00,6/6/2022 19:00,SOUTH,560.042
6/7/2022 0:00,6/6/2022 20:00,SOUTH,8.287
6/7/2022 1:00,6/6/2022 21:00,SOUTH,-4.171
6/7/2022 2:00,6/6/2022 22:00,SOUTH,-4.27
6/7/2022 3:00,6/6/2022 23:00,SOUTH,-4.166
6/7/2022 4:00,6/7/2022 0:00,SOUTH,-4.136
6/7/2022 5:00,6/7/2022 1:00,SOUTH,-4.216
6/7/2022 6:00,6/7/2022 2:00,SOUTH,-4.215
6/7/2022 7:00,6/7/2022 3:00,SOUTH,-4.232
6/7/2022 8:00,6/7/2022 4:00,SOUTH,-4.277
6/7/2022 9:00,6/7/2022 5:00,SOUTH,-0.3
6/7/2022 10:00,6/7/2022 6:00,SOUTH,265.209
6/7/2022 11:00,6/7/2022 7:00,SOUTH,1189.905
6/7/2022 12:00,6/7/2022 8:00,SOUTH,1921.199
6/7/2022 13:00,6/7/2022 9:00,SOUTH,2222.843
6/7/2022 14:00,6/7/2022 10:00,SOUTH,2082.286
6/7/2022 15:00,6/7/2022 11:00,SOUTH,1956.999
6/7/2022 16:00,6/7/2022 12:00,SOUTH,1958.938
6/7/2022 17:00,6/7/2022 13:00,SOUTH,2060.325
6/7/2022 18:00,6/7/2022 14:00,SOUTH,1986.507
6/7/2022 19:00,6/7/2022 15:00,SOUTH,1944.967
6/7/2022 20:00,6/7/2022 16:00,SOUTH,1771.88
6/7/2022 21:00,6/7/2022 17:00,SOUTH,1541.063
6/7/2022 22:00,6/7/2022 18:00,SOUTH,917.124
6/7/2022 23:00,6/7/2022 19:00,SOUTH,232.347
6/8/2022 0:00,6/7/2022 20:00,SOUTH,3.195
6/8/2022 1:00,6/7/2022 21:00,SOUTH,-4.11
6/8/2022 2:00,6/7/2022 22:00,SOUTH,-4.365
6/8/2022 3:00,6/7/2022 23:00,SOUTH,-4.155
6/8/2022 4:00,6/8/2022 0:00,SOUTH,-4.241
6/8/2022 5:00,6/8/2022 1:00,SOUTH,-4.221
6/8/2022 6:00,6/8/2022 2:00,SOUTH,-4.187
6/8/2022 7:00,6/8/2022 3:00,SOUTH,-4.23
6/8/2022 8:00,6/8/2022 4:00,SOUTH,-4.093
6/8/2022 9:00,6/8/2022 5:00,SOUTH,-1.351
6/8/2022 10:00,6/8/2022 6:00,SOUTH,180.872
6/8/2022 11:00,6/8/2022 7:00,SOUTH,784.775
6/8/2022 12:00,6/8/2022 8:00,SOUTH,1715.509
6/8/2022 13:00,6/8/2022 9:00,SOUTH,2176.178
6/8/2022 14:00,6/8/2022 10:00,SOUTH,2279.223
6/8/2022 15:00,6/8/2022 11:00,SOUTH,2405.238
6/8/2022 16:00,6/8/2022 12:00,SOUTH,2431.313
6/8/2022 17:00,6/8/2022 13:00,SOUTH,2290.22
6/8/2022 18:00,6/8/2022 14:00,SOUTH,2347.773
6/8/2022 19:00,6/8/2022 15:00,SOUTH,2001.017
6/8/2022 20:00,6/8/2022 16:00,SOUTH,1646.004
6/8/2022 21:00,6/8/2022 17:00,SOUTH,1081.598
6/8/2022 22:00,6/8/2022 18:00,SOUTH,596.027
6/8/2022 23:00,6/8/2022 19:00,SOUTH,142.559
6/9/2022 0:00,6/8/2022 20:00,SOUTH,-0.064
6/9/2022 1:00,6/8/2022 21:00,SOUTH,-4.225
6/9/2022 2:00,6/8/2022 22:00,SOUTH,-4.175
6/9/2022 3:00,6/8/2022 23:00,SOUTH,-4.234
6/9/2022 4:00,6/9/2022 0:00,SOUTH,-4.06
6/9/2022 5:00,6/9/2022 1:00,SOUTH,-4.287
6/9/2022 6:00,6/9/2022 2:00,SOUTH,-4.222
6/9/2022 7:00,6/9/2022 3:00,SOUTH,-4.378
6/9/2022 8:00,6/9/2022 4:00,SOUTH,-4.298
6/9/2022 9:00,6/9/2022 5:00,SOUTH,-2.359
6/9/2022 10:00,6/9/2022 6:00,SOUTH,144.863
6/9/2022 11:00,6/9/2022 7:00,SOUTH,742.447
6/9/2022 12:00,6/9/2022 8:00,SOUTH,1315.809
6/9/2022 13:00,6/9/2022 9:00,SOUTH,1625.079
6/9/2022 14:00,6/9/2022 10:00,SOUTH,2043.733
6/9/2022 15:00,6/9/2022 11:00,SOUTH,2189.458
6/9/2022 16:00,6/9/2022 12:00,SOUTH,2368.703
6/9/2022 17:00,6/9/2022 13:00,SOUTH,2466.798
6/9/2022 18:00,6/9/2022 14:00,SOUTH,2380.913
6/9/2022 19:00,6/9/2022 15:00,SOUTH,2293.889
6/9/2022 20:00,6/9/2022 16:00,SOUTH,2219.21
6/9/2022 21:00,6/9/2022 17:00,SOUTH,1949.599
6/9/2022 22:00,6/9/2022 18:00,SOUTH,1435.567
6/9/2022 23:00,6/9/2022 19:00,SOUTH,515.14
6/10/2022 0:00,6/9/2022 20:00,SOUTH,18.516
6/10/2022 1:00,6/9/2022 21:00,SOUTH,-4.228
6/10/2022 2:00,6/9/2022 22:00,SOUTH,-4.159
6/10/2022 3:00,6/9/2022 23:00,SOUTH,-4.211
6/10/2022 4:00,6/10/2022 0:00,SOUTH,-4.178
6/10/2022 5:00,6/10/2022 1:00,SOUTH,-4.265
6/10/2022 6:00,6/10/2022 2:00,SOUTH,-4.261
6/10/2022 7:00,6/10/2022 3:00,SOUTH,-4.169
6/10/2022 8:00,6/10/2022 4:00,SOUTH,-4.316
6/10/2022 9:00,6/10/2022 5:00,SOUTH,0.096
6/10/2022 10:00,6/10/2022 6:00,SOUTH,305.365
6/10/2022 11:00,6/10/2022 7:00,SOUTH,1449.095
6/10/2022 12:00,6/10/2022 8:00,SOUTH,2433.787
6/10/2022 13:00,6/10/2022 9:00,SOUTH,2785.726
6/10/2022 14:00,6/10/2022 10:00,SOUTH,2842.27
6/10/2022 15:00,6/10/2022 11:00,SOUTH,2829.752
6/10/2022 16:00,6/10/2022 12:00,SOUTH,2715.113
6/10/2022 17:00,6/10/2022 13:00,SOUTH,2532.324
6/10/2022 18:00,6/10/2022 14:00,SOUTH,2314.176
6/10/2022 19:00,6/10/2022 15:00,SOUTH,2320.813
6/10/2022 20:00,6/10/2022 16:00,SOUTH,2216.027
6/10/2022 21:00,6/10/2022 17:00,SOUTH,1955.776
6/10/2022 22:00,6/10/2022 18:00,SOUTH,1331.06
6/10/2022 23:00,6/10/2022 19:00,SOUTH,496.448
6/11/2022 0:00,6/10/2022 20:00,SOUTH,14.378
6/11/2022 1:00,6/10/2022 21:00,SOUTH,-4.306
6/11/2022 2:00,6/10/2022 22:00,SOUTH,-4.108
6/11/2022 3:00,6/10/2022 23:00,SOUTH,-4.25
6/11/2022 4:00,6/11/2022 0:00,SOUTH,-4.263
6/11/2022 5:00,6/11/2022 1:00,SOUTH,-4.228
6/11/2022 6:00,6/11/2022 2:00,SOUTH,-4.246
6/11/2022 7:00,6/11/2022 3:00,SOUTH,-4.235
6/11/2022 8:00,6/11/2022 4:00,SOUTH,-4.248
6/11/2022 9:00,6/11/2022 5:00,SOUTH,-1.62
6/11/2022 10:00,6/11/2022 6:00,SOUTH,193.295
6/11/2022 11:00,6/11/2022 7:00,SOUTH,880.133
6/11/2022 12:00,6/11/2022 8:00,SOUTH,1571.793
6/11/2022 13:00,6/11/2022 9:00,SOUTH,1830.551
6/11/2022 14:00,6/11/2022 10:00,SOUTH,2227.428
6/11/2022 15:00,6/11/2022 11:00,SOUTH,2318.155
6/11/2022 16:00,6/11/2022 12:00,SOUTH,2207.139
6/11/2022 17:00,6/11/2022 13:00,SOUTH,2118.944
6/11/2022 18:00,6/11/2022 14:00,SOUTH,2017.534
6/11/2022 19:00,6/11/2022 15:00,SOUTH,1741.166
6/11/2022 20:00,6/11/2022 16:00,SOUTH,1436.503
6/11/2022 21:00,6/11/2022 17:00,SOUTH,1445.278
6/11/2022 22:00,6/11/2022 18:00,SOUTH,1124.878
6/11/2022 23:00,6/11/2022 19:00,SOUTH,368.724
6/12/2022 0:00,6/11/2022 20:00,SOUTH,5.57
6/12/2022 1:00,6/11/2022 21:00,SOUTH,-4.2
6/12/2022 2:00,6/11/2022 22:00,SOUTH,-4.374
6/12/2022 3:00,6/11/2022 23:00,SOUTH,-4.208
6/12/2022 4:00,6/12/2022 0:00,SOUTH,-4.182
6/12/2022 5:00,6/12/2022 1:00,SOUTH,-4.359
6/12/2022 6:00,6/12/2022 2:00,SOUTH,-4.194
6/12/2022 7:00,6/12/2022 3:00,SOUTH,-4.2
6/12/2022 8:00,6/12/2022 4:00,SOUTH,-4.248
6/12/2022 9:00,6/12/2022 5:00,SOUTH,-3.562
6/12/2022 10:00,6/12/2022 6:00,SOUTH,91.864
6/12/2022 11:00,6/12/2022 7:00,SOUTH,498.472
6/12/2022 12:00,6/12/2022 8:00,SOUTH,1079.509
6/12/2022 13:00,6/12/2022 9:00,SOUTH,1263.079
6/12/2022 14:00,6/12/2022 10:00,SOUTH,1404.912
6/12/2022 15:00,6/12/2022 11:00,SOUTH,1597.467
6/12/2022 16:00,6/12/2022 12:00,SOUTH,1676.468
6/12/2022 17:00,6/12/2022 13:00,SOUTH,1914.029
6/12/2022 18:00,6/12/2022 14:00,SOUTH,1988.499
6/12/2022 19:00,6/12/2022 15:00,SOUTH,1788.918
6/12/2022 20:00,6/12/2022 16:00,SOUTH,1743.381
6/12/2022 21:00,6/12/2022 17:00,SOUTH,1284.994
6/12/2022 22:00,6/12/2022 18:00,SOUTH,1040.469
6/12/2022 23:00,6/12/2022 19:00,SOUTH,319.834
6/13/2022 0:00,6/12/2022 20:00,SOUTH,5.573
6/13/2022 1:00,6/12/2022 21:00,SOUTH,-3.813
6/13/2022 2:00,6/12/2022 22:00,SOUTH,-4.268
6/13/2022 3:00,6/12/2022 23:00,SOUTH,-4.202
6/13/2022 4:00,6/13/2022 0:00,SOUTH,-4.233
6/13/2022 5:00,6/13/2022 1:00,SOUTH,-4.278
6/13/2022 6:00,6/13/2022 2:00,SOUTH,-4.196
6/13/2022 7:00,6/13/2022 3:00,SOUTH,-4.111
6/13/2022 8:00,6/13/2022 4:00,SOUTH,-4.387
6/13/2022 9:00,6/13/2022 5:00,SOUTH,-1.5
6/13/2022 10:00,6/13/2022 6:00,SOUTH,233.639
6/13/2022 11:00,6/13/2022 7:00,SOUTH,1201.404
6/13/2022 12:00,6/13/2022 8:00,SOUTH,2037.148
6/13/2022 13:00,6/13/2022 9:00,SOUTH,2456.555
6/13/2022 14:00,6/13/2022 10:00,SOUTH,2601.719
6/13/2022 15:00,6/13/2022 11:00,SOUTH,2671.533
6/13/2022 16:00,6/13/2022 12:00,SOUTH,2649.384
6/13/2022 17:00,6/13/2022 13:00,SOUTH,2477.289
6/13/2022 18:00,6/13/2022 14:00,SOUTH,2434.868
6/13/2022 19:00,6/13/2022 15:00,SOUTH,2210.226
6/13/2022 20:00,6/13/2022 16:00,SOUTH,2035.921
6/13/2022 21:00,6/13/2022 17:00,SOUTH,1952.183
6/13/2022 22:00,6/13/2022 18:00,SOUTH,1187.117
6/13/2022 23:00,6/13/2022 19:00,SOUTH,371.752
6/14/2022 0:00,6/13/2022 20:00,SOUTH,11.885
6/14/2022 1:00,6/13/2022 21:00,SOUTH,-4.175
6/14/2022 2:00,6/13/2022 22:00,SOUTH,-4.162
6/14/2022 3:00,6/13/2022 23:00,SOUTH,-4.166
6/14/2022 4:00,6/14/2022 0:00,SOUTH,-3.801
6/14/2022 5:00,6/14/2022 1:00,SOUTH,-3.907
6/14/2022 6:00,6/14/2022 2:00,SOUTH,-3.987
6/14/2022 7:00,6/14/2022 3:00,SOUTH,-4.005
6/14/2022 8:00,6/14/2022 4:00,SOUTH,-4.001
6/14/2022 9:00,6/14/2022 5:00,SOUTH,-1.871
6/14/2022 10:00,6/14/2022 6:00,SOUTH,130.767
6/14/2022 11:00,6/14/2022 7:00,SOUTH,388.827
6/14/2022 12:00,6/14/2022 8:00,SOUTH,655.68
6/14/2022 13:00,6/14/2022 9:00,SOUTH,1003.285
6/14/2022 14:00,6/14/2022 10:00,SOUTH,1593.551
6/14/2022 15:00,6/14/2022 11:00,SOUTH,2024.349
6/14/2022 16:00,6/14/2022 12:00,SOUTH,1712.006
6/14/2022 17:00,6/14/2022 13:00,SOUTH,1532.205
6/14/2022 18:00,6/14/2022 14:00,SOUTH,1275.3
6/14/2022 19:00,6/14/2022 15:00,SOUTH,1247.969
6/14/2022 20:00,6/14/2022 16:00,SOUTH,1182.992
6/14/2022 21:00,6/14/2022 17:00,SOUTH,1403.905
6/14/2022 22:00,6/14/2022 18:00,SOUTH,1005.746
6/14/2022 23:00,6/14/2022 19:00,SOUTH,344.125
6/15/2022 0:00,6/14/2022 20:00,SOUTH,21.044
6/15/2022 1:00,6/14/2022 21:00,SOUTH,-3.88
6/15/2022 2:00,6/14/2022 22:00,SOUTH,-3.9
6/15/2022 3:00,6/14/2022 23:00,SOUTH,-3.906
6/15/2022 4:00,6/15/2022 0:00,SOUTH,-4.105
6/15/2022 5:00,6/15/2022 1:00,SOUTH,-4.312
6/15/2022 6:00,6/15/2022 2:00,SOUTH,-4.197
6/15/2022 7:00,6/15/2022 3:00,SOUTH,-4.204
6/15/2022 8:00,6/15/2022 4:00,SOUTH,-4.225
6/15/2022 9:00,6/15/2022 5:00,SOUTH,-0.169
6/15/2022 10:00,6/15/2022 6:00,SOUTH,237.569
6/15/2022 11:00,6/15/2022 7:00,SOUTH,1179.845
6/15/2022 12:00,6/15/2022 8:00,SOUTH,2103.906
6/15/2022 13:00,6/15/2022 9:00,SOUTH,2425.215
6/15/2022 14:00,6/15/2022 10:00,SOUTH,2446.095
6/15/2022 15:00,6/15/2022 11:00,SOUTH,2509.925
6/15/2022 16:00,6/15/2022 12:00,SOUTH,2444.269
6/15/2022 17:00,6/15/2022 13:00,SOUTH,2422.293
6/15/2022 18:00,6/15/2022 14:00,SOUTH,2368.044
6/15/2022 19:00,6/15/2022 15:00,SOUTH,2399.506
6/15/2022 20:00,6/15/2022 16:00,SOUTH,2246.294
6/15/2022 21:00,6/15/2022 17:00,SOUTH,2133.316
6/15/2022 22:00,6/15/2022 18:00,SOUTH,1558.73
6/15/2022 23:00,6/15/2022 19:00,SOUTH,472.176
6/16/2022 0:00,6/15/2022 20:00,SOUTH,12.342
6/16/2022 1:00,6/15/2022 21:00,SOUTH,-4.394
6/16/2022 2:00,6/15/2022 22:00,SOUTH,-4.153
6/16/2022 3:00,6/15/2022 23:00,SOUTH,-4.256
6/16/2022 4:00,6/16/2022 0:00,SOUTH,-4.193
6/16/2022 5:00,6/16/2022 1:00,SOUTH,-4.234
6/16/2022 6:00,6/16/2022 2:00,SOUTH,-4.219
6/16/2022 7:00,6/16/2022 3:00,SOUTH,-4.351
6/16/2022 8:00,6/16/2022 4:00,SOUTH,-4.156
6/16/2022 9:00,6/16/2022 5:00,SOUTH,-3.742
6/16/2022 10:00,6/16/2022 6:00,SOUTH,79.784
6/16/2022 11:00,6/16/2022 7:00,SOUTH,476.93
6/16/2022 12:00,6/16/2022 8:00,SOUTH,887.679
6/16/2022 13:00,6/16/2022 9:00,SOUTH,920.06
6/16/2022 14:00,6/16/2022 10:00,SOUTH,1052.908
6/16/2022 15:00,6/16/2022 11:00,SOUTH,1413.793
6/16/2022 16:00,6/16/2022 12:00,SOUTH,1866.517
6/16/2022 17:00,6/16/2022 13:00,SOUTH,2057.264
6/16/2022 18:00,6/16/2022 14:00,SOUTH,2206.017
6/16/2022 19:00,6/16/2022 15:00,SOUTH,2178.03
6/16/2022 20:00,6/16/2022 16:00,SOUTH,1783.053
6/16/2022 21:00,6/16/2022 17:00,SOUTH,932.755
6/16/2022 22:00,6/16/2022 18:00,SOUTH,269.497
6/16/2022 23:00,6/16/2022 19:00,SOUTH,73
6/17/2022 0:00,6/16/2022 20:00,SOUTH,2.971
6/17/2022 1:00,6/16/2022 21:00,SOUTH,-4.231
6/17/2022 2:00,6/16/2022 22:00,SOUTH,-4.254
6/17/2022 3:00,6/16/2022 23:00,SOUTH,-4.246
6/17/2022 4:00,6/17/2022 0:00,SOUTH,-4.103
6/17/2022 5:00,6/17/2022 1:00,SOUTH,-4.123
6/17/2022 6:00,6/17/2022 2:00,SOUTH,-4.233
6/17/2022 7:00,6/17/2022 3:00,SOUTH,-4.225
6/17/2022 8:00,6/17/2022 4:00,SOUTH,-4.261
6/17/2022 9:00,6/17/2022 5:00,SOUTH,-2.41
6/17/2022 10:00,6/17/2022 6:00,SOUTH,183.118
6/17/2022 11:00,6/17/2022 7:00,SOUTH,1155.299
6/17/2022 12:00,6/17/2022 8:00,SOUTH,2170.969
6/17/2022 13:00,6/17/2022 9:00,SOUTH,2522.962
6/17/2022 14:00,6/17/2022 10:00,SOUTH,2689.335
6/17/2022 15:00,6/17/2022 11:00,SOUTH,2735.173
6/17/2022 16:00,6/17/2022 12:00,SOUTH,2735.717
6/17/2022 17:00,6/17/2022 13:00,SOUTH,2685.859
6/17/2022 18:00,6/17/2022 14:00,SOUTH,2631.169
6/17/2022 19:00,6/17/2022 15:00,SOUTH,2390.531
6/17/2022 20:00,6/17/2022 16:00,SOUTH,1737.063
6/17/2022 21:00,6/17/2022 17:00,SOUTH,1152.939
6/17/2022 22:00,6/17/2022 18:00,SOUTH,448.373
6/17/2022 23:00,6/17/2022 19:00,SOUTH,180.618
6/18/2022 0:00,6/17/2022 20:00,SOUTH,19.595
6/18/2022 1:00,6/17/2022 21:00,SOUTH,-3.886
6/18/2022 2:00,6/17/2022 22:00,SOUTH,-3.908
6/18/2022 3:00,6/17/2022 23:00,SOUTH,-3.883
6/18/2022 4:00,6/18/2022 0:00,SOUTH,-3.721
6/18/2022 5:00,6/18/2022 1:00,SOUTH,-3.956
6/18/2022 6:00,6/18/2022 2:00,SOUTH,-3.823
6/18/2022 7:00,6/18/2022 3:00,SOUTH,-3.857
6/18/2022 8:00,6/18/2022 4:00,SOUTH,-3.969
6/18/2022 9:00,6/18/2022 5:00,SOUTH,-0.98
6/18/2022 10:00,6/18/2022 6:00,SOUTH,301.27
6/18/2022 11:00,6/18/2022 7:00,SOUTH,1516.19
6/18/2022 12:00,6/18/2022 8:00,SOUTH,2431.007
6/18/2022 13:00,6/18/2022 9:00,SOUTH,2669.08
6/18/2022 14:00,6/18/2022 10:00,SOUTH,2656.46
6/18/2022 15:00,6/18/2022 11:00,SOUTH,2584.835
6/18/2022 16:00,6/18/2022 12:00,SOUTH,2445.457
6/18/2022 17:00,6/18/2022 13:00,SOUTH,2411.066
6/18/2022 18:00,6/18/2022 14:00,SOUTH,2537.99
6/18/2022 19:00,6/18/2022 15:00,SOUTH,2445.025
6/18/2022 20:00,6/18/2022 16:00,SOUTH,2557.126
6/18/2022 21:00,6/18/2022 17:00,SOUTH,2523.729
6/18/2022 22:00,6/18/2022 18:00,SOUTH,2052.234
6/18/2022 23:00,6/18/2022 19:00,SOUTH,726.561
6/19/2022 0:00,6/18/2022 20:00,SOUTH,22.466
6/19/2022 1:00,6/18/2022 21:00,SOUTH,-4.379
6/19/2022 2:00,6/18/2022 22:00,SOUTH,-4.175
6/19/2022 3:00,6/18/2022 23:00,SOUTH,-4.231
6/19/2022 4:00,6/19/2022 0:00,SOUTH,-4.205
6/19/2022 5:00,6/19/2022 1:00,SOUTH,-4.16
6/19/2022 6:00,6/19/2022 2:00,SOUTH,-4.308
6/19/2022 7:00,6/19/2022 3:00,SOUTH,-4.261
6/19/2022 8:00,6/19/2022 4:00,SOUTH,-4.195
6/19/2022 9:00,6/19/2022 5:00,SOUTH,-0.369
6/19/2022 10:00,6/19/2022 6:00,SOUTH,366.425
6/19/2022 11:00,6/19/2022 7:00,SOUTH,1728.605
6/19/2022 12:00,6/19/2022 8:00,SOUTH,2627.52
6/19/2022 13:00,6/19/2022 9:00,SOUTH,2796.459
6/19/2022 14:00,6/19/2022 10:00,SOUTH,2831.011
6/19/2022 15:00,6/19/2022 11:00,SOUTH,2848.4
6/19/2022 16:00,6/19/2022 12:00,SOUTH,2839.281
6/19/2022 17:00,6/19/2022 13:00,SOUTH,2827.345
6/19/2022 18:00,6/19/2022 14:00,SOUTH,2814.839
6/19/2022 19:00,6/19/2022 15:00,SOUTH,2796.271
6/19/2022 20:00,6/19/2022 16:00,SOUTH,2720.475
6/19/2022 21:00,6/19/2022 17:00,SOUTH,2417.771
6/19/2022 22:00,6/19/2022 18:00,SOUTH,1570.042
6/19/2022 23:00,6/19/2022 19:00,SOUTH,472.374
6/20/2022 0:00,6/19/2022 20:00,SOUTH,18.813
6/20/2022 1:00,6/19/2022 21:00,SOUTH,-4.399
6/20/2022 2:00,6/19/2022 22:00,SOUTH,-4.141
6/20/2022 3:00,6/19/2022 23:00,SOUTH,-4.295
6/20/2022 4:00,6/20/2022 0:00,SOUTH,-4.173
6/20/2022 5:00,6/20/2022 1:00,SOUTH,-4.128
6/20/2022 6:00,6/20/2022 2:00,SOUTH,-4.112
6/20/2022 7:00,6/20/2022 3:00,SOUTH,-4.145
6/20/2022 8:00,6/20/2022 4:00,SOUTH,-4.173
6/20/2022 9:00,6/20/2022 5:00,SOUTH,0.054
6/20/2022 10:00,6/20/2022 6:00,SOUTH,307.929
6/20/2022 11:00,6/20/2022 7:00,SOUTH,1257.448
6/20/2022 12:00,6/20/2022 8:00,SOUTH,2212.919
6/20/2022 13:00,6/20/2022 9:00,SOUTH,2301.348
6/20/2022 14:00,6/20/2022 10:00,SOUTH,2283.741
6/20/2022 15:00,6/20/2022 11:00,SOUTH,2418.057
6/20/2022 16:00,6/20/2022 12:00,SOUTH,2402.719
6/20/2022 17:00,6/20/2022 13:00,SOUTH,2202.679
6/20/2022 18:00,6/20/2022 14:00,SOUTH,2294.573
6/20/2022 19:00,6/20/2022 15:00,SOUTH,2463.482
6/20/2022 20:00,6/20/2022 16:00,SOUTH,2468.051
6/20/2022 21:00,6/20/2022 17:00,SOUTH,2057.161
6/20/2022 22:00,6/20/2022 18:00,SOUTH,1247.243
6/20/2022 23:00,6/20/2022 19:00,SOUTH,389.93
6/21/2022 0:00,6/20/2022 20:00,SOUTH,8.493
6/21/2022 1:00,6/20/2022 21:00,SOUTH,-4.278
6/21/2022 2:00,6/20/2022 22:00,SOUTH,-4.13
6/21/2022 3:00,6/20/2022 23:00,SOUTH,-4.298
6/21/2022 4:00,6/21/2022 0:00,SOUTH,-4.126
6/21/2022 5:00,6/21/2022 1:00,SOUTH,-4.248
6/21/2022 6:00,6/21/2022 2:00,SOUTH,-4.197
6/21/2022 7:00,6/21/2022 3:00,SOUTH,-4.271
6/21/2022 8:00,6/21/2022 4:00,SOUTH,-4.292
6/21/2022 9:00,6/21/2022 5:00,SOUTH,-3.044
6/21/2022 10:00,6/21/2022 6:00,SOUTH,115.015
6/21/2022 11:00,6/21/2022 7:00,SOUTH,561.132
6/21/2022 12:00,6/21/2022 8:00,SOUTH,985.801
6/21/2022 13:00,6/21/2022 9:00,SOUTH,1635.605
6/21/2022 14:00,6/21/2022 10:00,SOUTH,2249.151
6/21/2022 15:00,6/21/2022 11:00,SOUTH,2318.523
6/21/2022 16:00,6/21/2022 12:00,SOUTH,2387.995
6/21/2022 17:00,6/21/2022 13:00,SOUTH,2335.828
6/21/2022 18:00,6/21/2022 14:00,SOUTH,2191.999
6/21/2022 19:00,6/21/2022 15:00,SOUTH,2002.103
6/21/2022 20:00,6/21/2022 16:00,SOUTH,1649.672
6/21/2022 21:00,6/21/2022 17:00,SOUTH,1459.261
6/21/2022 22:00,6/21/2022 18:00,SOUTH,1202.152
6/21/2022 23:00,6/21/2022 19:00,SOUTH,496.106
6/22/2022 0:00,6/21/2022 20:00,SOUTH,25.245
6/22/2022 1:00,6/21/2022 21:00,SOUTH,-4.158
6/22/2022 2:00,6/21/2022 22:00,SOUTH,-4.13
6/22/2022 3:00,6/21/2022 23:00,SOUTH,-4.09
6/22/2022 4:00,6/22/2022 0:00,SOUTH,-4.003
6/22/2022 5:00,6/22/2022 1:00,SOUTH,-4.191
6/22/2022 6:00,6/22/2022 2:00,SOUTH,-4.094
6/22/2022 7:00,6/22/2022 3:00,SOUTH,-4.139
6/22/2022 8:00,6/22/2022 4:00,SOUTH,-3.912
6/22/2022 9:00,6/22/2022 5:00,SOUTH,-1.796
6/22/2022 10:00,6/22/2022 6:00,SOUTH,244.784
6/22/2022 11:00,6/22/2022 7:00,SOUTH,1074.16
6/22/2022 12:00,6/22/2022 8:00,SOUTH,1816.178
6/22/2022 13:00,6/22/2022 9:00,SOUTH,2153.912
6/22/2022 14:00,6/22/2022 10:00,SOUTH,2127.197
6/22/2022 15:00,6/22/2022 11:00,SOUTH,2136.71
6/22/2022 16:00,6/22/2022 12:00,SOUTH,2133.389
6/22/2022 17:00,6/22/2022 13:00,SOUTH,2031.473
6/22/2022 18:00,6/22/2022 14:00,SOUTH,1761.245
6/22/2022 19:00,6/22/2022 15:00,SOUTH,1480.109
6/22/2022 20:00,6/22/2022 16:00,SOUTH,967.169
6/22/2022 21:00,6/22/2022 17:00,SOUTH,554.938
6/22/2022 22:00,6/22/2022 18:00,SOUTH,198.282
6/22/2022 23:00,6/22/2022 19:00,SOUTH,30.205
6/23/2022 0:00,6/22/2022 20:00,SOUTH,-2.05
6/23/2022 1:00,6/22/2022 21:00,SOUTH,-4.147
6/23/2022 2:00,6/22/2022 22:00,SOUTH,-4.15
6/23/2022 3:00,6/22/2022 23:00,SOUTH,-4.175
6/23/2022 4:00,6/23/2022 0:00,SOUTH,-4.199
6/23/2022 5:00,6/23/2022 1:00,SOUTH,-4.294
6/23/2022 6:00,6/23/2022 2:00,SOUTH,-4.061
6/23/2022 7:00,6/23/2022 3:00,SOUTH,-4.166
6/23/2022 8:00,6/23/2022 4:00,SOUTH,-4.208
6/23/2022 9:00,6/23/2022 5:00,SOUTH,-4.051
6/23/2022 10:00,6/23/2022 6:00,SOUTH,24.784
6/23/2022 11:00,6/23/2022 7:00,SOUTH,129.532
6/23/2022 12:00,6/23/2022 8:00,SOUTH,236.772
6/23/2022 13:00,6/23/2022 9:00,SOUTH,404.191
6/23/2022 14:00,6/23/2022 10:00,SOUTH,669.316
6/23/2022 15:00,6/23/2022 11:00,SOUTH,978.695
6/23/2022 16:00,6/23/2022 12:00,SOUTH,982.853
6/23/2022 17:00,6/23/2022 13:00,SOUTH,1067.526
6/23/2022 18:00,6/23/2022 14:00,SOUTH,1162.496
6/23/2022 19:00,6/23/2022 15:00,SOUTH,1112.271
6/23/2022 20:00,6/23/2022 16:00,SOUTH,946.276
6/23/2022 21:00,6/23/2022 17:00,SOUTH,1003.744
6/23/2022 22:00,6/23/2022 18:00,SOUTH,783.968
6/23/2022 23:00,6/23/2022 19:00,SOUTH,278.82
6/24/2022 0:00,6/23/2022 20:00,SOUTH,12.032
6/24/2022 1:00,6/23/2022 21:00,SOUTH,-4.223
6/24/2022 2:00,6/23/2022 22:00,SOUTH,-3.951
6/24/2022 3:00,6/23/2022 23:00,SOUTH,-4.217
6/24/2022 4:00,6/24/2022 0:00,SOUTH,-4.093
6/24/2022 5:00,6/24/2022 1:00,SOUTH,-4.247
6/24/2022 6:00,6/24/2022 2:00,SOUTH,-4.273
6/24/2022 7:00,6/24/2022 3:00,SOUTH,-4.216
6/24/2022 8:00,6/24/2022 4:00,SOUTH,-4.27
6/24/2022 9:00,6/24/2022 5:00,SOUTH,-0.855
6/24/2022 10:00,6/24/2022 6:00,SOUTH,244.262
6/24/2022 11:00,6/24/2022 7:00,SOUTH,1199.139
6/24/2022 12:00,6/24/2022 8:00,SOUTH,1845.969
6/24/2022 13:00,6/24/2022 9:00,SOUTH,1767.454
6/24/2022 14:00,6/24/2022 10:00,SOUTH,1875.336
6/24/2022 15:00,6/24/2022 11:00,SOUTH,1854.782
6/24/2022 16:00,6/24/2022 12:00,SOUTH,1977.34
6/24/2022 17:00,6/24/2022 13:00,SOUTH,2128.955
6/24/2022 18:00,6/24/2022 14:00,SOUTH,2173.257
6/24/2022 19:00,6/24/2022 15:00,SOUTH,2165.855
6/24/2022 20:00,6/24/2022 16:00,SOUTH,2353.637
6/24/2022 21:00,6/24/2022 17:00,SOUTH,2334.032
6/24/2022 22:00,6/24/2022 18:00,SOUTH,1849.644
6/24/2022 23:00,6/24/2022 19:00,SOUTH,668.601
6/25/2022 0:00,6/24/2022 20:00,SOUTH,22.333
6/25/2022 1:00,6/24/2022 21:00,SOUTH,-4.277
6/25/2022 2:00,6/24/2022 22:00,SOUTH,-4.124
6/25/2022 3:00,6/24/2022 23:00,SOUTH,-4.061
6/25/2022 4:00,6/25/2022 0:00,SOUTH,-4.1
6/25/2022 5:00,6/25/2022 1:00,SOUTH,-4.077
6/25/2022 6:00,6/25/2022 2:00,SOUTH,-4.119
6/25/2022 7:00,6/25/2022 3:00,SOUTH,-4.112
6/25/2022 8:00,6/25/2022 4:00,SOUTH,-4.148
6/25/2022 9:00,6/25/2022 5:00,SOUTH,-0.682
6/25/2022 10:00,6/25/2022 6:00,SOUTH,298.193
6/25/2022 11:00,6/25/2022 7:00,SOUTH,1492.319
6/25/2022 12:00,6/25/2022 8:00,SOUTH,2344.398
6/25/2022 13:00,6/25/2022 9:00,SOUTH,2633.032
6/25/2022 14:00,6/25/2022 10:00,SOUTH,2710.346
6/25/2022 15:00,6/25/2022 11:00,SOUTH,2650
6/25/2022 16:00,6/25/2022 12:00,SOUTH,2545.916
6/25/2022 17:00,6/25/2022 13:00,SOUTH,2532.662
6/25/2022 18:00,6/25/2022 14:00,SOUTH,2529.402
6/25/2022 19:00,6/25/2022 15:00,SOUTH,2530.15
6/25/2022 20:00,6/25/2022 16:00,SOUTH,2562.148
6/25/2022 21:00,6/25/2022 17:00,SOUTH,2448.733
6/25/2022 22:00,6/25/2022 18:00,SOUTH,1892.316
6/25/2022 23:00,6/25/2022 19:00,SOUTH,653.005
6/26/2022 0:00,6/25/2022 20:00,SOUTH,12.311
6/26/2022 1:00,6/25/2022 21:00,SOUTH,-4.17
6/26/2022 2:00,6/25/2022 22:00,SOUTH,-4.06
6/26/2022 3:00,6/25/2022 23:00,SOUTH,-4.197
6/26/2022 4:00,6/26/2022 0:00,SOUTH,-4.007
6/26/2022 5:00,6/26/2022 1:00,SOUTH,-4.167
6/26/2022 6:00,6/26/2022 2:00,SOUTH,-4.292
6/26/2022 7:00,6/26/2022 3:00,SOUTH,-4.106
6/26/2022 8:00,6/26/2022 4:00,SOUTH,-4.23
6/26/2022 9:00,6/26/2022 5:00,SOUTH,-1.392
6/26/2022 10:00,6/26/2022 6:00,SOUTH,220.276
6/26/2022 11:00,6/26/2022 7:00,SOUTH,1182.774
6/26/2022 12:00,6/26/2022 8:00,SOUTH,2177.499
6/26/2022 13:00,6/26/2022 9:00,SOUTH,2492.915
6/26/2022 14:00,6/26/2022 10:00,SOUTH,2585.857
6/26/2022 15:00,6/26/2022 11:00,SOUTH,2626.712
6/26/2022 16:00,6/26/2022 12:00,SOUTH,2618.862
6/26/2022 17:00,6/26/2022 13:00,SOUTH,2600.677
6/26/2022 18:00,6/26/2022 14:00,SOUTH,2474.982
6/26/2022 19:00,6/26/2022 15:00,SOUTH,2358.883
6/26/2022 20:00,6/26/2022 16:00,SOUTH,1975.002
6/26/2022 21:00,6/26/2022 17:00,SOUTH,1721.824
6/26/2022 22:00,6/26/2022 18:00,SOUTH,1118.527
6/26/2022 23:00,6/26/2022 19:00,SOUTH,304.41
6/27/2022 0:00,6/26/2022 20:00,SOUTH,14.828
6/27/2022 1:00,6/26/2022 21:00,SOUTH,-4.291
6/27/2022 2:00,6/26/2022 22:00,SOUTH,-3.982
6/27/2022 3:00,6/26/2022 23:00,SOUTH,-4.217
6/27/2022 4:00,6/27/2022 0:00,SOUTH,-4.078
6/27/2022 5:00,6/27/2022 1:00,SOUTH,-4.151
6/27/2022 6:00,6/27/2022 2:00,SOUTH,-4.112
6/27/2022 7:00,6/27/2022 3:00,SOUTH,-4.079
6/27/2022 8:00,6/27/2022 4:00,SOUTH,-4.07
6/27/2022 9:00,6/27/2022 5:00,SOUTH,-1.799
6/27/2022 10:00,6/27/2022 6:00,SOUTH,155.978
6/27/2022 11:00,6/27/2022 7:00,SOUTH,638.331
6/27/2022 12:00,6/27/2022 8:00,SOUTH,1102.152
6/27/2022 13:00,6/27/2022 9:00,SOUTH,1451.062
6/27/2022 14:00,6/27/2022 10:00,SOUTH,1816.742
6/27/2022 15:00,6/27/2022 11:00,SOUTH,1654.45
6/27/2022 16:00,6/27/2022 12:00,SOUTH,1593.144
6/27/2022 17:00,6/27/2022 13:00,SOUTH,1715.096
6/27/2022 18:00,6/27/2022 14:00,SOUTH,1525.56
6/27/2022 19:00,6/27/2022 15:00,SOUTH,1095.781
6/27/2022 20:00,6/27/2022 16:00,SOUTH,736.121
6/27/2022 21:00,6/27/2022 17:00,SOUTH,792.267
6/27/2022 22:00,6/27/2022 18:00,SOUTH,553.681
6/27/2022 23:00,6/27/2022 19:00,SOUTH,254.553
6/28/2022 0:00,6/27/2022 20:00,SOUTH,19.088
6/28/2022 1:00,6/27/2022 21:00,SOUTH,-4.013
6/28/2022 2:00,6/27/2022 22:00,SOUTH,-4.121
6/28/2022 3:00,6/27/2022 23:00,SOUTH,-4.121
6/28/2022 4:00,6/28/2022 0:00,SOUTH,-4.103
6/28/2022 5:00,6/28/2022 1:00,SOUTH,-4.151
6/28/2022 6:00,6/28/2022 2:00,SOUTH,-4.009
6/28/2022 7:00,6/28/2022 3:00,SOUTH,-4.09
6/28/2022 8:00,6/28/2022 4:00,SOUTH,-4.089
6/28/2022 9:00,6/28/2022 5:00,SOUTH,-2.443
6/28/2022 10:00,6/28/2022 6:00,SOUTH,248.553
6/28/2022 11:00,6/28/2022 7:00,SOUTH,1379.741
6/28/2022 12:00,6/28/2022 8:00,SOUTH,2345.768
6/28/2022 13:00,6/28/2022 9:00,SOUTH,2580.932
6/28/2022 14:00,6/28/2022 10:00,SOUTH,2639.859
6/28/2022 15:00,6/28/2022 11:00,SOUTH,2667.565
6/28/2022 16:00,6/28/2022 12:00,SOUTH,2653.093
6/28/2022 17:00,6/28/2022 13:00,SOUTH,2637.274
6/28/2022 18:00,6/28/2022 14:00,SOUTH,2560.339
6/28/2022 19:00,6/28/2022 15:00,SOUTH,2499.616
6/28/2022 20:00,6/28/2022 16:00,SOUTH,2330.847
6/28/2022 21:00,6/28/2022 17:00,SOUTH,1937.62
6/28/2022 22:00,6/28/2022 18:00,SOUTH,1210.118
6/28/2022 23:00,6/28/2022 19:00,SOUTH,373.467
6/29/2022 0:00,6/28/2022 20:00,SOUTH,20.626
6/29/2022 1:00,6/28/2022 21:00,SOUTH,-4.205
6/29/2022 2:00,6/28/2022 22:00,SOUTH,-4.056
6/29/2022 3:00,6/28/2022 23:00,SOUTH,-4.216
6/29/2022 4:00,6/29/2022 0:00,SOUTH,-4.137
6/29/2022 5:00,6/29/2022 1:00,SOUTH,-4.19
6/29/2022 6:00,6/29/2022 2:00,SOUTH,-4.195
6/29/2022 7:00,6/29/2022 3:00,SOUTH,-4.111
6/29/2022 8:00,6/29/2022 4:00,SOUTH,-4.178
6/29/2022 9:00,6/29/2022 5:00,SOUTH,-2.36
6/29/2022 10:00,6/29/2022 6:00,SOUTH,148.852
6/29/2022 11:00,6/29/2022 7:00,SOUTH,860.337
6/29/2022 12:00,6/29/2022 8:00,SOUTH,1428.924
6/29/2022 13:00,6/29/2022 9:00,SOUTH,1655.5
6/29/2022 14:00,6/29/2022 10:00,SOUTH,1828.818
6/29/2022 15:00,6/29/2022 11:00,SOUTH,1894.491
6/29/2022 16:00,6/29/2022 12:00,SOUTH,1997.931
6/29/2022 17:00,6/29/2022 13:00,SOUTH,2235.623
6/29/2022 18:00,6/29/2022 14:00,SOUTH,2171.497
6/29/2022 19:00,6/29/2022 15:00,SOUTH,2008.039
6/29/2022 20:00,6/29/2022 16:00,SOUTH,1956.45
6/29/2022 21:00,6/29/2022 17:00,SOUTH,1760.674
6/29/2022 22:00,6/29/2022 18:00,SOUTH,1416.724
6/29/2022 23:00,6/29/2022 19:00,SOUTH,542.408
6/30/2022 0:00,6/29/2022 20:00,SOUTH,27.355
6/30/2022 1:00,6/29/2022 21:00,SOUTH,-4.267
6/30/2022 2:00,6/29/2022 22:00,SOUTH,-3.958
6/30/2022 3:00,6/29/2022 23:00,SOUTH,-4.032
6/30/2022 4:00,6/30/2022 0:00,SOUTH,-3.921
6/30/2022 5:00,6/30/2022 1:00,SOUTH,-4.085
6/30/2022 6:00,6/30/2022 2:00,SOUTH,-4.213
6/30/2022 7:00,6/30/2022 3:00,SOUTH,-4.216
6/30/2022 8:00,6/30/2022 4:00,SOUTH,-3.962
6/30/2022 9:00,6/30/2022 5:00,SOUTH,-2.064
6/30/2022 10:00,6/30/2022 6:00,SOUTH,197.539
6/30/2022 11:00,6/30/2022 7:00,SOUTH,1083.433
6/30/2022 12:00,6/30/2022 8:00,SOUTH,1900.342
6/30/2022 13:00,6/30/2022 9:00,SOUTH,2345.27
6/30/2022 14:00,6/30/2022 10:00,SOUTH,2482.203
6/30/2022 15:00,6/30/2022 11:00,SOUTH,2468.412
6/30/2022 16:00,6/30/2022 12:00,SOUTH,2363.352
6/30/2022 17:00,6/30/2022 13:00,SOUTH,2236.255
6/30/2022 18:00,6/30/2022 14:00,SOUTH,2256.607
6/30/2022 19:00,6/30/2022 15:00,SOUTH,2105.796
6/30/2022 20:00,6/30/2022 16:00,SOUTH,1831.421
6/30/2022 21:00,6/30/2022 17:00,SOUTH,1701.867
6/30/2022 22:00,6/30/2022 18:00,SOUTH,1241.22
6/30/2022 23:00,6/30/2022 19:00,SOUTH,385.559
7/1/2022 0:00,6/30/2022 20:00,SOUTH,17.555
7/1/2022 1:00,6/30/2022 21:00,SOUTH,-4.32
7/1/2022 2:00,6/30/2022 22:00,SOUTH,-4.049
7/1/2022 3:00,6/30/2022 23:00,SOUTH,-4.117
7/1/2022 4:00,7/1/2022 0:00,SOUTH,-4.146
7/1/2022 5:00,7/1/2022 1:00,SOUTH,-4.131
7/1/2022 6:00,7/1/2022 2:00,SOUTH,-4.095
7/1/2022 7:00,7/1/2022 3:00,SOUTH,-4.167
7/1/2022 8:00,7/1/2022 4:00,SOUTH,-4.065
7/1/2022 9:00,7/1/2022 5:00,SOUTH,-1.199
7/1/2022 10:00,7/1/2022 6:00,SOUTH,227.149
7/1/2022 11:00,7/1/2022 7:00,SOUTH,1224.136
7/1/2022 12:00,7/1/2022 8:00,SOUTH,2136.431
7/1/2022 13:00,7/1/2022 9:00,SOUTH,2478.735
7/1/2022 14:00,7/1/2022 10:00,SOUTH,2550.623
7/1/2022 15:00,7/1/2022 11:00,SOUTH,2586.449
7/1/2022 16:00,7/1/2022 12:00,SOUTH,2594.149
7/1/2022 17:00,7/1/2022 13:00,SOUTH,2590.167
7/1/2022 18:00,7/1/2022 14:00,SOUTH,2606.27
7/1/2022 19:00,7/1/2022 15:00,SOUTH,2401.453
7/1/2022 20:00,7/1/2022 16:00,SOUTH,2159.531
7/1/2022 21:00,7/1/2022 17:00,SOUTH,1825.962
7/1/2022 22:00,7/1/2022 18:00,SOUTH,1276.571
7/1/2022 23:00,7/1/2022 19:00,SOUTH,446.002
7/2/2022 0:00,7/1/2022 20:00,SOUTH,11.932
7/2/2022 1:00,7/1/2022 21:00,SOUTH,-4.277
7/2/2022 2:00,7/1/2022 22:00,SOUTH,-4.269
7/2/2022 3:00,7/1/2022 23:00,SOUTH,-4.173
7/2/2022 4:00,7/2/2022 0:00,SOUTH,-4.365
7/2/2022 5:00,7/2/2022 1:00,SOUTH,-4.145
7/2/2022 6:00,7/2/2022 2:00,SOUTH,-4.223
7/2/2022 7:00,7/2/2022 3:00,SOUTH,-4.087
7/2/2022 8:00,7/2/2022 4:00,SOUTH,-4.268
7/2/2022 9:00,7/2/2022 5:00,SOUTH,-2.786
7/2/2022 10:00,7/2/2022 6:00,SOUTH,168.57
7/2/2022 11:00,7/2/2022 7:00,SOUTH,975.771
7/2/2022 12:00,7/2/2022 8:00,SOUTH,1835.057
7/2/2022 13:00,7/2/2022 9:00,SOUTH,2440.139
7/2/2022 14:00,7/2/2022 10:00,SOUTH,2586.016
7/2/2022 15:00,7/2/2022 11:00,SOUTH,2565.391
7/2/2022 16:00,7/2/2022 12:00,SOUTH,2482.795
7/2/2022 17:00,7/2/2022 13:00,SOUTH,2422.421
7/2/2022 18:00,7/2/2022 14:00,SOUTH,2373.12
7/2/2022 19:00,7/2/2022 15:00,SOUTH,1970.572
7/2/2022 20:00,7/2/2022 16:00,SOUTH,1653.057
7/2/2022 21:00,7/2/2022 17:00,SOUTH,1061.364
7/2/2022 22:00,7/2/2022 18:00,SOUTH,917.581
7/2/2022 23:00,7/2/2022 19:00,SOUTH,378.472
7/3/2022 0:00,7/2/2022 20:00,SOUTH,18.071
7/3/2022 1:00,7/2/2022 21:00,SOUTH,-4.4
7/3/2022 2:00,7/2/2022 22:00,SOUTH,-4.286
7/3/2022 3:00,7/2/2022 23:00,SOUTH,-4.256
7/3/2022 4:00,7/3/2022 0:00,SOUTH,-4.253
7/3/2022 5:00,7/3/2022 1:00,SOUTH,-4.274
7/3/2022 6:00,7/3/2022 2:00,SOUTH,-4.244
7/3/2022 7:00,7/3/2022 3:00,SOUTH,-4.305
7/3/2022 8:00,7/3/2022 4:00,SOUTH,-4.061
7/3/2022 9:00,7/3/2022 5:00,SOUTH,-2.998
7/3/2022 10:00,7/3/2022 6:00,SOUTH,129.446
7/3/2022 11:00,7/3/2022 7:00,SOUTH,724.519
7/3/2022 12:00,7/3/2022 8:00,SOUTH,1245.992
7/3/2022 13:00,7/3/2022 9:00,SOUTH,1724.372
7/3/2022 14:00,7/3/2022 10:00,SOUTH,1981.295
7/3/2022 15:00,7/3/2022 11:00,SOUTH,2118.674
7/3/2022 16:00,7/3/2022 12:00,SOUTH,2104.816
7/3/2022 17:00,7/3/2022 13:00,SOUTH,2181.113
7/3/2022 18:00,7/3/2022 14:00,SOUTH,2172.364
7/3/2022 19:00,7/3/2022 15:00,SOUTH,1998.283
7/3/2022 20:00,7/3/2022 16:00,SOUTH,1828.48
7/3/2022 21:00,7/3/2022 17:00,SOUTH,1676.347
7/3/2022 22:00,7/3/2022 18:00,SOUTH,1371.848
7/3/2022 23:00,7/3/2022 19:00,SOUTH,556.332
7/4/2022 0:00,7/3/2022 20:00,SOUTH,30.892
7/4/2022 1:00,7/3/2022 21:00,SOUTH,-4.39
7/4/2022 2:00,7/3/2022 22:00,SOUTH,-4.285
7/4/2022 3:00,7/3/2022 23:00,SOUTH,-4.203
7/4/2022 4:00,7/4/2022 0:00,SOUTH,-4.41
7/4/2022 5:00,7/4/2022 1:00,SOUTH,-3.976
7/4/2022 6:00,7/4/2022 2:00,SOUTH,-4.309
7/4/2022 7:00,7/4/2022 3:00,SOUTH,-4.231
7/4/2022 8:00,7/4/2022 4:00,SOUTH,-4.163
7/4/2022 9:00,7/4/2022 5:00,SOUTH,-2.26
7/4/2022 10:00,7/4/2022 6:00,SOUTH,175.117
7/4/2022 11:00,7/4/2022 7:00,SOUTH,1190.906
7/4/2022 12:00,7/4/2022 8:00,SOUTH,2208.346
7/4/2022 13:00,7/4/2022 9:00,SOUTH,2506.266
7/4/2022 14:00,7/4/2022 10:00,SOUTH,2508.868
7/4/2022 15:00,7/4/2022 11:00,SOUTH,2616.227
7/4/2022 16:00,7/4/2022 12:00,SOUTH,2648.865
7/4/2022 17:00,7/4/2022 13:00,SOUTH,2586.265
7/4/2022 18:00,7/4/2022 14:00,SOUTH,2519.745
7/4/2022 19:00,7/4/2022 15:00,SOUTH,2390.869
7/4/2022 20:00,7/4/2022 16:00,SOUTH,2266.683
7/4/2022 21:00,7/4/2022 17:00,SOUTH,2078.802
7/4/2022 22:00,7/4/2022 18:00,SOUTH,1469.872
7/4/2022 23:00,7/4/2022 19:00,SOUTH,502.621
7/5/2022 0:00,7/4/2022 20:00,SOUTH,16.749
7/5/2022 1:00,7/4/2022 21:00,SOUTH,-4.286
7/5/2022 2:00,7/4/2022 22:00,SOUTH,-4.196
7/5/2022 3:00,7/4/2022 23:00,SOUTH,-4.256
7/5/2022 4:00,7/5/2022 0:00,SOUTH,-4.294
7/5/2022 5:00,7/5/2022 1:00,SOUTH,-4.283
7/5/2022 6:00,7/5/2022 2:00,SOUTH,-4.353
7/5/2022 7:00,7/5/2022 3:00,SOUTH,-4.232
7/5/2022 8:00,7/5/2022 4:00,SOUTH,-4.281
7/5/2022 9:00,7/5/2022 5:00,SOUTH,-2.807
7/5/2022 10:00,7/5/2022 6:00,SOUTH,143.557
7/5/2022 11:00,7/5/2022 7:00,SOUTH,766.157
7/5/2022 12:00,7/5/2022 8:00,SOUTH,1483.537
7/5/2022 13:00,7/5/2022 9:00,SOUTH,2088.53
7/5/2022 14:00,7/5/2022 10:00,SOUTH,2341.172
7/5/2022 15:00,7/5/2022 11:00,SOUTH,2389.308
7/5/2022 16:00,7/5/2022 12:00,SOUTH,2229.682
7/5/2022 17:00,7/5/2022 13:00,SOUTH,2252.845
7/5/2022 18:00,7/5/2022 14:00,SOUTH,2006.799
7/5/2022 19:00,7/5/2022 15:00,SOUTH,1814.415
7/5/2022 20:00,7/5/2022 16:00,SOUTH,1617.125
7/5/2022 21:00,7/5/2022 17:00,SOUTH,1105.34
7/5/2022 22:00,7/5/2022 18:00,SOUTH,407.117
7/5/2022 23:00,7/5/2022 19:00,SOUTH,111.181
7/6/2022 0:00,7/5/2022 20:00,SOUTH,3.031
7/6/2022 1:00,7/5/2022 21:00,SOUTH,-4.328
7/6/2022 2:00,7/5/2022 22:00,SOUTH,-4.165
7/6/2022 3:00,7/5/2022 23:00,SOUTH,-4.254
7/6/2022 4:00,7/6/2022 0:00,SOUTH,-4.481
7/6/2022 5:00,7/6/2022 1:00,SOUTH,-4.225
7/6/2022 6:00,7/6/2022 2:00,SOUTH,-4.454
7/6/2022 7:00,7/6/2022 3:00,SOUTH,-4.356
7/6/2022 8:00,7/6/2022 4:00,SOUTH,-4.291
7/6/2022 9:00,7/6/2022 5:00,SOUTH,-3.237
7/6/2022 10:00,7/6/2022 6:00,SOUTH,118.891
7/6/2022 11:00,7/6/2022 7:00,SOUTH,650.811
7/6/2022 12:00,7/6/2022 8:00,SOUTH,1371.075
7/6/2022 13:00,7/6/2022 9:00,SOUTH,1806.36
7/6/2022 14:00,7/6/2022 10:00,SOUTH,2101.349
7/6/2022 15:00,7/6/2022 11:00,SOUTH,2187.609
7/6/2022 16:00,7/6/2022 12:00,SOUTH,2222.418
7/6/2022 17:00,7/6/2022 13:00,SOUTH,2017.98
7/6/2022 18:00,7/6/2022 14:00,SOUTH,1980.236
7/6/2022 19:00,7/6/2022 15:00,SOUTH,2180.508
7/6/2022 20:00,7/6/2022 16:00,SOUTH,1961.075
7/6/2022 21:00,7/6/2022 17:00,SOUTH,1500.292
7/6/2022 22:00,7/6/2022 18:00,SOUTH,871.599
7/6/2022 23:00,7/6/2022 19:00,SOUTH,135.891
7/7/2022 0:00,7/6/2022 20:00,SOUTH,-2.157
7/7/2022 1:00,7/6/2022 21:00,SOUTH,-4.341
7/7/2022 2:00,7/6/2022 22:00,SOUTH,-4.102
7/7/2022 3:00,7/6/2022 23:00,SOUTH,-3.997
7/7/2022 4:00,7/7/2022 0:00,SOUTH,-4.036
7/7/2022 5:00,7/7/2022 1:00,SOUTH,-3.977
7/7/2022 6:00,7/7/2022 2:00,SOUTH,-5.117
7/7/2022 7:00,7/7/2022 3:00,SOUTH,-4.044
7/7/2022 8:00,7/7/2022 4:00,SOUTH,-4.137
7/7/2022 9:00,7/7/2022 5:00,SOUTH,-2.982
7/7/2022 10:00,7/7/2022 6:00,SOUTH,79.073
7/7/2022 11:00,7/7/2022 7:00,SOUTH,534.572
7/7/2022 12:00,7/7/2022 8:00,SOUTH,1303.715
7/7/2022 13:00,7/7/2022 9:00,SOUTH,1512.196
7/7/2022 14:00,7/7/2022 10:00,SOUTH,1883.82
7/7/2022 15:00,7/7/2022 11:00,SOUTH,2042.054
7/7/2022 16:00,7/7/2022 12:00,SOUTH,2143.371
7/7/2022 17:00,7/7/2022 13:00,SOUTH,2142.76
7/7/2022 18:00,7/7/2022 14:00,SOUTH,2019.75
7/7/2022 19:00,7/7/2022 15:00,SOUTH,1779.684
7/7/2022 20:00,7/7/2022 16:00,SOUTH,1809.638
7/7/2022 21:00,7/7/2022 17:00,SOUTH,1758.965
7/7/2022 22:00,7/7/2022 18:00,SOUTH,1060.426
7/7/2022 23:00,7/7/2022 19:00,SOUTH,310.172
7/8/2022 0:00,7/7/2022 20:00,SOUTH,12.301
7/8/2022 1:00,7/7/2022 21:00,SOUTH,-4.642
7/8/2022 2:00,7/7/2022 22:00,SOUTH,-5.297
7/8/2022 3:00,7/7/2022 23:00,SOUTH,-4.466
7/8/2022 4:00,7/8/2022 0:00,SOUTH,-4.427
7/8/2022 5:00,7/8/2022 1:00,SOUTH,-4.254
7/8/2022 6:00,7/8/2022 2:00,SOUTH,-4.357
7/8/2022 7:00,7/8/2022 3:00,SOUTH,-4.36
7/8/2022 8:00,7/8/2022 4:00,SOUTH,-4.23
7/8/2022 9:00,7/8/2022 5:00,SOUTH,-3.378
7/8/2022 10:00,7/8/2022 6:00,SOUTH,68.594
7/8/2022 11:00,7/8/2022 7:00,SOUTH,344.711
7/8/2022 12:00,7/8/2022 8:00,SOUTH,767.502
7/8/2022 13:00,7/8/2022 9:00,SOUTH,875.545
7/8/2022 14:00,7/8/2022 10:00,SOUTH,1159.144
7/8/2022 15:00,7/8/2022 11:00,SOUTH,1468.977
7/8/2022 16:00,7/8/2022 12:00,SOUTH,1501.872
7/8/2022 17:00,7/8/2022 13:00,SOUTH,1651.081
7/8/2022 18:00,7/8/2022 14:00,SOUTH,1757.939
7/8/2022 19:00,7/8/2022 15:00,SOUTH,1553.246
7/8/2022 20:00,7/8/2022 16:00,SOUTH,1588.788
7/8/2022 21:00,7/8/2022 17:00,SOUTH,1259.535
7/8/2022 22:00,7/8/2022 18:00,SOUTH,694.402
7/8/2022 23:00,7/8/2022 19:00,SOUTH,165.701
7/9/2022 0:00,7/8/2022 20:00,SOUTH,2.192
7/9/2022 1:00,7/8/2022 21:00,SOUTH,-4.257
7/9/2022 2:00,7/8/2022 22:00,SOUTH,-4.177
7/9/2022 3:00,7/8/2022 23:00,SOUTH,-4.174
7/9/2022 4:00,7/9/2022 0:00,SOUTH,-4.324
7/9/2022 5:00,7/9/2022 1:00,SOUTH,-4.051
7/9/2022 6:00,7/9/2022 2:00,SOUTH,-4.173
7/9/2022 7:00,7/9/2022 3:00,SOUTH,-4.082
7/9/2022 8:00,7/9/2022 4:00,SOUTH,-4.148
7/9/2022 9:00,7/9/2022 5:00,SOUTH,-3.907
7/9/2022 10:00,7/9/2022 6:00,SOUTH,26.207
7/9/2022 11:00,7/9/2022 7:00,SOUTH,261.494
7/9/2022 12:00,7/9/2022 8:00,SOUTH,635.611
7/9/2022 13:00,7/9/2022 9:00,SOUTH,785.096
7/9/2022 14:00,7/9/2022 10:00,SOUTH,956.104
7/9/2022 15:00,7/9/2022 11:00,SOUTH,1159.813
7/9/2022 16:00,7/9/2022 12:00,SOUTH,1342.404
7/9/2022 17:00,7/9/2022 13:00,SOUTH,1628.032
7/9/2022 18:00,7/9/2022 14:00,SOUTH,1285.485
7/9/2022 19:00,7/9/2022 15:00,SOUTH,1003.343
7/9/2022 20:00,7/9/2022 16:00,SOUTH,818.282
7/9/2022 21:00,7/9/2022 17:00,SOUTH,543.024
7/9/2022 22:00,7/9/2022 18:00,SOUTH,273.349
7/9/2022 23:00,7/9/2022 19:00,SOUTH,55.084
7/10/2022 0:00,7/9/2022 20:00,SOUTH,-2.159
7/10/2022 1:00,7/9/2022 21:00,SOUTH,-4.305
7/10/2022 2:00,7/9/2022 22:00,SOUTH,-4.243
7/10/2022 3:00,7/9/2022 23:00,SOUTH,-4.36
7/10/2022 4:00,7/10/2022 0:00,SOUTH,-4.29
7/10/2022 5:00,7/10/2022 1:00,SOUTH,-4.175
7/10/2022 6:00,7/10/2022 2:00,SOUTH,-4.296
7/10/2022 7:00,7/10/2022 3:00,SOUTH,-4.271
7/10/2022 8:00,7/10/2022 4:00,SOUTH,-4.313
7/10/2022 9:00,7/10/2022 5:00,SOUTH,-4.103
7/10/2022 10:00,7/10/2022 6:00,SOUTH,2.871
7/10/2022 11:00,7/10/2022 7:00,SOUTH,60
7/10/2022 12:00,7/10/2022 8:00,SOUTH,154.666
7/10/2022 13:00,7/10/2022 9:00,SOUTH,263.678
7/10/2022 14:00,7/10/2022 10:00,SOUTH,390.301
7/10/2022 15:00,7/10/2022 11:00,SOUTH,581.028
7/10/2022 16:00,7/10/2022 12:00,SOUTH,659.173
7/10/2022 17:00,7/10/2022 13:00,SOUTH,705.846
7/10/2022 18:00,7/10/2022 14:00,SOUTH,696.428
7/10/2022 19:00,7/10/2022 15:00,SOUTH,641.807
7/10/2022 20:00,7/10/2022 16:00,SOUTH,533.368
7/10/2022 21:00,7/10/2022 17:00,SOUTH,550.051
7/10/2022 22:00,7/10/2022 18:00,SOUTH,416.826
7/10/2022 23:00,7/10/2022 19:00,SOUTH,202.782
7/11/2022 0:00,7/10/2022 20:00,SOUTH,16.226
7/11/2022 1:00,7/10/2022 21:00,SOUTH,-4.214
7/11/2022 2:00,7/10/2022 22:00,SOUTH,-4.183
7/11/2022 3:00,7/10/2022 23:00,SOUTH,-4.229
7/11/2022 4:00,7/11/2022 0:00,SOUTH,-4.287
7/11/2022 5:00,7/11/2022 1:00,SOUTH,-4.219
7/11/2022 6:00,7/11/2022 2:00,SOUTH,-4.223
7/11/2022 7:00,7/11/2022 3:00,SOUTH,-4.241
7/11/2022 8:00,7/11/2022 4:00,SOUTH,-4.274
7/11/2022 9:00,7/11/2022 5:00,SOUTH,-3.026
7/11/2022 10:00,7/11/2022 6:00,SOUTH,110.128
7/11/2022 11:00,7/11/2022 7:00,SOUTH,802.91
7/11/2022 12:00,7/11/2022 8:00,SOUTH,1442.337
7/11/2022 13:00,7/11/2022 9:00,SOUTH,1834.718
7/11/2022 14:00,7/11/2022 10:00,SOUTH,2070.379
7/11/2022 15:00,7/11/2022 11:00,SOUTH,2185.637
7/11/2022 16:00,7/11/2022 12:00,SOUTH,2214.734
7/11/2022 17:00,7/11/2022 13:00,SOUTH,2159.359
7/11/2022 18:00,7/11/2022 14:00,SOUTH,2024.623
7/11/2022 19:00,7/11/2022 15:00,SOUTH,1781.193
7/11/2022 20:00,7/11/2022 16:00,SOUTH,1457.337
7/11/2022 21:00,7/11/2022 17:00,SOUTH,1277.588
7/11/2022 22:00,7/11/2022 18:00,SOUTH,1034.441
7/11/2022 23:00,7/11/2022 19:00,SOUTH,400.529
7/12/2022 0:00,7/11/2022 20:00,SOUTH,14.261
7/12/2022 1:00,7/11/2022 21:00,SOUTH,-3.927
7/12/2022 2:00,7/11/2022 22:00,SOUTH,-4.2
7/12/2022 3:00,7/11/2022 23:00,SOUTH,-4.4
7/12/2022 4:00,7/12/2022 0:00,SOUTH,-4.145
7/12/2022 5:00,7/12/2022 1:00,SOUTH,-4.321
7/12/2022 6:00,7/12/2022 2:00,SOUTH,-4.251
7/12/2022 7:00,7/12/2022 3:00,SOUTH,-4.189
7/12/2022 8:00,7/12/2022 4:00,SOUTH,-4.293
7/12/2022 9:00,7/12/2022 5:00,SOUTH,-2.772
7/12/2022 10:00,7/12/2022 6:00,SOUTH,163.254
7/12/2022 11:00,7/12/2022 7:00,SOUTH,1185.187
7/12/2022 12:00,7/12/2022 8:00,SOUTH,2167.211
7/12/2022 13:00,7/12/2022 9:00,SOUTH,2592.536
7/12/2022 14:00,7/12/2022 10:00,SOUTH,2710.151
7/12/2022 15:00,7/12/2022 11:00,SOUTH,2665.278
7/12/2022 16:00,7/12/2022 12:00,SOUTH,2607.184
7/12/2022 17:00,7/12/2022 13:00,SOUTH,2586.53
7/12/2022 18:00,7/12/2022 14:00,SOUTH,2545.624
7/12/2022 19:00,7/12/2022 15:00,SOUTH,2535.869
7/12/2022 20:00,7/12/2022 16:00,SOUTH,2435.218
7/12/2022 21:00,7/12/2022 17:00,SOUTH,2205.244
7/12/2022 22:00,7/12/2022 18:00,SOUTH,1454.874
7/12/2022 23:00,7/12/2022 19:00,SOUTH,450.638
7/13/2022 0:00,7/12/2022 20:00,SOUTH,5.375
7/13/2022 1:00,7/12/2022 21:00,SOUTH,-4.157
7/13/2022 2:00,7/12/2022 22:00,SOUTH,-4.245
7/13/2022 3:00,7/12/2022 23:00,SOUTH,-4.152
7/13/2022 4:00,7/13/2022 0:00,SOUTH,-3.787
7/13/2022 5:00,7/13/2022 1:00,SOUTH,-4.193
7/13/2022 6:00,7/13/2022 2:00,SOUTH,-4.039
7/13/2022 7:00,7/13/2022 3:00,SOUTH,-4.015
7/13/2022 8:00,7/13/2022 4:00,SOUTH,-4.059
7/13/2022 9:00,7/13/2022 5:00,SOUTH,-3.47
7/13/2022 10:00,7/13/2022 6:00,SOUTH,143.018
7/13/2022 11:00,7/13/2022 7:00,SOUTH,976.841
7/13/2022 12:00,7/13/2022 8:00,SOUTH,1722.6
7/13/2022 13:00,7/13/2022 9:00,SOUTH,1887.738
7/13/2022 14:00,7/13/2022 10:00,SOUTH,1975.983
7/13/2022 15:00,7/13/2022 11:00,SOUTH,1745.781
7/13/2022 16:00,7/13/2022 12:00,SOUTH,1615.187
7/13/2022 17:00,7/13/2022 13:00,SOUTH,1598.657
7/13/2022 18:00,7/13/2022 14:00,SOUTH,1690.945
7/13/2022 19:00,7/13/2022 15:00,SOUTH,1589.979
7/13/2022 20:00,7/13/2022 16:00,SOUTH,812.419
7/13/2022 21:00,7/13/2022 17:00,SOUTH,568.052
7/13/2022 22:00,7/13/2022 18:00,SOUTH,409.91
7/13/2022 23:00,7/13/2022 19:00,SOUTH,148.794
7/14/2022 0:00,7/13/2022 20:00,SOUTH,5.619
7/14/2022 1:00,7/13/2022 21:00,SOUTH,-4.094
7/14/2022 2:00,7/13/2022 22:00,SOUTH,-4.051
7/14/2022 3:00,7/13/2022 23:00,SOUTH,-4.102
7/14/2022 4:00,7/14/2022 0:00,SOUTH,-4.321
7/14/2022 5:00,7/14/2022 1:00,SOUTH,-4.396
7/14/2022 6:00,7/14/2022 2:00,SOUTH,-4.272
7/14/2022 7:00,7/14/2022 3:00,SOUTH,-4.27
7/14/2022 8:00,7/14/2022 4:00,SOUTH,-4.21
7/14/2022 9:00,7/14/2022 5:00,SOUTH,-3.964
7/14/2022 10:00,7/14/2022 6:00,SOUTH,106.771
7/14/2022 11:00,7/14/2022 7:00,SOUTH,709.444
7/14/2022 12:00,7/14/2022 8:00,SOUTH,1449.046
7/14/2022 13:00,7/14/2022 9:00,SOUTH,1792.966
7/14/2022 14:00,7/14/2022 10:00,SOUTH,1970.807
7/14/2022 15:00,7/14/2022 11:00,SOUTH,2085.902
7/14/2022 16:00,7/14/2022 12:00,SOUTH,2035.638
7/14/2022 17:00,7/14/2022 13:00,SOUTH,2017.208
7/14/2022 18:00,7/14/2022 14:00,SOUTH,2161.105
7/14/2022 19:00,7/14/2022 15:00,SOUTH,1992.093
7/14/2022 20:00,7/14/2022 16:00,SOUTH,1645.151
7/14/2022 21:00,7/14/2022 17:00,SOUTH,1198.067
7/14/2022 22:00,7/14/2022 18:00,SOUTH,874.574
7/14/2022 23:00,7/14/2022 19:00,SOUTH,281.772
7/15/2022 0:00,7/14/2022 20:00,SOUTH,12.559
7/15/2022 1:00,7/14/2022 21:00,SOUTH,-4.283
7/15/2022 2:00,7/14/2022 22:00,SOUTH,-4.371
7/15/2022 3:00,7/14/2022 23:00,SOUTH,-4.405
7/15/2022 4:00,7/15/2022 0:00,SOUTH,-4.476
7/15/2022 5:00,7/15/2022 1:00,SOUTH,-4.227
7/15/2022 6:00,7/15/2022 2:00,SOUTH,-4.282
7/15/2022 7:00,7/15/2022 3:00,SOUTH,-4.395
7/15/2022 8:00,7/15/2022 4:00,SOUTH,-4.258
7/15/2022 9:00,7/15/2022 5:00,SOUTH,-4.101
7/15/2022 10:00,7/15/2022 6:00,SOUTH,34.568
7/15/2022 11:00,7/15/2022 7:00,SOUTH,329.825
7/15/2022 12:00,7/15/2022 8:00,SOUTH,905.573
7/15/2022 13:00,7/15/2022 9:00,SOUTH,1433.374
7/15/2022 14:00,7/15/2022 10:00,SOUTH,1805.993
7/15/2022 15:00,7/15/2022 11:00,SOUTH,1933.892
7/15/2022 16:00,7/15/2022 12:00,SOUTH,2008.477
7/15/2022 17:00,7/15/2022 13:00,SOUTH,2094.182
7/15/2022 18:00,7/15/2022 14:00,SOUTH,1980.873
7/15/2022 19:00,7/15/2022 15:00,SOUTH,1907.737
7/15/2022 20:00,7/15/2022 16:00,SOUTH,1639.037
7/15/2022 21:00,7/15/2022 17:00,SOUTH,1401.541
7/15/2022 22:00,7/15/2022 18:00,SOUTH,899.813
7/15/2022 23:00,7/15/2022 19:00,SOUTH,373.947
7/16/2022 0:00,7/15/2022 20:00,SOUTH,10.329
7/16/2022 1:00,7/15/2022 21:00,SOUTH,-4.296
7/16/2022 2:00,7/15/2022 22:00,SOUTH,-4.511
7/16/2022 3:00,7/15/2022 23:00,SOUTH,-4.32
7/16/2022 4:00,7/16/2022 0:00,SOUTH,-4.274
7/16/2022 5:00,7/16/2022 1:00,SOUTH,-4.379
7/16/2022 6:00,7/16/2022 2:00,SOUTH,-4.294
7/16/2022 7:00,7/16/2022 3:00,SOUTH,-4.349
7/16/2022 8:00,7/16/2022 4:00,SOUTH,-4.33
7/16/2022 9:00,7/16/2022 5:00,SOUTH,-3.476
7/16/2022 10:00,7/16/2022 6:00,SOUTH,104.169
7/16/2022 11:00,7/16/2022 7:00,SOUTH,823.064
7/16/2022 12:00,7/16/2022 8:00,SOUTH,1787.276
7/16/2022 13:00,7/16/2022 9:00,SOUTH,2158.167
7/16/2022 14:00,7/16/2022 10:00,SOUTH,2221.413
7/16/2022 15:00,7/16/2022 11:00,SOUTH,2436.418
7/16/2022 16:00,7/16/2022 12:00,SOUTH,2375.038
7/16/2022 17:00,7/16/2022 13:00,SOUTH,2268.637
7/16/2022 18:00,7/16/2022 14:00,SOUTH,2092.605
7/16/2022 19:00,7/16/2022 15:00,SOUTH,1766.787
7/16/2022 20:00,7/16/2022 16:00,SOUTH,1316.035
7/16/2022 21:00,7/16/2022 17:00,SOUTH,781.649
7/16/2022 22:00,7/16/2022 18:00,SOUTH,374.961
7/16/2022 23:00,7/16/2022 19:00,SOUTH,99.251
7/17/2022 0:00,7/16/2022 20:00,SOUTH,6.845
7/17/2022 1:00,7/16/2022 21:00,SOUTH,-4.119
7/17/2022 2:00,7/16/2022 22:00,SOUTH,-4.164
7/17/2022 3:00,7/16/2022 23:00,SOUTH,-4.049
7/17/2022 4:00,7/17/2022 0:00,SOUTH,-4.107
7/17/2022 5:00,7/17/2022 1:00,SOUTH,-3.941
7/17/2022 6:00,7/17/2022 2:00,SOUTH,-4.078
7/17/2022 7:00,7/17/2022 3:00,SOUTH,-4.086
7/17/2022 8:00,7/17/2022 4:00,SOUTH,-4.121
7/17/2022 9:00,7/17/2022 5:00,SOUTH,-3.401
7/17/2022 10:00,7/17/2022 6:00,SOUTH,123.373
7/17/2022 11:00,7/17/2022 7:00,SOUTH,1036.38
7/17/2022 12:00,7/17/2022 8:00,SOUTH,2000.146
7/17/2022 13:00,7/17/2022 9:00,SOUTH,2419.367
7/17/2022 14:00,7/17/2022 10:00,SOUTH,2627.794
7/17/2022 15:00,7/17/2022 11:00,SOUTH,2651.744
7/17/2022 16:00,7/17/2022 12:00,SOUTH,2605.027
7/17/2022 17:00,7/17/2022 13:00,SOUTH,2370.093
7/17/2022 18:00,7/17/2022 14:00,SOUTH,2120.586
7/17/2022 19:00,7/17/2022 15:00,SOUTH,1742.531
7/17/2022 20:00,7/17/2022 16:00,SOUTH,1188.197
7/17/2022 21:00,7/17/2022 17:00,SOUTH,934.872
7/17/2022 22:00,7/17/2022 18:00,SOUTH,554.322
7/17/2022 23:00,7/17/2022 19:00,SOUTH,184.543
7/18/2022 0:00,7/17/2022 20:00,SOUTH,1.571
7/18/2022 1:00,7/17/2022 21:00,SOUTH,-4.539
7/18/2022 2:00,7/17/2022 22:00,SOUTH,-4.34
7/18/2022 3:00,7/17/2022 23:00,SOUTH,-4.209
7/18/2022 4:00,7/18/2022 0:00,SOUTH,-4.412
7/18/2022 5:00,7/18/2022 1:00,SOUTH,-4.351
7/18/2022 6:00,7/18/2022 2:00,SOUTH,-4.198
7/18/2022 7:00,7/18/2022 3:00,SOUTH,-4.405
7/18/2022 8:00,7/18/2022 4:00,SOUTH,-4.323
7/18/2022 9:00,7/18/2022 5:00,SOUTH,-4.01
7/18/2022 10:00,7/18/2022 6:00,SOUTH,117.331
7/18/2022 11:00,7/18/2022 7:00,SOUTH,1016.617
7/18/2022 12:00,7/18/2022 8:00,SOUTH,2062.529
7/18/2022 13:00,7/18/2022 9:00,SOUTH,2357.453
7/18/2022 14:00,7/18/2022 10:00,SOUTH,2438.999
7/18/2022 15:00,7/18/2022 11:00,SOUTH,2490.346
7/18/2022 16:00,7/18/2022 12:00,SOUTH,2559.848
7/18/2022 17:00,7/18/2022 13:00,SOUTH,2552.937
7/18/2022 18:00,7/18/2022 14:00,SOUTH,2570.834
7/18/2022 19:00,7/18/2022 15:00,SOUTH,2428.654
7/18/2022 20:00,7/18/2022 16:00,SOUTH,2284.616
7/18/2022 21:00,7/18/2022 17:00,SOUTH,1990.892
7/18/2022 22:00,7/18/2022 18:00,SOUTH,1486.326
7/18/2022 23:00,7/18/2022 19:00,SOUTH,503.819
7/19/2022 0:00,7/18/2022 20:00,SOUTH,14.24
7/19/2022 1:00,7/18/2022 21:00,SOUTH,-4.39
7/19/2022 2:00,7/18/2022 22:00,SOUTH,-4.314
7/19/2022 3:00,7/18/2022 23:00,SOUTH,-4.205
7/19/2022 4:00,7/19/2022 0:00,SOUTH,-4.458
7/19/2022 5:00,7/19/2022 1:00,SOUTH,-4.184
7/19/2022 6:00,7/19/2022 2:00,SOUTH,-4.236
7/19/2022 7:00,7/19/2022 3:00,SOUTH,-4.416
7/19/2022 8:00,7/19/2022 4:00,SOUTH,-4.349
7/19/2022 9:00,7/19/2022 5:00,SOUTH,-3.873
7/19/2022 10:00,7/19/2022 6:00,SOUTH,109.94
7/19/2022 11:00,7/19/2022 7:00,SOUTH,904.534
7/19/2022 12:00,7/19/2022 8:00,SOUTH,1647.94
7/19/2022 13:00,7/19/2022 9:00,SOUTH,1839.512
7/19/2022 14:00,7/19/2022 10:00,SOUTH,1838.698
7/19/2022 15:00,7/19/2022 11:00,SOUTH,2046.539
7/19/2022 16:00,7/19/2022 12:00,SOUTH,2089.274
7/19/2022 17:00,7/19/2022 13:00,SOUTH,2050.233
7/19/2022 18:00,7/19/2022 14:00,SOUTH,2170.039
7/19/2022 19:00,7/19/2022 15:00,SOUTH,2207.039
7/19/2022 20:00,7/19/2022 16:00,SOUTH,2140.682
7/19/2022 21:00,7/19/2022 17:00,SOUTH,1774.483
7/19/2022 22:00,7/19/2022 18:00,SOUTH,1305.475
7/19/2022 23:00,7/19/2022 19:00,SOUTH,410.646
7/20/2022 0:00,7/19/2022 20:00,SOUTH,7.325
7/20/2022 1:00,7/19/2022 21:00,SOUTH,-4.419
7/20/2022 2:00,7/19/2022 22:00,SOUTH,-4.442
7/20/2022 3:00,7/19/2022 23:00,SOUTH,-4.337
7/20/2022 4:00,7/20/2022 0:00,SOUTH,-4.317
7/20/2022 5:00,7/20/2022 1:00,SOUTH,-4.275
7/20/2022 6:00,7/20/2022 2:00,SOUTH,-4.185
7/20/2022 7:00,7/20/2022 3:00,SOUTH,-4.291
7/20/2022 8:00,7/20/2022 4:00,SOUTH,-4.25
7/20/2022 9:00,7/20/2022 5:00,SOUTH,-3.65
7/20/2022 10:00,7/20/2022 6:00,SOUTH,124.688
7/20/2022 11:00,7/20/2022 7:00,SOUTH,1092.308
7/20/2022 12:00,7/20/2022 8:00,SOUTH,2213.943
7/20/2022 13:00,7/20/2022 9:00,SOUTH,2583.908
7/20/2022 14:00,7/20/2022 10:00,SOUTH,2683.856
7/20/2022 15:00,7/20/2022 11:00,SOUTH,2712.248
7/20/2022 16:00,7/20/2022 12:00,SOUTH,2623.487
7/20/2022 17:00,7/20/2022 13:00,SOUTH,2474.228
7/20/2022 18:00,7/20/2022 14:00,SOUTH,2408.478
7/20/2022 19:00,7/20/2022 15:00,SOUTH,2390.209
7/20/2022 20:00,7/20/2022 16:00,SOUTH,2327.755
7/20/2022 21:00,7/20/2022 17:00,SOUTH,2186.627
7/20/2022 22:00,7/20/2022 18:00,SOUTH,1518.554
7/20/2022 23:00,7/20/2022 19:00,SOUTH,457.699
7/21/2022 0:00,7/20/2022 20:00,SOUTH,9.484
7/21/2022 1:00,7/20/2022 21:00,SOUTH,-4.548
7/21/2022 2:00,7/20/2022 22:00,SOUTH,-4.164
7/21/2022 3:00,7/20/2022 23:00,SOUTH,-4.379
7/21/2022 4:00,7/21/2022 0:00,SOUTH,-4.278
7/21/2022 5:00,7/21/2022 1:00,SOUTH,-4.336
7/21/2022 6:00,7/21/2022 2:00,SOUTH,-4.435
7/21/2022 7:00,7/21/2022 3:00,SOUTH,-4.214
7/21/2022 8:00,7/21/2022 4:00,SOUTH,-4.246
7/21/2022 9:00,7/21/2022 5:00,SOUTH,-3.883
7/21/2022 10:00,7/21/2022 6:00,SOUTH,106.866
7/21/2022 11:00,7/21/2022 7:00,SOUTH,794.34
7/21/2022 12:00,7/21/2022 8:00,SOUTH,1412.554
7/21/2022 13:00,7/21/2022 9:00,SOUTH,1878.028
7/21/2022 14:00,7/21/2022 10:00,SOUTH,2186.219
7/21/2022 15:00,7/21/2022 11:00,SOUTH,2159.905
7/21/2022 16:00,7/21/2022 12:00,SOUTH,1990.989
7/21/2022 17:00,7/21/2022 13:00,SOUTH,1941.75
7/21/2022 18:00,7/21/2022 14:00,SOUTH,1916.096
7/21/2022 19:00,7/21/2022 15:00,SOUTH,1616.721
7/21/2022 20:00,7/21/2022 16:00,SOUTH,1083.765
7/21/2022 21:00,7/21/2022 17:00,SOUTH,728.437
7/21/2022 22:00,7/21/2022 18:00,SOUTH,376.202
7/21/2022 23:00,7/21/2022 19:00,SOUTH,202.057
7/22/2022 0:00,7/21/2022 20:00,SOUTH,14.111
7/22/2022 1:00,7/21/2022 21:00,SOUTH,-4.099
7/22/2022 2:00,7/21/2022 22:00,SOUTH,-4.382
7/22/2022 3:00,7/21/2022 23:00,SOUTH,-4.163
7/22/2022 4:00,7/22/2022 0:00,SOUTH,-4.172
7/22/2022 5:00,7/22/2022 1:00,SOUTH,-4.448
7/22/2022 6:00,7/22/2022 2:00,SOUTH,-4.216
7/22/2022 7:00,7/22/2022 3:00,SOUTH,-4.277
7/22/2022 8:00,7/22/2022 4:00,SOUTH,-4.487
7/22/2022 9:00,7/22/2022 5:00,SOUTH,-3.856
7/22/2022 10:00,7/22/2022 6:00,SOUTH,96.703
7/22/2022 11:00,7/22/2022 7:00,SOUTH,852.061
7/22/2022 12:00,7/22/2022 8:00,SOUTH,1919.014
7/22/2022 13:00,7/22/2022 9:00,SOUTH,2353.831
7/22/2022 14:00,7/22/2022 10:00,SOUTH,2505.307
7/22/2022 15:00,7/22/2022 11:00,SOUTH,2534.989
7/22/2022 16:00,7/22/2022 12:00,SOUTH,2482.743
7/22/2022 17:00,7/22/2022 13:00,SOUTH,2491.523
7/22/2022 18:00,7/22/2022 14:00,SOUTH,2482.923
7/22/2022 19:00,7/22/2022 15:00,SOUTH,2380.469
7/22/2022 20:00,7/22/2022 16:00,SOUTH,2327.303
7/22/2022 21:00,7/22/2022 17:00,SOUTH,2164.543
7/22/2022 22:00,7/22/2022 18:00,SOUTH,1559.722
7/22/2022 23:00,7/22/2022 19:00,SOUTH,468.458
7/23/2022 0:00,7/22/2022 20:00,SOUTH,9.857
7/23/2022 1:00,7/22/2022 21:00,SOUTH,-4.415
7/23/2022 2:00,7/22/2022 22:00,SOUTH,-4.309
7/23/2022 3:00,7/22/2022 23:00,SOUTH,-4.273
7/23/2022 4:00,7/23/2022 0:00,SOUTH,-4.298
7/23/2022 5:00,7/23/2022 1:00,SOUTH,-4.247
7/23/2022 6:00,7/23/2022 2:00,SOUTH,-4.332
7/23/2022 7:00,7/23/2022 3:00,SOUTH,-4.388
7/23/2022 8:00,7/23/2022 4:00,SOUTH,-4.159
7/23/2022 9:00,7/23/2022 5:00,SOUTH,-3.73
7/23/2022 10:00,7/23/2022 6:00,SOUTH,111.151
7/23/2022 11:00,7/23/2022 7:00,SOUTH,1001.722
7/23/2022 12:00,7/23/2022 8:00,SOUTH,2012.271
7/23/2022 13:00,7/23/2022 9:00,SOUTH,2577.271
7/23/2022 14:00,7/23/2022 10:00,SOUTH,2673.649
7/23/2022 15:00,7/23/2022 11:00,SOUTH,2645.006
7/23/2022 16:00,7/23/2022 12:00,SOUTH,2602.202
7/23/2022 17:00,7/23/2022 13:00,SOUTH,2591.173
7/23/2022 18:00,7/23/2022 14:00,SOUTH,2518.278
7/23/2022 19:00,7/23/2022 15:00,SOUTH,2378.983
7/23/2022 20:00,7/23/2022 16:00,SOUTH,2242.121
7/23/2022 21:00,7/23/2022 17:00,SOUTH,1901.374
7/23/2022 22:00,7/23/2022 18:00,SOUTH,1319.68
7/23/2022 23:00,7/23/2022 19:00,SOUTH,358.482
7/24/2022 0:00,7/23/2022 20:00,SOUTH,1.531
7/24/2022 1:00,7/23/2022 21:00,SOUTH,-4.443
7/24/2022 2:00,7/23/2022 22:00,SOUTH,-4.19
7/24/2022 3:00,7/23/2022 23:00,SOUTH,-4.324
7/24/2022 4:00,7/24/2022 0:00,SOUTH,-4.546
7/24/2022 5:00,7/24/2022 1:00,SOUTH,-4.299
7/24/2022 6:00,7/24/2022 2:00,SOUTH,-4.349
7/24/2022 7:00,7/24/2022 3:00,SOUTH,-4.362
7/24/2022 8:00,7/24/2022 4:00,SOUTH,-4.357
7/24/2022 9:00,7/24/2022 5:00,SOUTH,8.246
7/24/2022 10:00,7/24/2022 6:00,SOUTH,106.583
7/24/2022 11:00,7/24/2022 7:00,SOUTH,658.732
7/24/2022 12:00,7/24/2022 8:00,SOUTH,1304.188
7/24/2022 13:00,7/24/2022 9:00,SOUTH,1935.378
7/24/2022 14:00,7/24/2022 10:00,SOUTH,2505.497
7/24/2022 15:00,7/24/2022 11:00,SOUTH,2570.948
7/24/2022 16:00,7/24/2022 12:00,SOUTH,2630.07
7/24/2022 17:00,7/24/2022 13:00,SOUTH,2599.973
7/24/2022 18:00,7/24/2022 14:00,SOUTH,2619.839
7/24/2022 19:00,7/24/2022 15:00,SOUTH,2543.618
7/24/2022 20:00,7/24/2022 16:00,SOUTH,2373.675
7/24/2022 21:00,7/24/2022 17:00,SOUTH,2189.473
7/24/2022 22:00,7/24/2022 18:00,SOUTH,1450.589
7/24/2022 23:00,7/24/2022 19:00,SOUTH,351.256
7/25/2022 0:00,7/24/2022 20:00,SOUTH,2.385
7/25/2022 1:00,7/24/2022 21:00,SOUTH,-4.308
7/25/2022 2:00,7/24/2022 22:00,SOUTH,-4.33
7/25/2022 3:00,7/24/2022 23:00,SOUTH,-4.452
7/25/2022 4:00,7/25/2022 0:00,SOUTH,-4.265
7/25/2022 5:00,7/25/2022 1:00,SOUTH,-4.375
7/25/2022 6:00,7/25/2022 2:00,SOUTH,-4.386
7/25/2022 7:00,7/25/2022 3:00,SOUTH,-4.364
7/25/2022 8:00,7/25/2022 4:00,SOUTH,-4.222
7/25/2022 9:00,7/25/2022 5:00,SOUTH,-3.327
7/25/2022 10:00,7/25/2022 6:00,SOUTH,77.523
7/25/2022 11:00,7/25/2022 7:00,SOUTH,782.567
7/25/2022 12:00,7/25/2022 8:00,SOUTH,1692.766
7/25/2022 13:00,7/25/2022 9:00,SOUTH,2256.019
7/25/2022 14:00,7/25/2022 10:00,SOUTH,2482.217
7/25/2022 15:00,7/25/2022 11:00,SOUTH,2521.474
7/25/2022 16:00,7/25/2022 12:00,SOUTH,2570.827
7/25/2022 17:00,7/25/2022 13:00,SOUTH,2410.223
7/25/2022 18:00,7/25/2022 14:00,SOUTH,2164.966
7/25/2022 19:00,7/25/2022 15:00,SOUTH,1784.57
7/25/2022 20:00,7/25/2022 16:00,SOUTH,1027.628
7/25/2022 21:00,7/25/2022 17:00,SOUTH,307.028
7/25/2022 22:00,7/25/2022 18:00,SOUTH,142.377
7/25/2022 23:00,7/25/2022 19:00,SOUTH,55.95
7/26/2022 0:00,7/25/2022 20:00,SOUTH,-3.021
7/26/2022 1:00,7/25/2022 21:00,SOUTH,-4.271
7/26/2022 2:00,7/25/2022 22:00,SOUTH,-4.332
7/26/2022 3:00,7/25/2022 23:00,SOUTH,-4.15
7/26/2022 4:00,7/26/2022 0:00,SOUTH,-3.825
7/26/2022 5:00,7/26/2022 1:00,SOUTH,-3.862
7/26/2022 6:00,7/26/2022 2:00,SOUTH,-3.737
7/26/2022 7:00,7/26/2022 3:00,SOUTH,-3.863
7/26/2022 8:00,7/26/2022 4:00,SOUTH,-3.747
7/26/2022 9:00,7/26/2022 5:00,SOUTH,-3.74
7/26/2022 10:00,7/26/2022 6:00,SOUTH,52.906
7/26/2022 11:00,7/26/2022 7:00,SOUTH,576.033
7/26/2022 12:00,7/26/2022 8:00,SOUTH,1277.415
7/26/2022 13:00,7/26/2022 9:00,SOUTH,1371.724
7/26/2022 14:00,7/26/2022 10:00,SOUTH,1579.419
7/26/2022 15:00,7/26/2022 11:00,SOUTH,1750.625
7/26/2022 16:00,7/26/2022 12:00,SOUTH,1730.51
7/26/2022 17:00,7/26/2022 13:00,SOUTH,1631.559
7/26/2022 18:00,7/26/2022 14:00,SOUTH,1297.834
7/26/2022 19:00,7/26/2022 15:00,SOUTH,889.412
7/26/2022 20:00,7/26/2022 16:00,SOUTH,658.248
7/26/2022 21:00,7/26/2022 17:00,SOUTH,378.761
7/26/2022 22:00,7/26/2022 18:00,SOUTH,117.89
7/26/2022 23:00,7/26/2022 19:00,SOUTH,38.409
7/27/2022 0:00,7/26/2022 20:00,SOUTH,-1.852
7/27/2022 1:00,7/26/2022 21:00,SOUTH,-3.637
7/27/2022 2:00,7/26/2022 22:00,SOUTH,-3.876
7/27/2022 3:00,7/26/2022 23:00,SOUTH,-3.707
7/27/2022 4:00,7/27/2022 0:00,SOUTH,-4.266
7/27/2022 5:00,7/27/2022 1:00,SOUTH,-4.182
7/27/2022 6:00,7/27/2022 2:00,SOUTH,-4.113
7/27/2022 7:00,7/27/2022 3:00,SOUTH,-4.228
7/27/2022 8:00,7/27/2022 4:00,SOUTH,-4.248
7/27/2022 9:00,7/27/2022 5:00,SOUTH,-4.119
7/27/2022 10:00,7/27/2022 6:00,SOUTH,50.623
7/27/2022 11:00,7/27/2022 7:00,SOUTH,386.009
7/27/2022 12:00,7/27/2022 8:00,SOUTH,1056.69
7/27/2022 13:00,7/27/2022 9:00,SOUTH,1641.576
7/27/2022 14:00,7/27/2022 10:00,SOUTH,1951.638
7/27/2022 15:00,7/27/2022 11:00,SOUTH,2125.706
7/27/2022 16:00,7/27/2022 12:00,SOUTH,2074.756
7/27/2022 17:00,7/27/2022 13:00,SOUTH,1971.127
7/27/2022 18:00,7/27/2022 14:00,SOUTH,1710.307
7/27/2022 19:00,7/27/2022 15:00,SOUTH,1203.5
7/27/2022 20:00,7/27/2022 16:00,SOUTH,1014.266
7/27/2022 21:00,7/27/2022 17:00,SOUTH,883.012
7/27/2022 22:00,7/27/2022 18:00,SOUTH,375.821
7/27/2022 23:00,7/27/2022 19:00,SOUTH,113.757
7/28/2022 0:00,7/27/2022 20:00,SOUTH,1.509
7/28/2022 1:00,7/27/2022 21:00,SOUTH,-4.226
7/28/2022 2:00,7/27/2022 22:00,SOUTH,-3.99
7/28/2022 3:00,7/27/2022 23:00,SOUTH,-4.086
7/28/2022 4:00,7/28/2022 0:00,SOUTH,-4.232
7/28/2022 5:00,7/28/2022 1:00,SOUTH,-4.025
7/28/2022 6:00,7/28/2022 2:00,SOUTH,-4.191
7/28/2022 7:00,7/28/2022 3:00,SOUTH,-4.176
7/28/2022 8:00,7/28/2022 4:00,SOUTH,-4.149
7/28/2022 9:00,7/28/2022 5:00,SOUTH,-3.793
7/28/2022 10:00,7/28/2022 6:00,SOUTH,91.432
7/28/2022 11:00,7/28/2022 7:00,SOUTH,861.588
7/28/2022 12:00,7/28/2022 8:00,SOUTH,1808.481
7/28/2022 13:00,7/28/2022 9:00,SOUTH,2203.548
7/28/2022 14:00,7/28/2022 10:00,SOUTH,2516.124
7/28/2022 15:00,7/28/2022 11:00,SOUTH,2420.778
7/28/2022 16:00,7/28/2022 12:00,SOUTH,2340.939
7/28/2022 17:00,7/28/2022 13:00,SOUTH,2356.463
7/28/2022 18:00,7/28/2022 14:00,SOUTH,2207.506
7/28/2022 19:00,7/28/2022 15:00,SOUTH,2273.083
7/28/2022 20:00,7/28/2022 16:00,SOUTH,2245.622
7/28/2022 21:00,7/28/2022 17:00,SOUTH,2068.308
7/28/2022 22:00,7/28/2022 18:00,SOUTH,1260.425
7/28/2022 23:00,7/28/2022 19:00,SOUTH,283.918
7/29/2022 0:00,7/28/2022 20:00,SOUTH,1.059
7/29/2022 1:00,7/28/2022 21:00,SOUTH,-4.472
7/29/2022 2:00,7/28/2022 22:00,SOUTH,-4.223
7/29/2022 3:00,7/28/2022 23:00,SOUTH,-4.1
7/29/2022 4:00,7/29/2022 0:00,SOUTH,-4.151
7/29/2022 5:00,7/29/2022 1:00,SOUTH,-3.955
7/29/2022 6:00,7/29/2022 2:00,SOUTH,-4.216
7/29/2022 7:00,7/29/2022 3:00,SOUTH,-4.282
7/29/2022 8:00,7/29/2022 4:00,SOUTH,-4.051
7/29/2022 9:00,7/29/2022 5:00,SOUTH,-3.853
7/29/2022 10:00,7/29/2022 6:00,SOUTH,68.828
7/29/2022 11:00,7/29/2022 7:00,SOUTH,730.193
7/29/2022 12:00,7/29/2022 8:00,SOUTH,1535.031
7/29/2022 13:00,7/29/2022 9:00,SOUTH,1871.828
7/29/2022 14:00,7/29/2022 10:00,SOUTH,2254.68
7/29/2022 15:00,7/29/2022 11:00,SOUTH,2335.13
7/29/2022 16:00,7/29/2022 12:00,SOUTH,2082.454
7/29/2022 17:00,7/29/2022 13:00,SOUTH,2008.746
7/29/2022 18:00,7/29/2022 14:00,SOUTH,1843.302
7/29/2022 19:00,7/29/2022 15:00,SOUTH,1483.469
7/29/2022 20:00,7/29/2022 16:00,SOUTH,1382.558
7/29/2022 21:00,7/29/2022 17:00,SOUTH,1150.662
7/29/2022 22:00,7/29/2022 18:00,SOUTH,751.826
7/29/2022 23:00,7/29/2022 19:00,SOUTH,187.743
7/30/2022 0:00,7/29/2022 20:00,SOUTH,-1.202
7/30/2022 1:00,7/29/2022 21:00,SOUTH,-4.094
7/30/2022 2:00,7/29/2022 22:00,SOUTH,-3.986
7/30/2022 3:00,7/29/2022 23:00,SOUTH,-4.091
7/30/2022 4:00,7/30/2022 0:00,SOUTH,-3.902
7/30/2022 5:00,7/30/2022 1:00,SOUTH,-4.001
7/30/2022 6:00,7/30/2022 2:00,SOUTH,-3.946
7/30/2022 7:00,7/30/2022 3:00,SOUTH,-3.764
7/30/2022 8:00,7/30/2022 4:00,SOUTH,-3.956
7/30/2022 9:00,7/30/2022 5:00,SOUTH,-3.584
7/30/2022 10:00,7/30/2022 6:00,SOUTH,45.818
7/30/2022 11:00,7/30/2022 7:00,SOUTH,672.139
7/30/2022 12:00,7/30/2022 8:00,SOUTH,1806.558
7/30/2022 13:00,7/30/2022 9:00,SOUTH,2241.387
7/30/2022 14:00,7/30/2022 10:00,SOUTH,2345.629
7/30/2022 15:00,7/30/2022 11:00,SOUTH,2369.022
7/30/2022 16:00,7/30/2022 12:00,SOUTH,2440.9
7/30/2022 17:00,7/30/2022 13:00,SOUTH,2453.439
7/30/2022 18:00,7/30/2022 14:00,SOUTH,2425.703
7/30/2022 19:00,7/30/2022 15:00,SOUTH,2229.962
7/30/2022 20:00,7/30/2022 16:00,SOUTH,2244.969
7/30/2022 21:00,7/30/2022 17:00,SOUTH,2117.259
7/30/2022 22:00,7/30/2022 18:00,SOUTH,1453.096
7/30/2022 23:00,7/30/2022 19:00,SOUTH,374.174
7/31/2022 0:00,7/30/2022 20:00,SOUTH,-0.331
7/31/2022 1:00,7/30/2022 21:00,SOUTH,-4.288
7/31/2022 2:00,7/30/2022 22:00,SOUTH,-4.328
7/31/2022 3:00,7/30/2022 23:00,SOUTH,-4.133
7/31/2022 4:00,7/31/2022 0:00,SOUTH,-4.014
7/31/2022 5:00,7/31/2022 1:00,SOUTH,-4.17
7/31/2022 6:00,7/31/2022 2:00,SOUTH,-4.153
7/31/2022 7:00,7/31/2022 3:00,SOUTH,-4.154
7/31/2022 8:00,7/31/2022 4:00,SOUTH,-4.343
7/31/2022 9:00,7/31/2022 5:00,SOUTH,-4.051
7/31/2022 10:00,7/31/2022 6:00,SOUTH,52.543
7/31/2022 11:00,7/31/2022 7:00,SOUTH,289.257
7/31/2022 12:00,7/31/2022 8:00,SOUTH,389.887
7/31/2022 13:00,7/31/2022 9:00,SOUTH,600.513
7/31/2022 14:00,7/31/2022 10:00,SOUTH,787.107
7/31/2022 15:00,7/31/2022 11:00,SOUTH,1013.633
7/31/2022 16:00,7/31/2022 12:00,SOUTH,1151.327
7/31/2022 17:00,7/31/2022 13:00,SOUTH,1176.103
7/31/2022 18:00,7/31/2022 14:00,SOUTH,867.121
7/31/2022 19:00,7/31/2022 15:00,SOUTH,472.232
7/31/2022 20:00,7/31/2022 16:00,SOUTH,239.133
7/31/2022 21:00,7/31/2022 17:00,SOUTH,261.323
7/31/2022 22:00,7/31/2022 18:00,SOUTH,250.818
7/31/2022 23:00,7/31/2022 19:00,SOUTH,112.6
8/1/2022 0:00,7/31/2022 20:00,SOUTH,-3.3
8/1/2022 1:00,7/31/2022 21:00,SOUTH,-4.277
8/1/2022 2:00,7/31/2022 22:00,SOUTH,-4.061
8/1/2022 3:00,7/31/2022 23:00,SOUTH,-4.057
8/1/2022 4:00,8/1/2022 0:00,SOUTH,-4.178
8/1/2022 5:00,8/1/2022 1:00,SOUTH,-4.12
8/1/2022 6:00,8/1/2022 2:00,SOUTH,-4.155
8/1/2022 7:00,8/1/2022 3:00,SOUTH,-4.05
8/1/2022 8:00,8/1/2022 4:00,SOUTH,-4.222
8/1/2022 9:00,8/1/2022 5:00,SOUTH,-3.97
8/1/2022 10:00,8/1/2022 6:00,SOUTH,28.581
8/1/2022 11:00,8/1/2022 7:00,SOUTH,413.575
8/1/2022 12:00,8/1/2022 8:00,SOUTH,856.231
8/1/2022 13:00,8/1/2022 9:00,SOUTH,1171.364
8/1/2022 14:00,8/1/2022 10:00,SOUTH,1734.926
8/1/2022 15:00,8/1/2022 11:00,SOUTH,2110.022
8/1/2022 16:00,8/1/2022 12:00,SOUTH,2075.938
8/1/2022 17:00,8/1/2022 13:00,SOUTH,2104.354
8/1/2022 18:00,8/1/2022 14:00,SOUTH,1881.844
8/1/2022 19:00,8/1/2022 15:00,SOUTH,1551.28
8/1/2022 20:00,8/1/2022 16:00,SOUTH,1363.396
8/1/2022 21:00,8/1/2022 17:00,SOUTH,1238.243
8/1/2022 22:00,8/1/2022 18:00,SOUTH,968.237
8/1/2022 23:00,8/1/2022 19:00,SOUTH,344.206
8/2/2022 0:00,8/1/2022 20:00,SOUTH,-0.767
8/2/2022 1:00,8/1/2022 21:00,SOUTH,-4.073
8/2/2022 2:00,8/1/2022 22:00,SOUTH,-3.927
8/2/2022 3:00,8/1/2022 23:00,SOUTH,-3.757
8/2/2022 4:00,8/2/2022 0:00,SOUTH,-3.881
8/2/2022 5:00,8/2/2022 1:00,SOUTH,-3.86
8/2/2022 6:00,8/2/2022 2:00,SOUTH,-3.877
8/2/2022 7:00,8/2/2022 3:00,SOUTH,-3.847
8/2/2022 8:00,8/2/2022 4:00,SOUTH,-3.977
8/2/2022 9:00,8/2/2022 5:00,SOUTH,-3.639
8/2/2022 10:00,8/2/2022 6:00,SOUTH,62.755
8/2/2022 11:00,8/2/2022 7:00,SOUTH,770.248
8/2/2022 12:00,8/2/2022 8:00,SOUTH,1839.144
8/2/2022 13:00,8/2/2022 9:00,SOUTH,2186.17
8/2/2022 14:00,8/2/2022 10:00,SOUTH,2190.093
8/2/2022 15:00,8/2/2022 11:00,SOUTH,2456.918
8/2/2022 16:00,8/2/2022 12:00,SOUTH,2499.369
8/2/2022 17:00,8/2/2022 13:00,SOUTH,2360.056
8/2/2022 18:00,8/2/2022 14:00,SOUTH,2344.34
8/2/2022 19:00,8/2/2022 15:00,SOUTH,2144.528
8/2/2022 20:00,8/2/2022 16:00,SOUTH,2082.132
8/2/2022 21:00,8/2/2022 17:00,SOUTH,1946.241
8/2/2022 22:00,8/2/2022 18:00,SOUTH,1251.866
8/2/2022 23:00,8/2/2022 19:00,SOUTH,297.825
8/3/2022 0:00,8/2/2022 20:00,SOUTH,0.337
8/3/2022 1:00,8/2/2022 21:00,SOUTH,-4.277
8/3/2022 2:00,8/2/2022 22:00,SOUTH,-4.199
8/3/2022 3:00,8/2/2022 23:00,SOUTH,-4.169
8/3/2022 4:00,8/3/2022 0:00,SOUTH,-4.267
8/3/2022 5:00,8/3/2022 1:00,SOUTH,-4.282
8/3/2022 6:00,8/3/2022 2:00,SOUTH,-4.104
8/3/2022 7:00,8/3/2022 3:00,SOUTH,-4.34
8/3/2022 8:00,8/3/2022 4:00,SOUTH,-4.123
8/3/2022 9:00,8/3/2022 5:00,SOUTH,-4.039
8/3/2022 10:00,8/3/2022 6:00,SOUTH,60.577
8/3/2022 11:00,8/3/2022 7:00,SOUTH,838.021
8/3/2022 12:00,8/3/2022 8:00,SOUTH,1953.402
8/3/2022 13:00,8/3/2022 9:00,SOUTH,2433.816
8/3/2022 14:00,8/3/2022 10:00,SOUTH,2608.816
8/3/2022 15:00,8/3/2022 11:00,SOUTH,2668.856
8/3/2022 16:00,8/3/2022 12:00,SOUTH,2639.556
8/3/2022 17:00,8/3/2022 13:00,SOUTH,2601.214
8/3/2022 18:00,8/3/2022 14:00,SOUTH,2469.266
8/3/2022 19:00,8/3/2022 15:00,SOUTH,2491.986
8/3/2022 20:00,8/3/2022 16:00,SOUTH,2438.497
8/3/2022 21:00,8/3/2022 17:00,SOUTH,2200.743
8/3/2022 22:00,8/3/2022 18:00,SOUTH,1394.214
8/3/2022 23:00,8/3/2022 19:00,SOUTH,327.536
8/4/2022 0:00,8/3/2022 20:00,SOUTH,0.433
8/4/2022 1:00,8/3/2022 21:00,SOUTH,-4.346
8/4/2022 2:00,8/3/2022 22:00,SOUTH,-4.379
8/4/2022 3:00,8/3/2022 23:00,SOUTH,-4.291
8/4/2022 4:00,8/4/2022 0:00,SOUTH,-4.185
8/4/2022 5:00,8/4/2022 1:00,SOUTH,-4.202
8/4/2022 6:00,8/4/2022 2:00,SOUTH,-4.136
8/4/2022 7:00,8/4/2022 3:00,SOUTH,-4.26
8/4/2022 8:00,8/4/2022 4:00,SOUTH,-4.238
8/4/2022 9:00,8/4/2022 5:00,SOUTH,-4.148
8/4/2022 10:00,8/4/2022 6:00,SOUTH,46.42
8/4/2022 11:00,8/4/2022 7:00,SOUTH,640.299
8/4/2022 12:00,8/4/2022 8:00,SOUTH,1654.715
8/4/2022 13:00,8/4/2022 9:00,SOUTH,2322.893
8/4/2022 14:00,8/4/2022 10:00,SOUTH,2480.843
8/4/2022 15:00,8/4/2022 11:00,SOUTH,2618.888
8/4/2022 16:00,8/4/2022 12:00,SOUTH,2660.82
8/4/2022 17:00,8/4/2022 13:00,SOUTH,2581.254
8/4/2022 18:00,8/4/2022 14:00,SOUTH,2504.178
8/4/2022 19:00,8/4/2022 15:00,SOUTH,2045.731
8/4/2022 20:00,8/4/2022 16:00,SOUTH,1678.49
8/4/2022 21:00,8/4/2022 17:00,SOUTH,1050.112
8/4/2022 22:00,8/4/2022 18:00,SOUTH,572.455
8/4/2022 23:00,8/4/2022 19:00,SOUTH,189.939
8/5/2022 0:00,8/4/2022 20:00,SOUTH,-2.673
8/5/2022 1:00,8/4/2022 21:00,SOUTH,-4.064
8/5/2022 2:00,8/4/2022 22:00,SOUTH,-4.298
8/5/2022 3:00,8/4/2022 23:00,SOUTH,-4.394
8/5/2022 4:00,8/5/2022 0:00,SOUTH,-4.237
8/5/2022 5:00,8/5/2022 1:00,SOUTH,-4.219
8/5/2022 6:00,8/5/2022 2:00,SOUTH,-4.215
8/5/2022 7:00,8/5/2022 3:00,SOUTH,-4.293
8/5/2022 8:00,8/5/2022 4:00,SOUTH,-4.26
8/5/2022 9:00,8/5/2022 5:00,SOUTH,-4.122
8/5/2022 10:00,8/5/2022 6:00,SOUTH,27.233
8/5/2022 11:00,8/5/2022 7:00,SOUTH,327.593
8/5/2022 12:00,8/5/2022 8:00,SOUTH,1085.49
8/5/2022 13:00,8/5/2022 9:00,SOUTH,1444.956
8/5/2022 14:00,8/5/2022 10:00,SOUTH,1929.281
8/5/2022 15:00,8/5/2022 11:00,SOUTH,2210.988
8/5/2022 16:00,8/5/2022 12:00,SOUTH,2249.413
8/5/2022 17:00,8/5/2022 13:00,SOUTH,2181.25
8/5/2022 18:00,8/5/2022 14:00,SOUTH,2273.155
8/5/2022 19:00,8/5/2022 15:00,SOUTH,1950.215
8/5/2022 20:00,8/5/2022 16:00,SOUTH,1178.851
8/5/2022 21:00,8/5/2022 17:00,SOUTH,886.421
8/5/2022 22:00,8/5/2022 18:00,SOUTH,422.209
8/5/2022 23:00,8/5/2022 19:00,SOUTH,35.049
8/6/2022 0:00,8/5/2022 20:00,SOUTH,-3.953
8/6/2022 1:00,8/5/2022 21:00,SOUTH,-3.995
8/6/2022 2:00,8/5/2022 22:00,SOUTH,-3.99
8/6/2022 3:00,8/5/2022 23:00,SOUTH,-4.009
8/6/2022 4:00,8/6/2022 0:00,SOUTH,-4.016
8/6/2022 5:00,8/6/2022 1:00,SOUTH,-3.848
8/6/2022 6:00,8/6/2022 2:00,SOUTH,-3.998
8/6/2022 7:00,8/6/2022 3:00,SOUTH,-4.063
8/6/2022 8:00,8/6/2022 4:00,SOUTH,-4.062
8/6/2022 9:00,8/6/2022 5:00,SOUTH,-4.056
8/6/2022 10:00,8/6/2022 6:00,SOUTH,21.167
8/6/2022 11:00,8/6/2022 7:00,SOUTH,302.34
8/6/2022 12:00,8/6/2022 8:00,SOUTH,739.484
8/6/2022 13:00,8/6/2022 9:00,SOUTH,995.215
8/6/2022 14:00,8/6/2022 10:00,SOUTH,1187.047
8/6/2022 15:00,8/6/2022 11:00,SOUTH,1527.724
8/6/2022 16:00,8/6/2022 12:00,SOUTH,1814.482
8/6/2022 17:00,8/6/2022 13:00,SOUTH,2021.843
8/6/2022 18:00,8/6/2022 14:00,SOUTH,2003.835
8/6/2022 19:00,8/6/2022 15:00,SOUTH,2081.257
8/6/2022 20:00,8/6/2022 16:00,SOUTH,2108.247
8/6/2022 21:00,8/6/2022 17:00,SOUTH,1788.493
8/6/2022 22:00,8/6/2022 18:00,SOUTH,753.262
8/6/2022 23:00,8/6/2022 19:00,SOUTH,74.979
8/7/2022 0:00,8/6/2022 20:00,SOUTH,-2.939
8/7/2022 1:00,8/6/2022 21:00,SOUTH,-4.112
8/7/2022 2:00,8/6/2022 22:00,SOUTH,-4.173
8/7/2022 3:00,8/6/2022 23:00,SOUTH,-4.052
8/7/2022 4:00,8/7/2022 0:00,SOUTH,-4.071
8/7/2022 5:00,8/7/2022 1:00,SOUTH,-4.08
8/7/2022 6:00,8/7/2022 2:00,SOUTH,-4.023
8/7/2022 7:00,8/7/2022 3:00,SOUTH,-4.141
8/7/2022 8:00,8/7/2022 4:00,SOUTH,-4.117
8/7/2022 9:00,8/7/2022 5:00,SOUTH,-4.115
8/7/2022 10:00,8/7/2022 6:00,SOUTH,44.024
8/7/2022 11:00,8/7/2022 7:00,SOUTH,756.361
8/7/2022 12:00,8/7/2022 8:00,SOUTH,1718.401
8/7/2022 13:00,8/7/2022 9:00,SOUTH,2163.992
8/7/2022 14:00,8/7/2022 10:00,SOUTH,2244.767
8/7/2022 15:00,8/7/2022 11:00,SOUTH,2216.107
8/7/2022 16:00,8/7/2022 12:00,SOUTH,2225.164
8/7/2022 17:00,8/7/2022 13:00,SOUTH,2279.596
8/7/2022 18:00,8/7/2022 14:00,SOUTH,2184.994
8/7/2022 19:00,8/7/2022 15:00,SOUTH,2080.001
8/7/2022 20:00,8/7/2022 16:00,SOUTH,2086.155
8/7/2022 21:00,8/7/2022 17:00,SOUTH,1986.502
8/7/2022 22:00,8/7/2022 18:00,SOUTH,1278.657
8/7/2022 23:00,8/7/2022 19:00,SOUTH,305.072
8/8/2022 0:00,8/7/2022 20:00,SOUTH,-3.32
8/8/2022 1:00,8/7/2022 21:00,SOUTH,-4.247
8/8/2022 2:00,8/7/2022 22:00,SOUTH,-4.052
8/8/2022 3:00,8/7/2022 23:00,SOUTH,-4.076
8/8/2022 4:00,8/8/2022 0:00,SOUTH,-4.1
8/8/2022 5:00,8/8/2022 1:00,SOUTH,-4.309
8/8/2022 6:00,8/8/2022 2:00,SOUTH,-4.008
8/8/2022 7:00,8/8/2022 3:00,SOUTH,-3.995
8/8/2022 8:00,8/8/2022 4:00,SOUTH,-4.202
8/8/2022 9:00,8/8/2022 5:00,SOUTH,-4.14
8/8/2022 10:00,8/8/2022 6:00,SOUTH,45.25
8/8/2022 11:00,8/8/2022 7:00,SOUTH,882.974
8/8/2022 12:00,8/8/2022 8:00,SOUTH,2071.981
8/8/2022 13:00,8/8/2022 9:00,SOUTH,2462.759
8/8/2022 14:00,8/8/2022 10:00,SOUTH,2506.444
8/8/2022 15:00,8/8/2022 11:00,SOUTH,2454.979
8/8/2022 16:00,8/8/2022 12:00,SOUTH,2270.756
8/8/2022 17:00,8/8/2022 13:00,SOUTH,2273.416
8/8/2022 18:00,8/8/2022 14:00,SOUTH,2279.36
8/8/2022 19:00,8/8/2022 15:00,SOUTH,2188.8
8/8/2022 20:00,8/8/2022 16:00,SOUTH,2034.727
8/8/2022 21:00,8/8/2022 17:00,SOUTH,2024.581
8/8/2022 22:00,8/8/2022 18:00,SOUTH,1305.473
8/8/2022 23:00,8/8/2022 19:00,SOUTH,263.742
8/9/2022 0:00,8/8/2022 20:00,SOUTH,-3.797
8/9/2022 1:00,8/8/2022 21:00,SOUTH,-4.231
8/9/2022 2:00,8/8/2022 22:00,SOUTH,-4.228
8/9/2022 3:00,8/8/2022 23:00,SOUTH,-4.122
8/9/2022 4:00,8/9/2022 0:00,SOUTH,-3.972
8/9/2022 5:00,8/9/2022 1:00,SOUTH,-3.866
8/9/2022 6:00,8/9/2022 2:00,SOUTH,-3.846
8/9/2022 7:00,8/9/2022 3:00,SOUTH,-4.048
8/9/2022 8:00,8/9/2022 4:00,SOUTH,-3.764
8/9/2022 9:00,8/9/2022 5:00,SOUTH,-3.963
8/9/2022 10:00,8/9/2022 6:00,SOUTH,42.548
8/9/2022 11:00,8/9/2022 7:00,SOUTH,862.761
8/9/2022 12:00,8/9/2022 8:00,SOUTH,2054.586
8/9/2022 13:00,8/9/2022 9:00,SOUTH,2518.595
8/9/2022 14:00,8/9/2022 10:00,SOUTH,2617.272
8/9/2022 15:00,8/9/2022 11:00,SOUTH,2661.048
8/9/2022 16:00,8/9/2022 12:00,SOUTH,2634.463
8/9/2022 17:00,8/9/2022 13:00,SOUTH,2506.098
8/9/2022 18:00,8/9/2022 14:00,SOUTH,2445.431
8/9/2022 19:00,8/9/2022 15:00,SOUTH,2340.065
8/9/2022 20:00,8/9/2022 16:00,SOUTH,2158.499
8/9/2022 21:00,8/9/2022 17:00,SOUTH,1949.697
8/9/2022 22:00,8/9/2022 18:00,SOUTH,1155.901
8/9/2022 23:00,8/9/2022 19:00,SOUTH,217.074
8/10/2022 0:00,8/9/2022 20:00,SOUTH,-3.767
8/10/2022 1:00,8/9/2022 21:00,SOUTH,-3.951
8/10/2022 2:00,8/9/2022 22:00,SOUTH,-4.024
8/10/2022 3:00,8/9/2022 23:00,SOUTH,-3.848
8/10/2022 4:00,8/10/2022 0:00,SOUTH,-4.239
8/10/2022 5:00,8/10/2022 1:00,SOUTH,-4.342
8/10/2022 6:00,8/10/2022 2:00,SOUTH,-4.212
8/10/2022 7:00,8/10/2022 3:00,SOUTH,-4.338
8/10/2022 8:00,8/10/2022 4:00,SOUTH,-4.182
8/10/2022 9:00,8/10/2022 5:00,SOUTH,-4.417
8/10/2022 10:00,8/10/2022 6:00,SOUTH,35.188
8/10/2022 11:00,8/10/2022 7:00,SOUTH,776.032
8/10/2022 12:00,8/10/2022 8:00,SOUTH,1959.949
8/10/2022 13:00,8/10/2022 9:00,SOUTH,2431.949
8/10/2022 14:00,8/10/2022 10:00,SOUTH,2596.532
8/10/2022 15:00,8/10/2022 11:00,SOUTH,2547.369
8/10/2022 16:00,8/10/2022 12:00,SOUTH,2517.458
8/10/2022 17:00,8/10/2022 13:00,SOUTH,2398.98
8/10/2022 18:00,8/10/2022 14:00,SOUTH,2067.884
8/10/2022 19:00,8/10/2022 15:00,SOUTH,1726.89
8/10/2022 20:00,8/10/2022 16:00,SOUTH,1384.255
8/10/2022 21:00,8/10/2022 17:00,SOUTH,832.794
8/10/2022 22:00,8/10/2022 18:00,SOUTH,447.927
8/10/2022 23:00,8/10/2022 19:00,SOUTH,42.345
8/11/2022 0:00,8/10/2022 20:00,SOUTH,-4.231
8/11/2022 1:00,8/10/2022 21:00,SOUTH,-3.77
8/11/2022 2:00,8/10/2022 22:00,SOUTH,-3.75
8/11/2022 3:00,8/10/2022 23:00,SOUTH,-3.892
8/11/2022 4:00,8/11/2022 0:00,SOUTH,-3.414
8/11/2022 5:00,8/11/2022 1:00,SOUTH,-3.663
8/11/2022 6:00,8/11/2022 2:00,SOUTH,-3.568
8/11/2022 7:00,8/11/2022 3:00,SOUTH,-3.423
8/11/2022 8:00,8/11/2022 4:00,SOUTH,-3.721
8/11/2022 9:00,8/11/2022 5:00,SOUTH,-3.662
8/11/2022 10:00,8/11/2022 6:00,SOUTH,5.514
8/11/2022 11:00,8/11/2022 7:00,SOUTH,186.143
8/11/2022 12:00,8/11/2022 8:00,SOUTH,680.119
8/11/2022 13:00,8/11/2022 9:00,SOUTH,1110.875
8/11/2022 14:00,8/11/2022 10:00,SOUTH,1309.168
8/11/2022 15:00,8/11/2022 11:00,SOUTH,1529.652
8/11/2022 16:00,8/11/2022 12:00,SOUTH,1683.941
8/11/2022 17:00,8/11/2022 13:00,SOUTH,1573.502
8/11/2022 18:00,8/11/2022 14:00,SOUTH,1626.91
8/11/2022 19:00,8/11/2022 15:00,SOUTH,1588.751
8/11/2022 20:00,8/11/2022 16:00,SOUTH,1511.546
8/11/2022 21:00,8/11/2022 17:00,SOUTH,1093.027
8/11/2022 22:00,8/11/2022 18:00,SOUTH,786.365
8/11/2022 23:00,8/11/2022 19:00,SOUTH,146.98
8/12/2022 0:00,8/11/2022 20:00,SOUTH,0.902
8/12/2022 1:00,8/11/2022 21:00,SOUTH,-3.523
8/12/2022 2:00,8/11/2022 22:00,SOUTH,-3.77
8/12/2022 3:00,8/11/2022 23:00,SOUTH,-3.667
8/12/2022 4:00,8/12/2022 0:00,SOUTH,-3.93
8/12/2022 5:00,8/12/2022 1:00,SOUTH,-4.056
8/12/2022 6:00,8/12/2022 2:00,SOUTH,-3.971
8/12/2022 7:00,8/12/2022 3:00,SOUTH,-4.153
8/12/2022 8:00,8/12/2022 4:00,SOUTH,-3.966
8/12/2022 9:00,8/12/2022 5:00,SOUTH,-4.05
8/12/2022 10:00,8/12/2022 6:00,SOUTH,25.357
8/12/2022 11:00,8/12/2022 7:00,SOUTH,423.878
8/12/2022 12:00,8/12/2022 8:00,SOUTH,925.314
8/12/2022 13:00,8/12/2022 9:00,SOUTH,1132.469
8/12/2022 14:00,8/12/2022 10:00,SOUTH,1480.848
8/12/2022 15:00,8/12/2022 11:00,SOUTH,1691.516
8/12/2022 16:00,8/12/2022 12:00,SOUTH,1606.273
8/12/2022 17:00,8/12/2022 13:00,SOUTH,1690.626
8/12/2022 18:00,8/12/2022 14:00,SOUTH,1986.344
8/12/2022 19:00,8/12/2022 15:00,SOUTH,2036.49
8/12/2022 20:00,8/12/2022 16:00,SOUTH,2046.717
8/12/2022 21:00,8/12/2022 17:00,SOUTH,2046.351
8/12/2022 22:00,8/12/2022 18:00,SOUTH,1316.243
8/12/2022 23:00,8/12/2022 19:00,SOUTH,262.621
8/13/2022 0:00,8/12/2022 20:00,SOUTH,-3.991
8/13/2022 1:00,8/12/2022 21:00,SOUTH,-4.114
8/13/2022 2:00,8/12/2022 22:00,SOUTH,-4.397
8/13/2022 3:00,8/12/2022 23:00,SOUTH,-4.287
8/13/2022 4:00,8/13/2022 0:00,SOUTH,-4.508
8/13/2022 5:00,8/13/2022 1:00,SOUTH,-4.3
8/13/2022 6:00,8/13/2022 2:00,SOUTH,-4.449
8/13/2022 7:00,8/13/2022 3:00,SOUTH,-4.381
8/13/2022 8:00,8/13/2022 4:00,SOUTH,-4.382
8/13/2022 9:00,8/13/2022 5:00,SOUTH,-4.468
8/13/2022 10:00,8/13/2022 6:00,SOUTH,50.262
8/13/2022 11:00,8/13/2022 7:00,SOUTH,991.512
8/13/2022 12:00,8/13/2022 8:00,SOUTH,2275.115
8/13/2022 13:00,8/13/2022 9:00,SOUTH,2668.604
8/13/2022 14:00,8/13/2022 10:00,SOUTH,2720.729
8/13/2022 15:00,8/13/2022 11:00,SOUTH,2790.566
8/13/2022 16:00,8/13/2022 12:00,SOUTH,2760.783
8/13/2022 17:00,8/13/2022 13:00,SOUTH,2691.877
8/13/2022 18:00,8/13/2022 14:00,SOUTH,2689.68
8/13/2022 19:00,8/13/2022 15:00,SOUTH,2602.153
8/13/2022 20:00,8/13/2022 16:00,SOUTH,2539.563
8/13/2022 21:00,8/13/2022 17:00,SOUTH,2378.131
8/13/2022 22:00,8/13/2022 18:00,SOUTH,1538.007
8/13/2022 23:00,8/13/2022 19:00,SOUTH,272.249
8/14/2022 0:00,8/13/2022 20:00,SOUTH,-4.548
8/14/2022 1:00,8/13/2022 21:00,SOUTH,-4.435
8/14/2022 2:00,8/13/2022 22:00,SOUTH,-4.128
8/14/2022 3:00,8/13/2022 23:00,SOUTH,-4.334
8/14/2022 4:00,8/14/2022 0:00,SOUTH,-3.937
8/14/2022 5:00,8/14/2022 1:00,SOUTH,-4.372
8/14/2022 6:00,8/14/2022 2:00,SOUTH,-4.356
8/14/2022 7:00,8/14/2022 3:00,SOUTH,-4.278
8/14/2022 8:00,8/14/2022 4:00,SOUTH,-4.362
8/14/2022 9:00,8/14/2022 5:00,SOUTH,-4.285
8/14/2022 10:00,8/14/2022 6:00,SOUTH,13.138
8/14/2022 11:00,8/14/2022 7:00,SOUTH,351.78
8/14/2022 12:00,8/14/2022 8:00,SOUTH,779.126
8/14/2022 13:00,8/14/2022 9:00,SOUTH,1351.508
8/14/2022 14:00,8/14/2022 10:00,SOUTH,2272.857
8/14/2022 15:00,8/14/2022 11:00,SOUTH,2427.015
8/14/2022 16:00,8/14/2022 12:00,SOUTH,2610.065
8/14/2022 17:00,8/14/2022 13:00,SOUTH,2628.822
8/14/2022 18:00,8/14/2022 14:00,SOUTH,2346.317
8/14/2022 19:00,8/14/2022 15:00,SOUTH,2128.909
8/14/2022 20:00,8/14/2022 16:00,SOUTH,1857.496
8/14/2022 21:00,8/14/2022 17:00,SOUTH,1352.94
8/14/2022 22:00,8/14/2022 18:00,SOUTH,528.535
8/14/2022 23:00,8/14/2022 19:00,SOUTH,76.872
8/15/2022 0:00,8/14/2022 20:00,SOUTH,-4.654
8/15/2022 1:00,8/14/2022 21:00,SOUTH,-4.322
8/15/2022 2:00,8/14/2022 22:00,SOUTH,-4.389
8/15/2022 3:00,8/14/2022 23:00,SOUTH,-4.18
8/15/2022 4:00,8/15/2022 0:00,SOUTH,-4.556
8/15/2022 5:00,8/15/2022 1:00,SOUTH,-4.314
8/15/2022 6:00,8/15/2022 2:00,SOUTH,-4.359
8/15/2022 7:00,8/15/2022 3:00,SOUTH,-4.366
8/15/2022 8:00,8/15/2022 4:00,SOUTH,-4.382
8/15/2022 9:00,8/15/2022 5:00,SOUTH,-4.25
8/15/2022 10:00,8/15/2022 6:00,SOUTH,15.244
8/15/2022 11:00,8/15/2022 7:00,SOUTH,151.011
8/15/2022 12:00,8/15/2022 8:00,SOUTH,458.498
8/15/2022 13:00,8/15/2022 9:00,SOUTH,618.094
8/15/2022 14:00,8/15/2022 10:00,SOUTH,551.787
8/15/2022 15:00,8/15/2022 11:00,SOUTH,623.875
8/15/2022 16:00,8/15/2022 12:00,SOUTH,689.739
8/15/2022 17:00,8/15/2022 13:00,SOUTH,736.642
8/15/2022 18:00,8/15/2022 14:00,SOUTH,744.13
8/15/2022 19:00,8/15/2022 15:00,SOUTH,723.357
8/15/2022 20:00,8/15/2022 16:00,SOUTH,601.889
8/15/2022 21:00,8/15/2022 17:00,SOUTH,490.887
8/15/2022 22:00,8/15/2022 18:00,SOUTH,332.243
8/15/2022 23:00,8/15/2022 19:00,SOUTH,73.711
8/16/2022 0:00,8/15/2022 20:00,SOUTH,-4.528
8/16/2022 1:00,8/15/2022 21:00,SOUTH,-4.386
8/16/2022 2:00,8/15/2022 22:00,SOUTH,-4.096
8/16/2022 3:00,8/15/2022 23:00,SOUTH,-4.157
8/16/2022 4:00,8/16/2022 0:00,SOUTH,-4.069
8/16/2022 5:00,8/16/2022 1:00,SOUTH,-4.123
8/16/2022 6:00,8/16/2022 2:00,SOUTH,-4.264
8/16/2022 7:00,8/16/2022 3:00,SOUTH,-4.067
8/16/2022 8:00,8/16/2022 4:00,SOUTH,-4.099
8/16/2022 9:00,8/16/2022 5:00,SOUTH,-4.114
8/16/2022 10:00,8/16/2022 6:00,SOUTH,15.666
8/16/2022 11:00,8/16/2022 7:00,SOUTH,436.719
8/16/2022 12:00,8/16/2022 8:00,SOUTH,1212.707
8/16/2022 13:00,8/16/2022 9:00,SOUTH,1719.356
8/16/2022 14:00,8/16/2022 10:00,SOUTH,1640.329
8/16/2022 15:00,8/16/2022 11:00,SOUTH,1856.898
8/16/2022 16:00,8/16/2022 12:00,SOUTH,1930.156
8/16/2022 17:00,8/16/2022 13:00,SOUTH,1948.774
8/16/2022 18:00,8/16/2022 14:00,SOUTH,1864.597
8/16/2022 19:00,8/16/2022 15:00,SOUTH,1934.149
8/16/2022 20:00,8/16/2022 16:00,SOUTH,1821.372
8/16/2022 21:00,8/16/2022 17:00,SOUTH,1553.561
8/16/2022 22:00,8/16/2022 18:00,SOUTH,1040.283
8/16/2022 23:00,8/16/2022 19:00,SOUTH,166.002
8/17/2022 0:00,8/16/2022 20:00,SOUTH,-4.772
8/17/2022 1:00,8/16/2022 21:00,SOUTH,-3.984
8/17/2022 2:00,8/16/2022 22:00,SOUTH,-4.218
8/17/2022 3:00,8/16/2022 23:00,SOUTH,-4.55
8/17/2022 4:00,8/17/2022 0:00,SOUTH,-4.162
8/17/2022 5:00,8/17/2022 1:00,SOUTH,-4.355
8/17/2022 6:00,8/17/2022 2:00,SOUTH,-4.382
8/17/2022 7:00,8/17/2022 3:00,SOUTH,-4.364
8/17/2022 8:00,8/17/2022 4:00,SOUTH,-4.425
8/17/2022 9:00,8/17/2022 5:00,SOUTH,-4.325
8/17/2022 10:00,8/17/2022 6:00,SOUTH,16.425
8/17/2022 11:00,8/17/2022 7:00,SOUTH,556.4
8/17/2022 12:00,8/17/2022 8:00,SOUTH,1791.165
8/17/2022 13:00,8/17/2022 9:00,SOUTH,2141.37
8/17/2022 14:00,8/17/2022 10:00,SOUTH,2059.353
8/17/2022 15:00,8/17/2022 11:00,SOUTH,2327.607
8/17/2022 16:00,8/17/2022 12:00,SOUTH,2360.728
8/17/2022 17:00,8/17/2022 13:00,SOUTH,2361.953
8/17/2022 18:00,8/17/2022 14:00,SOUTH,2274.746
8/17/2022 19:00,8/17/2022 15:00,SOUTH,2109.453
8/17/2022 20:00,8/17/2022 16:00,SOUTH,2079.454
8/17/2022 21:00,8/17/2022 17:00,SOUTH,1947.968
8/17/2022 22:00,8/17/2022 18:00,SOUTH,1145.114
8/17/2022 23:00,8/17/2022 19:00,SOUTH,186.047
8/18/2022 0:00,8/17/2022 20:00,SOUTH,-4.352
8/18/2022 1:00,8/17/2022 21:00,SOUTH,-4.444
8/18/2022 2:00,8/17/2022 22:00,SOUTH,-4.261
8/18/2022 3:00,8/17/2022 23:00,SOUTH,-4.356
8/18/2022 4:00,8/18/2022 0:00,SOUTH,-4.365
8/18/2022 5:00,8/18/2022 1:00,SOUTH,-4.291
8/18/2022 6:00,8/18/2022 2:00,SOUTH,-4.345
8/18/2022 7:00,8/18/2022 3:00,SOUTH,-4.435
8/18/2022 8:00,8/18/2022 4:00,SOUTH,-4.294
8/18/2022 9:00,8/18/2022 5:00,SOUTH,-4.328
8/18/2022 10:00,8/18/2022 6:00,SOUTH,22.361
8/18/2022 11:00,8/18/2022 7:00,SOUTH,791.239
8/18/2022 12:00,8/18/2022 8:00,SOUTH,2106.251
8/18/2022 13:00,8/18/2022 9:00,SOUTH,2640.606
8/18/2022 14:00,8/18/2022 10:00,SOUTH,2655.92
8/18/2022 15:00,8/18/2022 11:00,SOUTH,2636.395
8/18/2022 16:00,8/18/2022 12:00,SOUTH,2494.366
8/18/2022 17:00,8/18/2022 13:00,SOUTH,2407.847
8/18/2022 18:00,8/18/2022 14:00,SOUTH,2357.637
8/18/2022 19:00,8/18/2022 15:00,SOUTH,2333.412
8/18/2022 20:00,8/18/2022 16:00,SOUTH,2270.11
8/18/2022 21:00,8/18/2022 17:00,SOUTH,2077.889
8/18/2022 22:00,8/18/2022 18:00,SOUTH,1186.523
8/18/2022 23:00,8/18/2022 19:00,SOUTH,151.317
8/19/2022 0:00,8/18/2022 20:00,SOUTH,-4.677
8/19/2022 1:00,8/18/2022 21:00,SOUTH,-4.54
8/19/2022 2:00,8/18/2022 22:00,SOUTH,-4.235
8/19/2022 3:00,8/18/2022 23:00,SOUTH,-4.314
8/19/2022 4:00,8/19/2022 0:00,SOUTH,-4.312
8/19/2022 5:00,8/19/2022 1:00,SOUTH,-4.287
8/19/2022 6:00,8/19/2022 2:00,SOUTH,-4.485
8/19/2022 7:00,8/19/2022 3:00,SOUTH,-4.254
8/19/2022 8:00,8/19/2022 4:00,SOUTH,-4.325
8/19/2022 9:00,8/19/2022 5:00,SOUTH,-4.332
8/19/2022 10:00,8/19/2022 6:00,SOUTH,16.429
8/19/2022 11:00,8/19/2022 7:00,SOUTH,565.461
8/19/2022 12:00,8/19/2022 8:00,SOUTH,1669.487
8/19/2022 13:00,8/19/2022 9:00,SOUTH,2158.101
8/19/2022 14:00,8/19/2022 10:00,SOUTH,2188.622
8/19/2022 15:00,8/19/2022 11:00,SOUTH,2038.648
8/19/2022 16:00,8/19/2022 12:00,SOUTH,1927.509
8/19/2022 17:00,8/19/2022 13:00,SOUTH,1828.309
8/19/2022 18:00,8/19/2022 14:00,SOUTH,1618.027
8/19/2022 19:00,8/19/2022 15:00,SOUTH,1340.154
8/19/2022 20:00,8/19/2022 16:00,SOUTH,1182.71
8/19/2022 21:00,8/19/2022 17:00,SOUTH,812.468
8/19/2022 22:00,8/19/2022 18:00,SOUTH,399.743
8/19/2022 23:00,8/19/2022 19:00,SOUTH,56.988
8/20/2022 0:00,8/19/2022 20:00,SOUTH,-4.515
8/20/2022 1:00,8/19/2022 21:00,SOUTH,-4.254
8/20/2022 2:00,8/19/2022 22:00,SOUTH,-4.338
8/20/2022 3:00,8/19/2022 23:00,SOUTH,-4.184
8/20/2022 4:00,8/20/2022 0:00,SOUTH,-4.228
8/20/2022 5:00,8/20/2022 1:00,SOUTH,-4.147
8/20/2022 6:00,8/20/2022 2:00,SOUTH,-4.207
8/20/2022 7:00,8/20/2022 3:00,SOUTH,-4.391
8/20/2022 8:00,8/20/2022 4:00,SOUTH,-4.153
8/20/2022 9:00,8/20/2022 5:00,SOUTH,-4.221
8/20/2022 10:00,8/20/2022 6:00,SOUTH,3.706
8/20/2022 11:00,8/20/2022 7:00,SOUTH,267.173
8/20/2022 12:00,8/20/2022 8:00,SOUTH,925.702
8/20/2022 13:00,8/20/2022 9:00,SOUTH,1707.459
8/20/2022 14:00,8/20/2022 10:00,SOUTH,1814.965
8/20/2022 15:00,8/20/2022 11:00,SOUTH,1954.838
8/20/2022 16:00,8/20/2022 12:00,SOUTH,2057.509
8/20/2022 17:00,8/20/2022 13:00,SOUTH,2017.923
8/20/2022 18:00,8/20/2022 14:00,SOUTH,2192.393
8/20/2022 19:00,8/20/2022 15:00,SOUTH,2184.346
8/20/2022 20:00,8/20/2022 16:00,SOUTH,2044.139
8/20/2022 21:00,8/20/2022 17:00,SOUTH,1564.686
8/20/2022 22:00,8/20/2022 18:00,SOUTH,824.865
8/20/2022 23:00,8/20/2022 19:00,SOUTH,97.612
8/21/2022 0:00,8/20/2022 20:00,SOUTH,-4.433
8/21/2022 1:00,8/20/2022 21:00,SOUTH,-4.111
8/21/2022 2:00,8/20/2022 22:00,SOUTH,-4.312
8/21/2022 3:00,8/20/2022 23:00,SOUTH,-4.075
8/21/2022 4:00,8/21/2022 0:00,SOUTH,-4.179
8/21/2022 5:00,8/21/2022 1:00,SOUTH,-4.184
8/21/2022 6:00,8/21/2022 2:00,SOUTH,-4.333
8/21/2022 7:00,8/21/2022 3:00,SOUTH,-3.953
8/21/2022 8:00,8/21/2022 4:00,SOUTH,-4.301
8/21/2022 9:00,8/21/2022 5:00,SOUTH,-4.312
8/21/2022 10:00,8/21/2022 6:00,SOUTH,13.086
8/21/2022 11:00,8/21/2022 7:00,SOUTH,242.108
8/21/2022 12:00,8/21/2022 8:00,SOUTH,747.346
8/21/2022 13:00,8/21/2022 9:00,SOUTH,832.959
8/21/2022 14:00,8/21/2022 10:00,SOUTH,752.235
8/21/2022 15:00,8/21/2022 11:00,SOUTH,773.481
8/21/2022 16:00,8/21/2022 12:00,SOUTH,973.457
8/21/2022 17:00,8/21/2022 13:00,SOUTH,1173.777
8/21/2022 18:00,8/21/2022 14:00,SOUTH,1295.963
8/21/2022 19:00,8/21/2022 15:00,SOUTH,1316.404
8/21/2022 20:00,8/21/2022 16:00,SOUTH,1142.761
8/21/2022 21:00,8/21/2022 17:00,SOUTH,394.926
8/21/2022 22:00,8/21/2022 18:00,SOUTH,176.859
8/21/2022 23:00,8/21/2022 19:00,SOUTH,30.153
8/22/2022 0:00,8/21/2022 20:00,SOUTH,-4.381
8/22/2022 1:00,8/21/2022 21:00,SOUTH,-4.27
8/22/2022 2:00,8/21/2022 22:00,SOUTH,-3.982
8/22/2022 3:00,8/21/2022 23:00,SOUTH,-4.341
8/22/2022 4:00,8/22/2022 0:00,SOUTH,-4.232
8/22/2022 5:00,8/22/2022 1:00,SOUTH,-4.276
8/22/2022 6:00,8/22/2022 2:00,SOUTH,-4.25
8/22/2022 7:00,8/22/2022 3:00,SOUTH,-4.09
8/22/2022 8:00,8/22/2022 4:00,SOUTH,-4.38
8/22/2022 9:00,8/22/2022 5:00,SOUTH,-4.199
8/22/2022 10:00,8/22/2022 6:00,SOUTH,-2.882
8/22/2022 11:00,8/22/2022 7:00,SOUTH,91.477
8/22/2022 12:00,8/22/2022 8:00,SOUTH,518.546
8/22/2022 13:00,8/22/2022 9:00,SOUTH,1103.539
8/22/2022 14:00,8/22/2022 10:00,SOUTH,1525.866
8/22/2022 15:00,8/22/2022 11:00,SOUTH,1854.859
8/22/2022 16:00,8/22/2022 12:00,SOUTH,2012.844
8/22/2022 17:00,8/22/2022 13:00,SOUTH,1946.428
8/22/2022 18:00,8/22/2022 14:00,SOUTH,1985.019
8/22/2022 19:00,8/22/2022 15:00,SOUTH,1708.115
8/22/2022 20:00,8/22/2022 16:00,SOUTH,1575.179
8/22/2022 21:00,8/22/2022 17:00,SOUTH,1126.636
8/22/2022 22:00,8/22/2022 18:00,SOUTH,463.677
8/22/2022 23:00,8/22/2022 19:00,SOUTH,110.764
8/23/2022 0:00,8/22/2022 20:00,SOUTH,-3.997
8/23/2022 1:00,8/22/2022 21:00,SOUTH,-4.301
8/23/2022 2:00,8/22/2022 22:00,SOUTH,-4.186
8/23/2022 3:00,8/22/2022 23:00,SOUTH,-4.266
8/23/2022 4:00,8/23/2022 0:00,SOUTH,-4.187
8/23/2022 5:00,8/23/2022 1:00,SOUTH,-4.135
8/23/2022 6:00,8/23/2022 2:00,SOUTH,-4.313
8/23/2022 7:00,8/23/2022 3:00,SOUTH,-4.072
8/23/2022 8:00,8/23/2022 4:00,SOUTH,-4.232
8/23/2022 9:00,8/23/2022 5:00,SOUTH,-4.135
8/23/2022 10:00,8/23/2022 6:00,SOUTH,6.357
8/23/2022 11:00,8/23/2022 7:00,SOUTH,422.599
8/23/2022 12:00,8/23/2022 8:00,SOUTH,1429.613
8/23/2022 13:00,8/23/2022 9:00,SOUTH,2065.889
8/23/2022 14:00,8/23/2022 10:00,SOUTH,2219.721
8/23/2022 15:00,8/23/2022 11:00,SOUTH,2198.335
8/23/2022 16:00,8/23/2022 12:00,SOUTH,2031.579
8/23/2022 17:00,8/23/2022 13:00,SOUTH,2021.476
8/23/2022 18:00,8/23/2022 14:00,SOUTH,1955.649
8/23/2022 19:00,8/23/2022 15:00,SOUTH,1958.824
8/23/2022 20:00,8/23/2022 16:00,SOUTH,1772.243
8/23/2022 21:00,8/23/2022 17:00,SOUTH,1431.737
8/23/2022 22:00,8/23/2022 18:00,SOUTH,775.849
8/23/2022 23:00,8/23/2022 19:00,SOUTH,113.799
8/24/2022 0:00,8/23/2022 20:00,SOUTH,-4.586
8/24/2022 1:00,8/23/2022 21:00,SOUTH,-4.093
8/24/2022 2:00,8/23/2022 22:00,SOUTH,-4.254
8/24/2022 3:00,8/23/2022 23:00,SOUTH,-4.205
8/24/2022 4:00,8/24/2022 0:00,SOUTH,-4.121
8/24/2022 5:00,8/24/2022 1:00,SOUTH,-4.349
8/24/2022 6:00,8/24/2022 2:00,SOUTH,-4.219
8/24/2022 7:00,8/24/2022 3:00,SOUTH,-4.205
8/24/2022 8:00,8/24/2022 4:00,SOUTH,-4.147
8/24/2022 9:00,8/24/2022 5:00,SOUTH,-4.271
8/24/2022 10:00,8/24/2022 6:00,SOUTH,6.163
8/24/2022 11:00,8/24/2022 7:00,SOUTH,357.616
8/24/2022 12:00,8/24/2022 8:00,SOUTH,1138.351
8/24/2022 13:00,8/24/2022 9:00,SOUTH,1716.925
8/24/2022 14:00,8/24/2022 10:00,SOUTH,2119.928
8/24/2022 15:00,8/24/2022 11:00,SOUTH,2329.184
8/24/2022 16:00,8/24/2022 12:00,SOUTH,2302.338
8/24/2022 17:00,8/24/2022 13:00,SOUTH,2161.795
8/24/2022 18:00,8/24/2022 14:00,SOUTH,2115.626
8/24/2022 19:00,8/24/2022 15:00,SOUTH,2116.065
8/24/2022 20:00,8/24/2022 16:00,SOUTH,1978.502
8/24/2022 21:00,8/24/2022 17:00,SOUTH,1622.306
8/24/2022 22:00,8/24/2022 18:00,SOUTH,781.314
8/24/2022 23:00,8/24/2022 19:00,SOUTH,91.442
8/25/2022 0:00,8/24/2022 20:00,SOUTH,-4.484
8/25/2022 1:00,8/24/2022 21:00,SOUTH,-4.158
8/25/2022 2:00,8/24/2022 22:00,SOUTH,-4.261
8/25/2022 3:00,8/24/2022 23:00,SOUTH,-4.149
8/25/2022 4:00,8/25/2022 0:00,SOUTH,-4.044
8/25/2022 5:00,8/25/2022 1:00,SOUTH,-4.108
8/25/2022 6:00,8/25/2022 2:00,SOUTH,-4.034
8/25/2022 7:00,8/25/2022 3:00,SOUTH,-4.245
8/25/2022 8:00,8/25/2022 4:00,SOUTH,-4.049
8/25/2022 9:00,8/25/2022 5:00,SOUTH,-4.19
8/25/2022 10:00,8/25/2022 6:00,SOUTH,14.808
8/25/2022 11:00,8/25/2022 7:00,SOUTH,458.461
8/25/2022 12:00,8/25/2022 8:00,SOUTH,1511.859
8/25/2022 13:00,8/25/2022 9:00,SOUTH,1995.871
8/25/2022 14:00,8/25/2022 10:00,SOUTH,2127.634
8/25/2022 15:00,8/25/2022 11:00,SOUTH,2268.619
8/25/2022 16:00,8/25/2022 12:00,SOUTH,2163.069
8/25/2022 17:00,8/25/2022 13:00,SOUTH,1970.877
8/25/2022 18:00,8/25/2022 14:00,SOUTH,1735.492
8/25/2022 19:00,8/25/2022 15:00,SOUTH,1309.16
8/25/2022 20:00,8/25/2022 16:00,SOUTH,928.479
8/25/2022 21:00,8/25/2022 17:00,SOUTH,455.584
8/25/2022 22:00,8/25/2022 18:00,SOUTH,202.867
8/25/2022 23:00,8/25/2022 19:00,SOUTH,44.363
8/26/2022 0:00,8/25/2022 20:00,SOUTH,-4.237
8/26/2022 1:00,8/25/2022 21:00,SOUTH,-4.25
8/26/2022 2:00,8/25/2022 22:00,SOUTH,-4.121
8/26/2022 3:00,8/25/2022 23:00,SOUTH,-4.104
8/26/2022 4:00,8/26/2022 0:00,SOUTH,-4.223
8/26/2022 5:00,8/26/2022 1:00,SOUTH,-4.307
8/26/2022 6:00,8/26/2022 2:00,SOUTH,-4.403
8/26/2022 7:00,8/26/2022 3:00,SOUTH,-4.203
8/26/2022 8:00,8/26/2022 4:00,SOUTH,-4.449
8/26/2022 9:00,8/26/2022 5:00,SOUTH,-4.208
8/26/2022 10:00,8/26/2022 6:00,SOUTH,2.343
8/26/2022 11:00,8/26/2022 7:00,SOUTH,388.603
8/26/2022 12:00,8/26/2022 8:00,SOUTH,1532.493
8/26/2022 13:00,8/26/2022 9:00,SOUTH,2298.067
8/26/2022 14:00,8/26/2022 10:00,SOUTH,2514.172
8/26/2022 15:00,8/26/2022 11:00,SOUTH,2534.875
8/26/2022 16:00,8/26/2022 12:00,SOUTH,2528.95
8/26/2022 17:00,8/26/2022 13:00,SOUTH,2365.773
8/26/2022 18:00,8/26/2022 14:00,SOUTH,2346.785
8/26/2022 19:00,8/26/2022 15:00,SOUTH,2382.812
8/26/2022 20:00,8/26/2022 16:00,SOUTH,2223.96
8/26/2022 21:00,8/26/2022 17:00,SOUTH,1633.833
8/26/2022 22:00,8/26/2022 18:00,SOUTH,729.049
8/26/2022 23:00,8/26/2022 19:00,SOUTH,67.751
8/27/2022 0:00,8/26/2022 20:00,SOUTH,-4.46
8/27/2022 1:00,8/26/2022 21:00,SOUTH,-4.317
8/27/2022 2:00,8/26/2022 22:00,SOUTH,-4.52
8/27/2022 3:00,8/26/2022 23:00,SOUTH,-4.255
8/27/2022 4:00,8/27/2022 0:00,SOUTH,-4.333
8/27/2022 5:00,8/27/2022 1:00,SOUTH,-4.109
8/27/2022 6:00,8/27/2022 2:00,SOUTH,-4.238
8/27/2022 7:00,8/27/2022 3:00,SOUTH,-4.426
8/27/2022 8:00,8/27/2022 4:00,SOUTH,-4.249
8/27/2022 9:00,8/27/2022 5:00,SOUTH,-4.356
8/27/2022 10:00,8/27/2022 6:00,SOUTH,6.48
8/27/2022 11:00,8/27/2022 7:00,SOUTH,458.608
8/27/2022 12:00,8/27/2022 8:00,SOUTH,1663.195
8/27/2022 13:00,8/27/2022 9:00,SOUTH,2251.487
8/27/2022 14:00,8/27/2022 10:00,SOUTH,2449.302
8/27/2022 15:00,8/27/2022 11:00,SOUTH,2490.672
8/27/2022 16:00,8/27/2022 12:00,SOUTH,2447.975
8/27/2022 17:00,8/27/2022 13:00,SOUTH,2259.348
8/27/2022 18:00,8/27/2022 14:00,SOUTH,2028.832
8/27/2022 19:00,8/27/2022 15:00,SOUTH,1916.972
8/27/2022 20:00,8/27/2022 16:00,SOUTH,1668.32
8/27/2022 21:00,8/27/2022 17:00,SOUTH,1280.782
8/27/2022 22:00,8/27/2022 18:00,SOUTH,545.245
8/27/2022 23:00,8/27/2022 19:00,SOUTH,56.52
8/28/2022 0:00,8/27/2022 20:00,SOUTH,-4.412
8/28/2022 1:00,8/27/2022 21:00,SOUTH,-4.359
8/28/2022 2:00,8/27/2022 22:00,SOUTH,-4.282
8/28/2022 3:00,8/27/2022 23:00,SOUTH,-4.32
8/28/2022 4:00,8/28/2022 0:00,SOUTH,-4.377
8/28/2022 5:00,8/28/2022 1:00,SOUTH,-4.233
8/28/2022 6:00,8/28/2022 2:00,SOUTH,-4.339
8/28/2022 7:00,8/28/2022 3:00,SOUTH,-4.18
8/28/2022 8:00,8/28/2022 4:00,SOUTH,-4.173
8/28/2022 9:00,8/28/2022 5:00,SOUTH,-4.311
8/28/2022 10:00,8/28/2022 6:00,SOUTH,4.92
8/28/2022 11:00,8/28/2022 7:00,SOUTH,456.185
8/28/2022 12:00,8/28/2022 8:00,SOUTH,1697.232
8/28/2022 13:00,8/28/2022 9:00,SOUTH,2371.274
8/28/2022 14:00,8/28/2022 10:00,SOUTH,2499.489
8/28/2022 15:00,8/28/2022 11:00,SOUTH,2500.396
8/28/2022 16:00,8/28/2022 12:00,SOUTH,2392.975
8/28/2022 17:00,8/28/2022 13:00,SOUTH,2293.643
8/28/2022 18:00,8/28/2022 14:00,SOUTH,2300.448
8/28/2022 19:00,8/28/2022 15:00,SOUTH,2301.39
8/28/2022 20:00,8/28/2022 16:00,SOUTH,2066.508
8/28/2022 21:00,8/28/2022 17:00,SOUTH,1755.142
8/28/2022 22:00,8/28/2022 18:00,SOUTH,748.471
8/28/2022 23:00,8/28/2022 19:00,SOUTH,107.21
8/29/2022 0:00,8/28/2022 20:00,SOUTH,-2.114
8/29/2022 1:00,8/28/2022 21:00,SOUTH,-4.372
8/29/2022 2:00,8/28/2022 22:00,SOUTH,-4.364
8/29/2022 3:00,8/28/2022 23:00,SOUTH,-4.23
8/29/2022 4:00,8/29/2022 0:00,SOUTH,-4.226
8/29/2022 5:00,8/29/2022 1:00,SOUTH,-4.313
8/29/2022 6:00,8/29/2022 2:00,SOUTH,-4.255
8/29/2022 7:00,8/29/2022 3:00,SOUTH,-4.332
8/29/2022 8:00,8/29/2022 4:00,SOUTH,-4.167
8/29/2022 9:00,8/29/2022 5:00,SOUTH,-4.396
8/29/2022 10:00,8/29/2022 6:00,SOUTH,1.705
8/29/2022 11:00,8/29/2022 7:00,SOUTH,245.321
8/29/2022 12:00,8/29/2022 8:00,SOUTH,1006.795
8/29/2022 13:00,8/29/2022 9:00,SOUTH,1630.268
8/29/2022 14:00,8/29/2022 10:00,SOUTH,2103.983
8/29/2022 15:00,8/29/2022 11:00,SOUTH,2170.857
8/29/2022 16:00,8/29/2022 12:00,SOUTH,2258.469
8/29/2022 17:00,8/29/2022 13:00,SOUTH,2192.076
8/29/2022 18:00,8/29/2022 14:00,SOUTH,2176.74
8/29/2022 19:00,8/29/2022 15:00,SOUTH,2195.556
8/29/2022 20:00,8/29/2022 16:00,SOUTH,2022.998
8/29/2022 21:00,8/29/2022 17:00,SOUTH,1721.37
8/29/2022 22:00,8/29/2022 18:00,SOUTH,703.275
8/29/2022 23:00,8/29/2022 19:00,SOUTH,65.373
8/30/2022 0:00,8/29/2022 20:00,SOUTH,-4.306
8/30/2022 1:00,8/29/2022 21:00,SOUTH,-4.48
8/30/2022 2:00,8/29/2022 22:00,SOUTH,-4.194
8/30/2022 3:00,8/29/2022 23:00,SOUTH,-4.236
8/30/2022 4:00,8/30/2022 0:00,SOUTH,-4.33
8/30/2022 5:00,8/30/2022 1:00,SOUTH,-4.306
8/30/2022 6:00,8/30/2022 2:00,SOUTH,-4.41
8/30/2022 7:00,8/30/2022 3:00,SOUTH,-4.248
8/30/2022 8:00,8/30/2022 4:00,SOUTH,-4.46
8/30/2022 9:00,8/30/2022 5:00,SOUTH,-4.268
8/30/2022 10:00,8/30/2022 6:00,SOUTH,2.021
8/30/2022 11:00,8/30/2022 7:00,SOUTH,443.403
8/30/2022 12:00,8/30/2022 8:00,SOUTH,1713.345
8/30/2022 13:00,8/30/2022 9:00,SOUTH,2384.057
8/30/2022 14:00,8/30/2022 10:00,SOUTH,2579.635
8/30/2022 15:00,8/30/2022 11:00,SOUTH,2498.156
8/30/2022 16:00,8/30/2022 12:00,SOUTH,2370.52
8/30/2022 17:00,8/30/2022 13:00,SOUTH,2375.562
8/30/2022 18:00,8/30/2022 14:00,SOUTH,2286.675
8/30/2022 19:00,8/30/2022 15:00,SOUTH,2057.153
8/30/2022 20:00,8/30/2022 16:00,SOUTH,1761.527
8/30/2022 21:00,8/30/2022 17:00,SOUTH,1467.78
8/30/2022 22:00,8/30/2022 18:00,SOUTH,482.316
8/30/2022 23:00,8/30/2022 19:00,SOUTH,16.766
8/31/2022 0:00,8/30/2022 20:00,SOUTH,-4.489
8/31/2022 1:00,8/30/2022 21:00,SOUTH,-4.334
8/31/2022 2:00,8/30/2022 22:00,SOUTH,-4.246
8/31/2022 3:00,8/30/2022 23:00,SOUTH,-4.307
8/31/2022 4:00,8/31/2022 0:00,SOUTH,-4.411
8/31/2022 5:00,8/31/2022 1:00,SOUTH,-4.256
8/31/2022 6:00,8/31/2022 2:00,SOUTH,-4.376
8/31/2022 7:00,8/31/2022 3:00,SOUTH,-4.405
8/31/2022 8:00,8/31/2022 4:00,SOUTH,-4.141
8/31/2022 9:00,8/31/2022 5:00,SOUTH,-4.358
8/31/2022 10:00,8/31/2022 6:00,SOUTH,4.394
8/31/2022 11:00,8/31/2022 7:00,SOUTH,452.075
8/31/2022 12:00,8/31/2022 8:00,SOUTH,1612.847
8/31/2022 13:00,8/31/2022 9:00,SOUTH,2382.807
8/31/2022 14:00,8/31/2022 10:00,SOUTH,2512.247
8/31/2022 15:00,8/31/2022 11:00,SOUTH,2435.306
8/31/2022 16:00,8/31/2022 12:00,SOUTH,2369.987
8/31/2022 17:00,8/31/2022 13:00,SOUTH,2410.416
8/31/2022 18:00,8/31/2022 14:00,SOUTH,2403.143
8/31/2022 19:00,8/31/2022 15:00,SOUTH,2483.663
8/31/2022 20:00,8/31/2022 16:00,SOUTH,2404.494
8/31/2022 21:00,8/31/2022 17:00,SOUTH,2081.655
8/31/2022 22:00,8/31/2022 18:00,SOUTH,934.413
8/31/2022 23:00,8/31/2022 19:00,SOUTH,58.634
9/1/2022 0:00,8/31/2022 20:00,SOUTH,-4.613
9/1/2022 1:00,8/31/2022 21:00,SOUTH,-4.396
9/1/2022 2:00,8/31/2022 22:00,SOUTH,-4.254
9/1/2022 3:00,8/31/2022 23:00,SOUTH,-4.258
9/1/2022 4:00,9/1/2022 0:00,SOUTH,-4.233
9/1/2022 5:00,9/1/2022 1:00,SOUTH,-4.319
9/1/2022 6:00,9/1/2022 2:00,SOUTH,-4.343
9/1/2022 7:00,9/1/2022 3:00,SOUTH,-4.315
9/1/2022 8:00,9/1/2022 4:00,SOUTH,-4.409
9/1/2022 9:00,9/1/2022 5:00,SOUTH,-4.215
9/1/2022 10:00,9/1/2022 6:00,SOUTH,3.497
9/1/2022 11:00,9/1/2022 7:00,SOUTH,524.684
9/1/2022 12:00,9/1/2022 8:00,SOUTH,1829.295
9/1/2022 13:00,9/1/2022 9:00,SOUTH,2452.284
9/1/2022 14:00,9/1/2022 10:00,SOUTH,2571.284
9/1/2022 15:00,9/1/2022 11:00,SOUTH,2555.423
9/1/2022 16:00,9/1/2022 12:00,SOUTH,2398.081
9/1/2022 17:00,9/1/2022 13:00,SOUTH,2454.062
9/1/2022 18:00,9/1/2022 14:00,SOUTH,2480.213
9/1/2022 19:00,9/1/2022 15:00,SOUTH,2447.346
9/1/2022 20:00,9/1/2022 16:00,SOUTH,2339.536
9/1/2022 21:00,9/1/2022 17:00,SOUTH,1964.701
9/1/2022 22:00,9/1/2022 18:00,SOUTH,826.94
9/1/2022 23:00,9/1/2022 19:00,SOUTH,55.716
9/2/2022 0:00,9/1/2022 20:00,SOUTH,-4.841
9/2/2022 1:00,9/1/2022 21:00,SOUTH,-4.531
9/2/2022 2:00,9/1/2022 22:00,SOUTH,-4.421
9/2/2022 3:00,9/1/2022 23:00,SOUTH,-4.423
9/2/2022 4:00,9/2/2022 0:00,SOUTH,-4.42
9/2/2022 5:00,9/2/2022 1:00,SOUTH,-4.321
9/2/2022 6:00,9/2/2022 2:00,SOUTH,-4.426
9/2/2022 7:00,9/2/2022 3:00,SOUTH,-4.277
9/2/2022 8:00,9/2/2022 4:00,SOUTH,-4.317
9/2/2022 9:00,9/2/2022 5:00,SOUTH,-4.459
9/2/2022 10:00,9/2/2022 6:00,SOUTH,1.179
9/2/2022 11:00,9/2/2022 7:00,SOUTH,505.197
9/2/2022 12:00,9/2/2022 8:00,SOUTH,1826.114
9/2/2022 13:00,9/2/2022 9:00,SOUTH,2455.942
9/2/2022 14:00,9/2/2022 10:00,SOUTH,2562.931
9/2/2022 15:00,9/2/2022 11:00,SOUTH,2458.149
9/2/2022 16:00,9/2/2022 12:00,SOUTH,2374.587
9/2/2022 17:00,9/2/2022 13:00,SOUTH,2355.89
9/2/2022 18:00,9/2/2022 14:00,SOUTH,2257.103
9/2/2022 19:00,9/2/2022 15:00,SOUTH,2112.476
9/2/2022 20:00,9/2/2022 16:00,SOUTH,2072.822
9/2/2022 21:00,9/2/2022 17:00,SOUTH,1694.841
9/2/2022 22:00,9/2/2022 18:00,SOUTH,682.841
9/2/2022 23:00,9/2/2022 19:00,SOUTH,37.167
9/3/2022 0:00,9/2/2022 20:00,SOUTH,-4.671
9/3/2022 1:00,9/2/2022 21:00,SOUTH,-4.388
9/3/2022 2:00,9/2/2022 22:00,SOUTH,-4.382
9/3/2022 3:00,9/2/2022 23:00,SOUTH,-4.481
9/3/2022 4:00,9/3/2022 0:00,SOUTH,-4.215
9/3/2022 5:00,9/3/2022 1:00,SOUTH,-4.378
9/3/2022 6:00,9/3/2022 2:00,SOUTH,-4.335
9/3/2022 7:00,9/3/2022 3:00,SOUTH,-4.481
9/3/2022 8:00,9/3/2022 4:00,SOUTH,-4.364
9/3/2022 9:00,9/3/2022 5:00,SOUTH,-4.341
9/3/2022 10:00,9/3/2022 6:00,SOUTH,1.222
9/3/2022 11:00,9/3/2022 7:00,SOUTH,367.965
9/3/2022 12:00,9/3/2022 8:00,SOUTH,1478.859
9/3/2022 13:00,9/3/2022 9:00,SOUTH,2035.55
9/3/2022 14:00,9/3/2022 10:00,SOUTH,2057.875
9/3/2022 15:00,9/3/2022 11:00,SOUTH,2054.868
9/3/2022 16:00,9/3/2022 12:00,SOUTH,2180.313
9/3/2022 17:00,9/3/2022 13:00,SOUTH,2246.431
9/3/2022 18:00,9/3/2022 14:00,SOUTH,2268.535
9/3/2022 19:00,9/3/2022 15:00,SOUTH,2214.432
9/3/2022 20:00,9/3/2022 16:00,SOUTH,1984.96
9/3/2022 21:00,9/3/2022 17:00,SOUTH,1249.663
9/3/2022 22:00,9/3/2022 18:00,SOUTH,485.98
9/3/2022 23:00,9/3/2022 19:00,SOUTH,31.375
9/4/2022 0:00,9/3/2022 20:00,SOUTH,-4.593
9/4/2022 1:00,9/3/2022 21:00,SOUTH,-4.473
9/4/2022 2:00,9/3/2022 22:00,SOUTH,-4.321
9/4/2022 3:00,9/3/2022 23:00,SOUTH,-4.243
9/4/2022 4:00,9/4/2022 0:00,SOUTH,-4.369
9/4/2022 5:00,9/4/2022 1:00,SOUTH,-4.376
9/4/2022 6:00,9/4/2022 2:00,SOUTH,-4.409
9/4/2022 7:00,9/4/2022 3:00,SOUTH,-4.374
9/4/2022 8:00,9/4/2022 4:00,SOUTH,-4.464
9/4/2022 9:00,9/4/2022 5:00,SOUTH,-4.236
9/4/2022 10:00,9/4/2022 6:00,SOUTH,0.566
9/4/2022 11:00,9/4/2022 7:00,SOUTH,408.851
9/4/2022 12:00,9/4/2022 8:00,SOUTH,1736.31
9/4/2022 13:00,9/4/2022 9:00,SOUTH,2443.02
9/4/2022 14:00,9/4/2022 10:00,SOUTH,2408.843
9/4/2022 15:00,9/4/2022 11:00,SOUTH,2314.608
9/4/2022 16:00,9/4/2022 12:00,SOUTH,2169.973
9/4/2022 17:00,9/4/2022 13:00,SOUTH,2074.692
9/4/2022 18:00,9/4/2022 14:00,SOUTH,2137.262
9/4/2022 19:00,9/4/2022 15:00,SOUTH,2112.117
9/4/2022 20:00,9/4/2022 16:00,SOUTH,2008.066
9/4/2022 21:00,9/4/2022 17:00,SOUTH,1643.747
9/4/2022 22:00,9/4/2022 18:00,SOUTH,585.161
9/4/2022 23:00,9/4/2022 19:00,SOUTH,19.13
9/5/2022 0:00,9/4/2022 20:00,SOUTH,-4.501
9/5/2022 1:00,9/4/2022 21:00,SOUTH,-4.492
9/5/2022 2:00,9/4/2022 22:00,SOUTH,-4.109
9/5/2022 3:00,9/4/2022 23:00,SOUTH,-4.461
9/5/2022 4:00,9/5/2022 0:00,SOUTH,-4.399
9/5/2022 5:00,9/5/2022 1:00,SOUTH,-4.357
9/5/2022 6:00,9/5/2022 2:00,SOUTH,-4.429
9/5/2022 7:00,9/5/2022 3:00,SOUTH,-4.354
9/5/2022 8:00,9/5/2022 4:00,SOUTH,-4.184
9/5/2022 9:00,9/5/2022 5:00,SOUTH,-4.514
9/5/2022 10:00,9/5/2022 6:00,SOUTH,0.843
9/5/2022 11:00,9/5/2022 7:00,SOUTH,368.91
9/5/2022 12:00,9/5/2022 8:00,SOUTH,1229.397
9/5/2022 13:00,9/5/2022 9:00,SOUTH,1847.146
9/5/2022 14:00,9/5/2022 10:00,SOUTH,2066.071
9/5/2022 15:00,9/5/2022 11:00,SOUTH,1876.703
9/5/2022 16:00,9/5/2022 12:00,SOUTH,1667.498
9/5/2022 17:00,9/5/2022 13:00,SOUTH,1641.576
9/5/2022 18:00,9/5/2022 14:00,SOUTH,1410.177
9/5/2022 19:00,9/5/2022 15:00,SOUTH,1242.508
9/5/2022 20:00,9/5/2022 16:00,SOUTH,1028.528
9/5/2022 21:00,9/5/2022 17:00,SOUTH,523.53
9/5/2022 22:00,9/5/2022 18:00,SOUTH,185.979
9/5/2022 23:00,9/5/2022 19:00,SOUTH,5.381
9/6/2022 0:00,9/5/2022 20:00,SOUTH,-4.641
9/6/2022 1:00,9/5/2022 21:00,SOUTH,-4.367
9/6/2022 2:00,9/5/2022 22:00,SOUTH,-4.407
9/6/2022 3:00,9/5/2022 23:00,SOUTH,-4.287
9/6/2022 4:00,9/6/2022 0:00,SOUTH,-4.236
9/6/2022 5:00,9/6/2022 1:00,SOUTH,-4.348
9/6/2022 6:00,9/6/2022 2:00,SOUTH,-4.222
9/6/2022 7:00,9/6/2022 3:00,SOUTH,-4.452
9/6/2022 8:00,9/6/2022 4:00,SOUTH,-4.301
9/6/2022 9:00,9/6/2022 5:00,SOUTH,-4.367
9/6/2022 10:00,9/6/2022 6:00,SOUTH,-2.494
9/6/2022 11:00,9/6/2022 7:00,SOUTH,126.728
9/6/2022 12:00,9/6/2022 8:00,SOUTH,391.01
9/6/2022 13:00,9/6/2022 9:00,SOUTH,828.237
9/6/2022 14:00,9/6/2022 10:00,SOUTH,1445.434
9/6/2022 15:00,9/6/2022 11:00,SOUTH,1731.257
9/6/2022 16:00,9/6/2022 12:00,SOUTH,1877.529
9/6/2022 17:00,9/6/2022 13:00,SOUTH,1903.06
9/6/2022 18:00,9/6/2022 14:00,SOUTH,1955.109
9/6/2022 19:00,9/6/2022 15:00,SOUTH,1693.498
9/6/2022 20:00,9/6/2022 16:00,SOUTH,1650.234
9/6/2022 21:00,9/6/2022 17:00,SOUTH,1305.276
9/6/2022 22:00,9/6/2022 18:00,SOUTH,534.009
9/6/2022 23:00,9/6/2022 19:00,SOUTH,21.279
9/7/2022 0:00,9/6/2022 20:00,SOUTH,-4.67
9/7/2022 1:00,9/6/2022 21:00,SOUTH,-4.344
9/7/2022 2:00,9/6/2022 22:00,SOUTH,-4.366
9/7/2022 3:00,9/6/2022 23:00,SOUTH,-4.435
9/7/2022 4:00,9/7/2022 0:00,SOUTH,-4.308
9/7/2022 5:00,9/7/2022 1:00,SOUTH,-4.093
9/7/2022 6:00,9/7/2022 2:00,SOUTH,-4.167
9/7/2022 7:00,9/7/2022 3:00,SOUTH,-4.417
9/7/2022 8:00,9/7/2022 4:00,SOUTH,-4.415
9/7/2022 9:00,9/7/2022 5:00,SOUTH,-4.289
9/7/2022 10:00,9/7/2022 6:00,SOUTH,-2.315
9/7/2022 11:00,9/7/2022 7:00,SOUTH,225.311
9/7/2022 12:00,9/7/2022 8:00,SOUTH,958.91
9/7/2022 13:00,9/7/2022 9:00,SOUTH,1303.112
9/7/2022 14:00,9/7/2022 10:00,SOUTH,1480.234
9/7/2022 15:00,9/7/2022 11:00,SOUTH,1575.977
9/7/2022 16:00,9/7/2022 12:00,SOUTH,1706.088
9/7/2022 17:00,9/7/2022 13:00,SOUTH,1755.805
9/7/2022 18:00,9/7/2022 14:00,SOUTH,1709.305
9/7/2022 19:00,9/7/2022 15:00,SOUTH,1611.339
9/7/2022 20:00,9/7/2022 16:00,SOUTH,1324.664
9/7/2022 21:00,9/7/2022 17:00,SOUTH,830.458
9/7/2022 22:00,9/7/2022 18:00,SOUTH,335.587
9/7/2022 23:00,9/7/2022 19:00,SOUTH,10.356
9/8/2022 0:00,9/7/2022 20:00,SOUTH,-4.513
9/8/2022 1:00,9/7/2022 21:00,SOUTH,-4.386
9/8/2022 2:00,9/7/2022 22:00,SOUTH,-4.418
9/8/2022 3:00,9/7/2022 23:00,SOUTH,-4.348
9/8/2022 4:00,9/8/2022 0:00,SOUTH,-4.338
9/8/2022 5:00,9/8/2022 1:00,SOUTH,-4.392
9/8/2022 6:00,9/8/2022 2:00,SOUTH,-4.235
9/8/2022 7:00,9/8/2022 3:00,SOUTH,-4.393
9/8/2022 8:00,9/8/2022 4:00,SOUTH,-4.531
9/8/2022 9:00,9/8/2022 5:00,SOUTH,-4.331
9/8/2022 10:00,9/8/2022 6:00,SOUTH,-3.381
9/8/2022 11:00,9/8/2022 7:00,SOUTH,166.677
9/8/2022 12:00,9/8/2022 8:00,SOUTH,784.633
9/8/2022 13:00,9/8/2022 9:00,SOUTH,1277.924
9/8/2022 14:00,9/8/2022 10:00,SOUTH,1447.006
9/8/2022 15:00,9/8/2022 11:00,SOUTH,1263.239
9/8/2022 16:00,9/8/2022 12:00,SOUTH,1260.728
9/8/2022 17:00,9/8/2022 13:00,SOUTH,1194.335
9/8/2022 18:00,9/8/2022 14:00,SOUTH,1148.15
9/8/2022 19:00,9/8/2022 15:00,SOUTH,1016.295
9/8/2022 20:00,9/8/2022 16:00,SOUTH,767.921
9/8/2022 21:00,9/8/2022 17:00,SOUTH,736.97
9/8/2022 22:00,9/8/2022 18:00,SOUTH,383.334
9/8/2022 23:00,9/8/2022 19:00,SOUTH,13.938
9/9/2022 0:00,9/8/2022 20:00,SOUTH,-4.333
9/9/2022 1:00,9/8/2022 21:00,SOUTH,-4.596
9/9/2022 2:00,9/8/2022 22:00,SOUTH,-4.332
9/9/2022 3:00,9/8/2022 23:00,SOUTH,-4.418
9/9/2022 4:00,9/9/2022 0:00,SOUTH,-4.314
9/9/2022 5:00,9/9/2022 1:00,SOUTH,-4.442
9/9/2022 6:00,9/9/2022 2:00,SOUTH,-4.381
9/9/2022 7:00,9/9/2022 3:00,SOUTH,-4.341
9/9/2022 8:00,9/9/2022 4:00,SOUTH,-4.484
9/9/2022 9:00,9/9/2022 5:00,SOUTH,-4.3
9/9/2022 10:00,9/9/2022 6:00,SOUTH,-1.478
9/9/2022 11:00,9/9/2022 7:00,SOUTH,431.654
9/9/2022 12:00,9/9/2022 8:00,SOUTH,1788.326
9/9/2022 13:00,9/9/2022 9:00,SOUTH,2395.059
9/9/2022 14:00,9/9/2022 10:00,SOUTH,2314.288
9/9/2022 15:00,9/9/2022 11:00,SOUTH,2230.113
9/9/2022 16:00,9/9/2022 12:00,SOUTH,2259.659
9/9/2022 17:00,9/9/2022 13:00,SOUTH,2257.705
9/9/2022 18:00,9/9/2022 14:00,SOUTH,2388.039
9/9/2022 19:00,9/9/2022 15:00,SOUTH,2403.007
9/9/2022 20:00,9/9/2022 16:00,SOUTH,2320.762
9/9/2022 21:00,9/9/2022 17:00,SOUTH,1917.036
9/9/2022 22:00,9/9/2022 18:00,SOUTH,647.625
9/9/2022 23:00,9/9/2022 19:00,SOUTH,15.019
9/10/2022 0:00,9/9/2022 20:00,SOUTH,-4.441
9/10/2022 1:00,9/9/2022 21:00,SOUTH,-4.452
9/10/2022 2:00,9/9/2022 22:00,SOUTH,-4.346
9/10/2022 3:00,9/9/2022 23:00,SOUTH,-4.362
9/10/2022 4:00,9/10/2022 0:00,SOUTH,-4.49
9/10/2022 5:00,9/10/2022 1:00,SOUTH,-4.437
9/10/2022 6:00,9/10/2022 2:00,SOUTH,-4.489
9/10/2022 7:00,9/10/2022 3:00,SOUTH,-4.464
9/10/2022 8:00,9/10/2022 4:00,SOUTH,-4.333
9/10/2022 9:00,9/10/2022 5:00,SOUTH,-4.384
9/10/2022 10:00,9/10/2022 6:00,SOUTH,2.697
9/10/2022 11:00,9/10/2022 7:00,SOUTH,233.024
9/10/2022 12:00,9/10/2022 8:00,SOUTH,809.563
9/10/2022 13:00,9/10/2022 9:00,SOUTH,1073.818
9/10/2022 14:00,9/10/2022 10:00,SOUTH,1588.528
9/10/2022 15:00,9/10/2022 11:00,SOUTH,1551.281
9/10/2022 16:00,9/10/2022 12:00,SOUTH,1541.886
9/10/2022 17:00,9/10/2022 13:00,SOUTH,1532.54
9/10/2022 18:00,9/10/2022 14:00,SOUTH,1235.498
9/10/2022 19:00,9/10/2022 15:00,SOUTH,865.66
9/10/2022 20:00,9/10/2022 16:00,SOUTH,665.641
9/10/2022 21:00,9/10/2022 17:00,SOUTH,318.758
9/10/2022 22:00,9/10/2022 18:00,SOUTH,82.301
9/10/2022 23:00,9/10/2022 19:00,SOUTH,-2.552
9/11/2022 0:00,9/10/2022 20:00,SOUTH,-4.475
9/11/2022 1:00,9/10/2022 21:00,SOUTH,-4.423
9/11/2022 2:00,9/10/2022 22:00,SOUTH,-4.328
9/11/2022 3:00,9/10/2022 23:00,SOUTH,-4.339
9/11/2022 4:00,9/11/2022 0:00,SOUTH,-4.459
9/11/2022 5:00,9/11/2022 1:00,SOUTH,-4.325
9/11/2022 6:00,9/11/2022 2:00,SOUTH,-4.41
9/11/2022 7:00,9/11/2022 3:00,SOUTH,-4.383
9/11/2022 8:00,9/11/2022 4:00,SOUTH,-4.39
9/11/2022 9:00,9/11/2022 5:00,SOUTH,-4.39
9/11/2022 10:00,9/11/2022 6:00,SOUTH,-3.632
9/11/2022 11:00,9/11/2022 7:00,SOUTH,92.048
9/11/2022 12:00,9/11/2022 8:00,SOUTH,352.241
9/11/2022 13:00,9/11/2022 9:00,SOUTH,532.019
9/11/2022 14:00,9/11/2022 10:00,SOUTH,859.628
9/11/2022 15:00,9/11/2022 11:00,SOUTH,1087.28
9/11/2022 16:00,9/11/2022 12:00,SOUTH,1093.053
9/11/2022 17:00,9/11/2022 13:00,SOUTH,1230.915
9/11/2022 18:00,9/11/2022 14:00,SOUTH,1378.937
9/11/2022 19:00,9/11/2022 15:00,SOUTH,1606.525
9/11/2022 20:00,9/11/2022 16:00,SOUTH,1497.189
9/11/2022 21:00,9/11/2022 17:00,SOUTH,837.548
9/11/2022 22:00,9/11/2022 18:00,SOUTH,265.737
9/11/2022 23:00,9/11/2022 19:00,SOUTH,3.09
9/12/2022 0:00,9/11/2022 20:00,SOUTH,-4.526
9/12/2022 1:00,9/11/2022 21:00,SOUTH,-4.439
9/12/2022 2:00,9/11/2022 22:00,SOUTH,-4.328
9/12/2022 3:00,9/11/2022 23:00,SOUTH,-4.4
9/12/2022 4:00,9/12/2022 0:00,SOUTH,-4.38
9/12/2022 5:00,9/12/2022 1:00,SOUTH,-4.412
9/12/2022 6:00,9/12/2022 2:00,SOUTH,-4.459
9/12/2022 7:00,9/12/2022 3:00,SOUTH,-4.446
9/12/2022 8:00,9/12/2022 4:00,SOUTH,-4.44
9/12/2022 9:00,9/12/2022 5:00,SOUTH,-4.391
9/12/2022 10:00,9/12/2022 6:00,SOUTH,-3.7
9/12/2022 11:00,9/12/2022 7:00,SOUTH,136.484
9/12/2022 12:00,9/12/2022 8:00,SOUTH,590.665
9/12/2022 13:00,9/12/2022 9:00,SOUTH,995.433
9/12/2022 14:00,9/12/2022 10:00,SOUTH,1540.71
9/12/2022 15:00,9/12/2022 11:00,SOUTH,1967.455
9/12/2022 16:00,9/12/2022 12:00,SOUTH,2116.745
9/12/2022 17:00,9/12/2022 13:00,SOUTH,2142.791
9/12/2022 18:00,9/12/2022 14:00,SOUTH,2020.387
9/12/2022 19:00,9/12/2022 15:00,SOUTH,1742.179
9/12/2022 20:00,9/12/2022 16:00,SOUTH,1584.95
9/12/2022 21:00,9/12/2022 17:00,SOUTH,1064.851
9/12/2022 22:00,9/12/2022 18:00,SOUTH,273.829
9/12/2022 23:00,9/12/2022 19:00,SOUTH,5.288
9/13/2022 0:00,9/12/2022 20:00,SOUTH,-4.443
9/13/2022 1:00,9/12/2022 21:00,SOUTH,-4.536
9/13/2022 2:00,9/12/2022 22:00,SOUTH,-4.378
9/13/2022 3:00,9/12/2022 23:00,SOUTH,-4.288
9/13/2022 4:00,9/13/2022 0:00,SOUTH,-4.411
9/13/2022 5:00,9/13/2022 1:00,SOUTH,-4.246
9/13/2022 6:00,9/13/2022 2:00,SOUTH,-4.476
9/13/2022 7:00,9/13/2022 3:00,SOUTH,-4.348
9/13/2022 8:00,9/13/2022 4:00,SOUTH,-4.441
9/13/2022 9:00,9/13/2022 5:00,SOUTH,-4.454
9/13/2022 10:00,9/13/2022 6:00,SOUTH,-3.708
9/13/2022 11:00,9/13/2022 7:00,SOUTH,171.432
9/13/2022 12:00,9/13/2022 8:00,SOUTH,904.236
9/13/2022 13:00,9/13/2022 9:00,SOUTH,1461.718
9/13/2022 14:00,9/13/2022 10:00,SOUTH,1662.798
9/13/2022 15:00,9/13/2022 11:00,SOUTH,2070.436
9/13/2022 16:00,9/13/2022 12:00,SOUTH,2232.89
9/13/2022 17:00,9/13/2022 13:00,SOUTH,2333.304
9/13/2022 18:00,9/13/2022 14:00,SOUTH,2463.965
9/13/2022 19:00,9/13/2022 15:00,SOUTH,2480.795
9/13/2022 20:00,9/13/2022 16:00,SOUTH,2333.056
9/13/2022 21:00,9/13/2022 17:00,SOUTH,1879.271
9/13/2022 22:00,9/13/2022 18:00,SOUTH,574.136
9/13/2022 23:00,9/13/2022 19:00,SOUTH,5.604
9/14/2022 0:00,9/13/2022 20:00,SOUTH,-4.472
9/14/2022 1:00,9/13/2022 21:00,SOUTH,-4.36
9/14/2022 2:00,9/13/2022 22:00,SOUTH,-4.294
9/14/2022 3:00,9/13/2022 23:00,SOUTH,-4.338
9/14/2022 4:00,9/14/2022 0:00,SOUTH,-4.096
9/14/2022 5:00,9/14/2022 1:00,SOUTH,-4.316
9/14/2022 6:00,9/14/2022 2:00,SOUTH,-4.41
9/14/2022 7:00,9/14/2022 3:00,SOUTH,-4.165
9/14/2022 8:00,9/14/2022 4:00,SOUTH,-4.416
9/14/2022 9:00,9/14/2022 5:00,SOUTH,-4.255
9/14/2022 10:00,9/14/2022 6:00,SOUTH,-2.408
9/14/2022 11:00,9/14/2022 7:00,SOUTH,370.886
9/14/2022 12:00,9/14/2022 8:00,SOUTH,1578.297
9/14/2022 13:00,9/14/2022 9:00,SOUTH,2396.792
9/14/2022 14:00,9/14/2022 10:00,SOUTH,2461.295
9/14/2022 15:00,9/14/2022 11:00,SOUTH,2432.495
9/14/2022 16:00,9/14/2022 12:00,SOUTH,2438.693
9/14/2022 17:00,9/14/2022 13:00,SOUTH,2392.232
9/14/2022 18:00,9/14/2022 14:00,SOUTH,2262.496
9/14/2022 19:00,9/14/2022 15:00,SOUTH,2289.855
9/14/2022 20:00,9/14/2022 16:00,SOUTH,2301.676
9/14/2022 21:00,9/14/2022 17:00,SOUTH,1815.56
9/14/2022 22:00,9/14/2022 18:00,SOUTH,545.849
9/14/2022 23:00,9/14/2022 19:00,SOUTH,4.888
9/15/2022 0:00,9/14/2022 20:00,SOUTH,-4.478
9/15/2022 1:00,9/14/2022 21:00,SOUTH,-4.324
9/15/2022 2:00,9/14/2022 22:00,SOUTH,-4.403
9/15/2022 3:00,9/14/2022 23:00,SOUTH,-4.324
9/15/2022 4:00,9/15/2022 0:00,SOUTH,-4.431
9/15/2022 5:00,9/15/2022 1:00,SOUTH,-4.38
9/15/2022 6:00,9/15/2022 2:00,SOUTH,-4.452
9/15/2022 7:00,9/15/2022 3:00,SOUTH,-4.342
9/15/2022 8:00,9/15/2022 4:00,SOUTH,-4.405
9/15/2022 9:00,9/15/2022 5:00,SOUTH,-4.348
9/15/2022 10:00,9/15/2022 6:00,SOUTH,44.236
9/15/2022 11:00,9/15/2022 7:00,SOUTH,228.312
9/15/2022 12:00,9/15/2022 8:00,SOUTH,1465.311
9/15/2022 13:00,9/15/2022 9:00,SOUTH,2260.254
9/15/2022 14:00,9/15/2022 10:00,SOUTH,2414.585
9/15/2022 15:00,9/15/2022 11:00,SOUTH,2417.515
9/15/2022 16:00,9/15/2022 12:00,SOUTH,2373.051
9/15/2022 17:00,9/15/2022 13:00,SOUTH,2264.036
9/15/2022 18:00,9/15/2022 14:00,SOUTH,2127.495
9/15/2022 19:00,9/15/2022 15:00,SOUTH,2084.939
9/15/2022 20:00,9/15/2022 16:00,SOUTH,1961.946
9/15/2022 21:00,9/15/2022 17:00,SOUTH,1395.277
9/15/2022 22:00,9/15/2022 18:00,SOUTH,367.69
9/15/2022 23:00,9/15/2022 19:00,SOUTH,1.509
9/16/2022 0:00,9/15/2022 20:00,SOUTH,-4.49
9/16/2022 1:00,9/15/2022 21:00,SOUTH,-4.158
9/16/2022 2:00,9/15/2022 22:00,SOUTH,-4.412
9/16/2022 3:00,9/15/2022 23:00,SOUTH,-4.343
9/16/2022 4:00,9/16/2022 0:00,SOUTH,-4.569
9/16/2022 5:00,9/16/2022 1:00,SOUTH,-4.36
9/16/2022 6:00,9/16/2022 2:00,SOUTH,-4.253
9/16/2022 7:00,9/16/2022 3:00,SOUTH,-4.341
9/16/2022 8:00,9/16/2022 4:00,SOUTH,-4.4
9/16/2022 9:00,9/16/2022 5:00,SOUTH,-4.464
9/16/2022 10:00,9/16/2022 6:00,SOUTH,-2.912
9/16/2022 11:00,9/16/2022 7:00,SOUTH,282.898
9/16/2022 12:00,9/16/2022 8:00,SOUTH,1445.936
9/16/2022 13:00,9/16/2022 9:00,SOUTH,2265.687
9/16/2022 14:00,9/16/2022 10:00,SOUTH,2429.733
9/16/2022 15:00,9/16/2022 11:00,SOUTH,2471.846
9/16/2022 16:00,9/16/2022 12:00,SOUTH,2424.72
9/16/2022 17:00,9/16/2022 13:00,SOUTH,2402.447
9/16/2022 18:00,9/16/2022 14:00,SOUTH,2467.38
9/16/2022 19:00,9/16/2022 15:00,SOUTH,2406.309
9/16/2022 20:00,9/16/2022 16:00,SOUTH,2272.186
9/16/2022 21:00,9/16/2022 17:00,SOUTH,1574.508
9/16/2022 22:00,9/16/2022 18:00,SOUTH,397.324
9/16/2022 23:00,9/16/2022 19:00,SOUTH,0.227
9/17/2022 0:00,9/16/2022 20:00,SOUTH,-4.595
9/17/2022 1:00,9/16/2022 21:00,SOUTH,-4.355
9/17/2022 2:00,9/16/2022 22:00,SOUTH,-4.387
9/17/2022 3:00,9/16/2022 23:00,SOUTH,-4.418
9/17/2022 4:00,9/17/2022 0:00,SOUTH,-4.422
9/17/2022 5:00,9/17/2022 1:00,SOUTH,-4.315
9/17/2022 6:00,9/17/2022 2:00,SOUTH,-4.494
9/17/2022 7:00,9/17/2022 3:00,SOUTH,-4.368
9/17/2022 8:00,9/17/2022 4:00,SOUTH,-4.329
9/17/2022 9:00,9/17/2022 5:00,SOUTH,-4.419
9/17/2022 10:00,9/17/2022 6:00,SOUTH,-3.198
9/17/2022 11:00,9/17/2022 7:00,SOUTH,264.441
9/17/2022 12:00,9/17/2022 8:00,SOUTH,1346.111
9/17/2022 13:00,9/17/2022 9:00,SOUTH,2133.024
9/17/2022 14:00,9/17/2022 10:00,SOUTH,2401.579
9/17/2022 15:00,9/17/2022 11:00,SOUTH,2478.924
9/17/2022 16:00,9/17/2022 12:00,SOUTH,2486.483
9/17/2022 17:00,9/17/2022 13:00,SOUTH,2509.618
9/17/2022 18:00,9/17/2022 14:00,SOUTH,2515.715
9/17/2022 19:00,9/17/2022 15:00,SOUTH,2455.648
9/17/2022 20:00,9/17/2022 16:00,SOUTH,2251.434
9/17/2022 21:00,9/17/2022 17:00,SOUTH,1501.722
9/17/2022 22:00,9/17/2022 18:00,SOUTH,370.258
9/17/2022 23:00,9/17/2022 19:00,SOUTH,-0.78
9/18/2022 0:00,9/17/2022 20:00,SOUTH,-4.557
9/18/2022 1:00,9/17/2022 21:00,SOUTH,-4.244
9/18/2022 2:00,9/17/2022 22:00,SOUTH,-4.426
9/18/2022 3:00,9/17/2022 23:00,SOUTH,-4.453
9/18/2022 4:00,9/18/2022 0:00,SOUTH,-3.277
9/18/2022 5:00,9/18/2022 1:00,SOUTH,-4.513
9/18/2022 6:00,9/18/2022 2:00,SOUTH,-4.402
9/18/2022 7:00,9/18/2022 3:00,SOUTH,-4.529
9/18/2022 8:00,9/18/2022 4:00,SOUTH,-4.337
9/18/2022 9:00,9/18/2022 5:00,SOUTH,-4.405
9/18/2022 10:00,9/18/2022 6:00,SOUTH,-3.571
9/18/2022 11:00,9/18/2022 7:00,SOUTH,236.472
9/18/2022 12:00,9/18/2022 8:00,SOUTH,1363.9
9/18/2022 13:00,9/18/2022 9:00,SOUTH,2293.697
9/18/2022 14:00,9/18/2022 10:00,SOUTH,2497.944
9/18/2022 15:00,9/18/2022 11:00,SOUTH,2383.458
9/18/2022 16:00,9/18/2022 12:00,SOUTH,2365.114
9/18/2022 17:00,9/18/2022 13:00,SOUTH,2338.331
9/18/2022 18:00,9/18/2022 14:00,SOUTH,2346.349
9/18/2022 19:00,9/18/2022 15:00,SOUTH,2362.195
9/18/2022 20:00,9/18/2022 16:00,SOUTH,2234.237
9/18/2022 21:00,9/18/2022 17:00,SOUTH,1496.466
9/18/2022 22:00,9/18/2022 18:00,SOUTH,357.094
9/18/2022 23:00,9/18/2022 19:00,SOUTH,-1.653
9/19/2022 0:00,9/18/2022 20:00,SOUTH,-4.473
9/19/2022 1:00,9/18/2022 21:00,SOUTH,-4.437
9/19/2022 2:00,9/18/2022 22:00,SOUTH,-4.254
9/19/2022 3:00,9/18/2022 23:00,SOUTH,-4.492
9/19/2022 4:00,9/19/2022 0:00,SOUTH,-4.362
9/19/2022 5:00,9/19/2022 1:00,SOUTH,-4.51
9/19/2022 6:00,9/19/2022 2:00,SOUTH,-4.326
9/19/2022 7:00,9/19/2022 3:00,SOUTH,-4.506
9/19/2022 8:00,9/19/2022 4:00,SOUTH,-4.372
9/19/2022 9:00,9/19/2022 5:00,SOUTH,-4.235
9/19/2022 10:00,9/19/2022 6:00,SOUTH,-3.839
9/19/2022 11:00,9/19/2022 7:00,SOUTH,233.808
9/19/2022 12:00,9/19/2022 8:00,SOUTH,1378.926
9/19/2022 13:00,9/19/2022 9:00,SOUTH,2285.061
9/19/2022 14:00,9/19/2022 10:00,SOUTH,2476.179
9/19/2022 15:00,9/19/2022 11:00,SOUTH,2445.519
9/19/2022 16:00,9/19/2022 12:00,SOUTH,2363.55
9/19/2022 17:00,9/19/2022 13:00,SOUTH,2274.773
9/19/2022 18:00,9/19/2022 14:00,SOUTH,2213.07
9/19/2022 19:00,9/19/2022 15:00,SOUTH,2107.819
9/19/2022 20:00,9/19/2022 16:00,SOUTH,1791.49
9/19/2022 21:00,9/19/2022 17:00,SOUTH,1232.436
9/19/2022 22:00,9/19/2022 18:00,SOUTH,277.585
9/19/2022 23:00,9/19/2022 19:00,SOUTH,-2.864
9/20/2022 0:00,9/19/2022 20:00,SOUTH,-4.582
9/20/2022 1:00,9/19/2022 21:00,SOUTH,-4.508
9/20/2022 2:00,9/19/2022 22:00,SOUTH,-4.234
9/20/2022 3:00,9/19/2022 23:00,SOUTH,-4.397
9/20/2022 4:00,9/20/2022 0:00,SOUTH,-4.352
9/20/2022 5:00,9/20/2022 1:00,SOUTH,-4.409
9/20/2022 6:00,9/20/2022 2:00,SOUTH,-4.41
9/20/2022 7:00,9/20/2022 3:00,SOUTH,-4.546
9/20/2022 8:00,9/20/2022 4:00,SOUTH,-4.288
9/20/2022 9:00,9/20/2022 5:00,SOUTH,-4.368
9/20/2022 10:00,9/20/2022 6:00,SOUTH,-3.852
9/20/2022 11:00,9/20/2022 7:00,SOUTH,248.437
9/20/2022 12:00,9/20/2022 8:00,SOUTH,1464.615
9/20/2022 13:00,9/20/2022 9:00,SOUTH,2307.568
9/20/2022 14:00,9/20/2022 10:00,SOUTH,2400.819
9/20/2022 15:00,9/20/2022 11:00,SOUTH,2380.473
9/20/2022 16:00,9/20/2022 12:00,SOUTH,2245.959
9/20/2022 17:00,9/20/2022 13:00,SOUTH,2134.136
9/20/2022 18:00,9/20/2022 14:00,SOUTH,2066.349
9/20/2022 19:00,9/20/2022 15:00,SOUTH,2206.957
9/20/2022 20:00,9/20/2022 16:00,SOUTH,2154.248
9/20/2022 21:00,9/20/2022 17:00,SOUTH,1472.429
9/20/2022 22:00,9/20/2022 18:00,SOUTH,350.966
9/20/2022 23:00,9/20/2022 19:00,SOUTH,-3.295
9/21/2022 0:00,9/20/2022 20:00,SOUTH,-4.591
9/21/2022 1:00,9/20/2022 21:00,SOUTH,-4.36
9/21/2022 2:00,9/20/2022 22:00,SOUTH,-4.214
9/21/2022 3:00,9/20/2022 23:00,SOUTH,-4.516
9/21/2022 4:00,9/21/2022 0:00,SOUTH,-4.336
9/21/2022 5:00,9/21/2022 1:00,SOUTH,-4.313
9/21/2022 6:00,9/21/2022 2:00,SOUTH,-4.446
9/21/2022 7:00,9/21/2022 3:00,SOUTH,-4.499
9/21/2022 8:00,9/21/2022 4:00,SOUTH,-4.277
9/21/2022 9:00,9/21/2022 5:00,SOUTH,-4.358
9/21/2022 10:00,9/21/2022 6:00,SOUTH,-4.081
9/21/2022 11:00,9/21/2022 7:00,SOUTH,218.91
9/21/2022 12:00,9/21/2022 8:00,SOUTH,1392.281
9/21/2022 13:00,9/21/2022 9:00,SOUTH,2261.827
9/21/2022 14:00,9/21/2022 10:00,SOUTH,2482.703
9/21/2022 15:00,9/21/2022 11:00,SOUTH,2483.382
9/21/2022 16:00,9/21/2022 12:00,SOUTH,2388.834
9/21/2022 17:00,9/21/2022 13:00,SOUTH,2394.407
9/21/2022 18:00,9/21/2022 14:00,SOUTH,2395.096
9/21/2022 19:00,9/21/2022 15:00,SOUTH,2369.439
9/21/2022 20:00,9/21/2022 16:00,SOUTH,2311.375
9/21/2022 21:00,9/21/2022 17:00,SOUTH,1543.423
9/21/2022 22:00,9/21/2022 18:00,SOUTH,329.314
9/21/2022 23:00,9/21/2022 19:00,SOUTH,-3.552
9/22/2022 0:00,9/21/2022 20:00,SOUTH,-4.566
9/22/2022 1:00,9/21/2022 21:00,SOUTH,-4.403
9/22/2022 2:00,9/21/2022 22:00,SOUTH,-4.336
9/22/2022 3:00,9/21/2022 23:00,SOUTH,-4.357
9/22/2022 4:00,9/22/2022 0:00,SOUTH,-4.338
9/22/2022 5:00,9/22/2022 1:00,SOUTH,-4.604
9/22/2022 6:00,9/22/2022 2:00,SOUTH,-4.341
9/22/2022 7:00,9/22/2022 3:00,SOUTH,-4.491
9/22/2022 8:00,9/22/2022 4:00,SOUTH,-4.41
9/22/2022 9:00,9/22/2022 5:00,SOUTH,-4.277
9/22/2022 10:00,9/22/2022 6:00,SOUTH,-4.109
9/22/2022 11:00,9/22/2022 7:00,SOUTH,249.657
9/22/2022 12:00,9/22/2022 8:00,SOUTH,1473.732
9/22/2022 13:00,9/22/2022 9:00,SOUTH,2209.769
9/22/2022 14:00,9/22/2022 10:00,SOUTH,2077.224
9/22/2022 15:00,9/22/2022 11:00,SOUTH,2075.975
9/22/2022 16:00,9/22/2022 12:00,SOUTH,1952.361
9/22/2022 17:00,9/22/2022 13:00,SOUTH,1785.28
9/22/2022 18:00,9/22/2022 14:00,SOUTH,1476.311
9/22/2022 19:00,9/22/2022 15:00,SOUTH,1424.908
9/22/2022 20:00,9/22/2022 16:00,SOUTH,1127.724
9/22/2022 21:00,9/22/2022 17:00,SOUTH,855.574
9/22/2022 22:00,9/22/2022 18:00,SOUTH,162.868
9/22/2022 23:00,9/22/2022 19:00,SOUTH,-3.77
9/23/2022 0:00,9/22/2022 20:00,SOUTH,-4.353
9/23/2022 1:00,9/22/2022 21:00,SOUTH,-4.246
9/23/2022 2:00,9/22/2022 22:00,SOUTH,-4.379
9/23/2022 3:00,9/22/2022 23:00,SOUTH,-4.284
9/23/2022 4:00,9/23/2022 0:00,SOUTH,-4.225
9/23/2022 5:00,9/23/2022 1:00,SOUTH,-4.206
9/23/2022 6:00,9/23/2022 2:00,SOUTH,-4.258
9/23/2022 7:00,9/23/2022 3:00,SOUTH,-4.308
9/23/2022 8:00,9/23/2022 4:00,SOUTH,-4.239
9/23/2022 9:00,9/23/2022 5:00,SOUTH,-4.329
9/23/2022 10:00,9/23/2022 6:00,SOUTH,-3.596
9/23/2022 11:00,9/23/2022 7:00,SOUTH,324.075
9/23/2022 12:00,9/23/2022 8:00,SOUTH,1735.445
9/23/2022 13:00,9/23/2022 9:00,SOUTH,2650.762
9/23/2022 14:00,9/23/2022 10:00,SOUTH,2739.624
9/23/2022 15:00,9/23/2022 11:00,SOUTH,2763.759
9/23/2022 16:00,9/23/2022 12:00,SOUTH,2746.455
9/23/2022 17:00,9/23/2022 13:00,SOUTH,2742.434
9/23/2022 18:00,9/23/2022 14:00,SOUTH,2756.449
9/23/2022 19:00,9/23/2022 15:00,SOUTH,2768.166
9/23/2022 20:00,9/23/2022 16:00,SOUTH,2696.563
9/23/2022 21:00,9/23/2022 17:00,SOUTH,1862.372
9/23/2022 22:00,9/23/2022 18:00,SOUTH,384.767
9/23/2022 23:00,9/23/2022 19:00,SOUTH,-3.981
9/24/2022 0:00,9/23/2022 20:00,SOUTH,-4.468
9/24/2022 1:00,9/23/2022 21:00,SOUTH,-4.384
9/24/2022 2:00,9/23/2022 22:00,SOUTH,-4.367
9/24/2022 3:00,9/23/2022 23:00,SOUTH,-4.477
9/24/2022 4:00,9/24/2022 0:00,SOUTH,-4.238
9/24/2022 5:00,9/24/2022 1:00,SOUTH,-4.308
9/24/2022 6:00,9/24/2022 2:00,SOUTH,-4.373
9/24/2022 7:00,9/24/2022 3:00,SOUTH,-4.277
9/24/2022 8:00,9/24/2022 4:00,SOUTH,-4.275
9/24/2022 9:00,9/24/2022 5:00,SOUTH,-4.516
9/24/2022 10:00,9/24/2022 6:00,SOUTH,-4.029
9/24/2022 11:00,9/24/2022 7:00,SOUTH,73.181
9/24/2022 12:00,9/24/2022 8:00,SOUTH,365.109
9/24/2022 13:00,9/24/2022 9:00,SOUTH,1119.434
9/24/2022 14:00,9/24/2022 10:00,SOUTH,1828.173
9/24/2022 15:00,9/24/2022 11:00,SOUTH,2362.732
9/24/2022 16:00,9/24/2022 12:00,SOUTH,2583.563
9/24/2022 17:00,9/24/2022 13:00,SOUTH,2471.501
9/24/2022 18:00,9/24/2022 14:00,SOUTH,2160.348
9/24/2022 19:00,9/24/2022 15:00,SOUTH,1883.432
9/24/2022 20:00,9/24/2022 16:00,SOUTH,1633.766
9/24/2022 21:00,9/24/2022 17:00,SOUTH,1356.418
9/24/2022 22:00,9/24/2022 18:00,SOUTH,259.133
9/24/2022 23:00,9/24/2022 19:00,SOUTH,-4.472
9/25/2022 0:00,9/24/2022 20:00,SOUTH,-4.413
9/25/2022 1:00,9/24/2022 21:00,SOUTH,-4.206
9/25/2022 2:00,9/24/2022 22:00,SOUTH,-4.328
9/25/2022 3:00,9/24/2022 23:00,SOUTH,-4.297
9/25/2022 4:00,9/25/2022 0:00,SOUTH,-4.442
9/25/2022 5:00,9/25/2022 1:00,SOUTH,-4.469
9/25/2022 6:00,9/25/2022 2:00,SOUTH,-4.325
9/25/2022 7:00,9/25/2022 3:00,SOUTH,-4.397
9/25/2022 8:00,9/25/2022 4:00,SOUTH,-4.166
9/25/2022 9:00,9/25/2022 5:00,SOUTH,-4.512
9/25/2022 10:00,9/25/2022 6:00,SOUTH,-4.089
9/25/2022 11:00,9/25/2022 7:00,SOUTH,213.378
9/25/2022 12:00,9/25/2022 8:00,SOUTH,1325.483
9/25/2022 13:00,9/25/2022 9:00,SOUTH,2130.981
9/25/2022 14:00,9/25/2022 10:00,SOUTH,2186.179
9/25/2022 15:00,9/25/2022 11:00,SOUTH,2399.048
9/25/2022 16:00,9/25/2022 12:00,SOUTH,2396.874
9/25/2022 17:00,9/25/2022 13:00,SOUTH,2403.463
9/25/2022 18:00,9/25/2022 14:00,SOUTH,2350.025
9/25/2022 19:00,9/25/2022 15:00,SOUTH,1699.8
9/25/2022 20:00,9/25/2022 16:00,SOUTH,1069.118
9/25/2022 21:00,9/25/2022 17:00,SOUTH,370.008
9/25/2022 22:00,9/25/2022 18:00,SOUTH,53.689
9/25/2022 23:00,9/25/2022 19:00,SOUTH,-4.57
9/26/2022 0:00,9/25/2022 20:00,SOUTH,-4.3
9/26/2022 1:00,9/25/2022 21:00,SOUTH,-4.432
9/26/2022 2:00,9/25/2022 22:00,SOUTH,-4.356
9/26/2022 3:00,9/25/2022 23:00,SOUTH,-4.204
9/26/2022 4:00,9/26/2022 0:00,SOUTH,-4.329
9/26/2022 5:00,9/26/2022 1:00,SOUTH,-4.013
9/26/2022 6:00,9/26/2022 2:00,SOUTH,-4.383
9/26/2022 7:00,9/26/2022 3:00,SOUTH,-4.111
9/26/2022 8:00,9/26/2022 4:00,SOUTH,-4.189
9/26/2022 9:00,9/26/2022 5:00,SOUTH,-4.04
9/26/2022 10:00,9/26/2022 6:00,SOUTH,-4.072
9/26/2022 11:00,9/26/2022 7:00,SOUTH,240.827
9/26/2022 12:00,9/26/2022 8:00,SOUTH,1567.236
9/26/2022 13:00,9/26/2022 9:00,SOUTH,2483.312
9/26/2022 14:00,9/26/2022 10:00,SOUTH,2606.215
9/26/2022 15:00,9/26/2022 11:00,SOUTH,2508.903
9/26/2022 16:00,9/26/2022 12:00,SOUTH,2438.441
9/26/2022 17:00,9/26/2022 13:00,SOUTH,2459.874
9/26/2022 18:00,9/26/2022 14:00,SOUTH,2468.406
9/26/2022 19:00,9/26/2022 15:00,SOUTH,2481.395
9/26/2022 20:00,9/26/2022 16:00,SOUTH,2161.243
9/26/2022 21:00,9/26/2022 17:00,SOUTH,1345.405
9/26/2022 22:00,9/26/2022 18:00,SOUTH,238.668
9/26/2022 23:00,9/26/2022 19:00,SOUTH,-4.779
9/27/2022 0:00,9/26/2022 20:00,SOUTH,-4.441
9/27/2022 1:00,9/26/2022 21:00,SOUTH,-4.282
9/27/2022 2:00,9/26/2022 22:00,SOUTH,-4.369
9/27/2022 3:00,9/26/2022 23:00,SOUTH,-4.43
9/27/2022 4:00,9/27/2022 0:00,SOUTH,-4.456
9/27/2022 5:00,9/27/2022 1:00,SOUTH,-4.486
9/27/2022 6:00,9/27/2022 2:00,SOUTH,-4.427
9/27/2022 7:00,9/27/2022 3:00,SOUTH,-4.384
9/27/2022 8:00,9/27/2022 4:00,SOUTH,-4.472
9/27/2022 9:00,9/27/2022 5:00,SOUTH,-4.415
9/27/2022 10:00,9/27/2022 6:00,SOUTH,-4.348
9/27/2022 11:00,9/27/2022 7:00,SOUTH,231.599
9/27/2022 12:00,9/27/2022 8:00,SOUTH,1485.846
9/27/2022 13:00,9/27/2022 9:00,SOUTH,2490.278
9/27/2022 14:00,9/27/2022 10:00,SOUTH,2600.466
9/27/2022 15:00,9/27/2022 11:00,SOUTH,2569.61
9/27/2022 16:00,9/27/2022 12:00,SOUTH,2538.552
9/27/2022 17:00,9/27/2022 13:00,SOUTH,2590.056
9/27/2022 18:00,9/27/2022 14:00,SOUTH,2598.464
9/27/2022 19:00,9/27/2022 15:00,SOUTH,2506.136
9/27/2022 20:00,9/27/2022 16:00,SOUTH,2210.125
9/27/2022 21:00,9/27/2022 17:00,SOUTH,1390.558
9/27/2022 22:00,9/27/2022 18:00,SOUTH,235.396
9/27/2022 23:00,9/27/2022 19:00,SOUTH,-4.2
9/28/2022 0:00,9/27/2022 20:00,SOUTH,-4.529
9/28/2022 1:00,9/27/2022 21:00,SOUTH,-4.468
9/28/2022 2:00,9/27/2022 22:00,SOUTH,-4.306
9/28/2022 3:00,9/27/2022 23:00,SOUTH,-4.471
9/28/2022 4:00,9/28/2022 0:00,SOUTH,-4.285
9/28/2022 5:00,9/28/2022 1:00,SOUTH,-4.55
9/28/2022 6:00,9/28/2022 2:00,SOUTH,-4.366
9/28/2022 7:00,9/28/2022 3:00,SOUTH,-4.442
9/28/2022 8:00,9/28/2022 4:00,SOUTH,-4.359
9/28/2022 9:00,9/28/2022 5:00,SOUTH,-4.466
9/28/2022 10:00,9/28/2022 6:00,SOUTH,-4.259
9/28/2022 11:00,9/28/2022 7:00,SOUTH,203.718
9/28/2022 12:00,9/28/2022 8:00,SOUTH,1306.955
9/28/2022 13:00,9/28/2022 9:00,SOUTH,2238.338
9/28/2022 14:00,9/28/2022 10:00,SOUTH,2507.439
9/28/2022 15:00,9/28/2022 11:00,SOUTH,2598.85
9/28/2022 16:00,9/28/2022 12:00,SOUTH,2574.457
9/28/2022 17:00,9/28/2022 13:00,SOUTH,2456.662
9/28/2022 18:00,9/28/2022 14:00,SOUTH,2356.204
9/28/2022 19:00,9/28/2022 15:00,SOUTH,2379.502
9/28/2022 20:00,9/28/2022 16:00,SOUTH,2075.196
9/28/2022 21:00,9/28/2022 17:00,SOUTH,1066.699
9/28/2022 22:00,9/28/2022 18:00,SOUTH,155.166
9/28/2022 23:00,9/28/2022 19:00,SOUTH,-4.214
9/29/2022 0:00,9/28/2022 20:00,SOUTH,-4.54
9/29/2022 1:00,9/28/2022 21:00,SOUTH,-4.368
9/29/2022 2:00,9/28/2022 22:00,SOUTH,-4.562
9/29/2022 3:00,9/28/2022 23:00,SOUTH,-4.462
9/29/2022 4:00,9/29/2022 0:00,SOUTH,-4.393
9/29/2022 5:00,9/29/2022 1:00,SOUTH,-4.479
9/29/2022 6:00,9/29/2022 2:00,SOUTH,-4.368
9/29/2022 7:00,9/29/2022 3:00,SOUTH,-4.5
9/29/2022 8:00,9/29/2022 4:00,SOUTH,-4.431
9/29/2022 9:00,9/29/2022 5:00,SOUTH,-4.419
9/29/2022 10:00,9/29/2022 6:00,SOUTH,-4.282
9/29/2022 11:00,9/29/2022 7:00,SOUTH,120.66
9/29/2022 12:00,9/29/2022 8:00,SOUTH,893.851
9/29/2022 13:00,9/29/2022 9:00,SOUTH,1369.61
9/29/2022 14:00,9/29/2022 10:00,SOUTH,1509.98
9/29/2022 15:00,9/29/2022 11:00,SOUTH,1797.162
9/29/2022 16:00,9/29/2022 12:00,SOUTH,1777.048
9/29/2022 17:00,9/29/2022 13:00,SOUTH,1566.488
9/29/2022 18:00,9/29/2022 14:00,SOUTH,1415.74
9/29/2022 19:00,9/29/2022 15:00,SOUTH,1070.454
9/29/2022 20:00,9/29/2022 16:00,SOUTH,737.943
9/29/2022 21:00,9/29/2022 17:00,SOUTH,370.829
9/29/2022 22:00,9/29/2022 18:00,SOUTH,61.998
9/29/2022 23:00,9/29/2022 19:00,SOUTH,-4.143
9/30/2022 0:00,9/29/2022 20:00,SOUTH,-4.4
9/30/2022 1:00,9/29/2022 21:00,SOUTH,-4.613
9/30/2022 2:00,9/29/2022 22:00,SOUTH,-4.345
9/30/2022 3:00,9/29/2022 23:00,SOUTH,-4.469
9/30/2022 4:00,9/30/2022 0:00,SOUTH,-4.369
9/30/2022 5:00,9/30/2022 1:00,SOUTH,-4.345
9/30/2022 6:00,9/30/2022 2:00,SOUTH,-4.588
9/30/2022 7:00,9/30/2022 3:00,SOUTH,-4.371
9/30/2022 8:00,9/30/2022 4:00,SOUTH,-4.409
9/30/2022 9:00,9/30/2022 5:00,SOUTH,-4.217
9/30/2022 10:00,9/30/2022 6:00,SOUTH,-4.051
9/30/2022 11:00,9/30/2022 7:00,SOUTH,6.153
9/30/2022 12:00,9/30/2022 8:00,SOUTH,60.952
9/30/2022 13:00,9/30/2022 9:00,SOUTH,135.693
9/30/2022 14:00,9/30/2022 10:00,SOUTH,216.443
9/30/2022 15:00,9/30/2022 11:00,SOUTH,279.721
9/30/2022 16:00,9/30/2022 12:00,SOUTH,247.06
9/30/2022 17:00,9/30/2022 13:00,SOUTH,273.284
9/30/2022 18:00,9/30/2022 14:00,SOUTH,251.338
9/30/2022 19:00,9/30/2022 15:00,SOUTH,182.859
9/30/2022 20:00,9/30/2022 16:00,SOUTH,97.244
9/30/2022 21:00,9/30/2022 17:00,SOUTH,41.299
9/30/2022 22:00,9/30/2022 18:00,SOUTH,-0.129
9/30/2022 23:00,9/30/2022 19:00,SOUTH,-3.896
10/1/2022 0:00,9/30/2022 20:00,SOUTH,-4.014
10/1/2022 1:00,9/30/2022 21:00,SOUTH,-3.812
10/1/2022 2:00,9/30/2022 22:00,SOUTH,-4.037
10/1/2022 3:00,9/30/2022 23:00,SOUTH,-3.847
10/1/2022 4:00,10/1/2022 0:00,SOUTH,-3.865
10/1/2022 5:00,10/1/2022 1:00,SOUTH,-4.002
10/1/2022 6:00,10/1/2022 2:00,SOUTH,-3.891
10/1/2022 7:00,10/1/2022 3:00,SOUTH,-3.909
10/1/2022 8:00,10/1/2022 4:00,SOUTH,-3.83
10/1/2022 9:00,10/1/2022 5:00,SOUTH,-3.89
10/1/2022 10:00,10/1/2022 6:00,SOUTH,-3.751
10/1/2022 11:00,10/1/2022 7:00,SOUTH,22.704
10/1/2022 12:00,10/1/2022 8:00,SOUTH,205.421
10/1/2022 13:00,10/1/2022 9:00,SOUTH,424.522
10/1/2022 14:00,10/1/2022 10:00,SOUTH,557.586
10/1/2022 15:00,10/1/2022 11:00,SOUTH,716.115
10/1/2022 16:00,10/1/2022 12:00,SOUTH,927.52
10/1/2022 17:00,10/1/2022 13:00,SOUTH,897.188
10/1/2022 18:00,10/1/2022 14:00,SOUTH,851.384
10/1/2022 19:00,10/1/2022 15:00,SOUTH,675.905
10/1/2022 20:00,10/1/2022 16:00,SOUTH,514.81
10/1/2022 21:00,10/1/2022 17:00,SOUTH,301.999
10/1/2022 22:00,10/1/2022 18:00,SOUTH,39.822
10/1/2022 23:00,10/1/2022 19:00,SOUTH,-4.374
10/2/2022 0:00,10/1/2022 20:00,SOUTH,-4.078
10/2/2022 1:00,10/1/2022 21:00,SOUTH,-4.316
10/2/2022 2:00,10/1/2022 22:00,SOUTH,-4.144
10/2/2022 3:00,10/1/2022 23:00,SOUTH,-4.171
10/2/2022 4:00,10/2/2022 0:00,SOUTH,-4.38
10/2/2022 5:00,10/2/2022 1:00,SOUTH,-4.11
10/2/2022 6:00,10/2/2022 2:00,SOUTH,-4.211
10/2/2022 7:00,10/2/2022 3:00,SOUTH,-4.162
10/2/2022 8:00,10/2/2022 4:00,SOUTH,-4.331
10/2/2022 9:00,10/2/2022 5:00,SOUTH,-4.169
10/2/2022 10:00,10/2/2022 6:00,SOUTH,-4.1
10/2/2022 11:00,10/2/2022 7:00,SOUTH,16.018
10/2/2022 12:00,10/2/2022 8:00,SOUTH,146.158
10/2/2022 13:00,10/2/2022 9:00,SOUTH,357.066
10/2/2022 14:00,10/2/2022 10:00,SOUTH,676.515
10/2/2022 15:00,10/2/2022 11:00,SOUTH,884.188
10/2/2022 16:00,10/2/2022 12:00,SOUTH,1056.316
10/2/2022 17:00,10/2/2022 13:00,SOUTH,966.106
10/2/2022 18:00,10/2/2022 14:00,SOUTH,688.383
10/2/2022 19:00,10/2/2022 15:00,SOUTH,444.335
10/2/2022 20:00,10/2/2022 16:00,SOUTH,269.631
10/2/2022 21:00,10/2/2022 17:00,SOUTH,112.374
10/2/2022 22:00,10/2/2022 18:00,SOUTH,5.169
10/2/2022 23:00,10/2/2022 19:00,SOUTH,-4.314
10/3/2022 0:00,10/2/2022 20:00,SOUTH,-4.269
10/3/2022 1:00,10/2/2022 21:00,SOUTH,-4.16
10/3/2022 2:00,10/2/2022 22:00,SOUTH,-4.174
10/3/2022 3:00,10/2/2022 23:00,SOUTH,-4.285
10/3/2022 4:00,10/3/2022 0:00,SOUTH,-4.16
10/3/2022 5:00,10/3/2022 1:00,SOUTH,-4.231
10/3/2022 6:00,10/3/2022 2:00,SOUTH,-4.252
10/3/2022 7:00,10/3/2022 3:00,SOUTH,-4.282
10/3/2022 8:00,10/3/2022 4:00,SOUTH,-4.187
10/3/2022 9:00,10/3/2022 5:00,SOUTH,-4.239
10/3/2022 10:00,10/3/2022 6:00,SOUTH,-3.986
10/3/2022 11:00,10/3/2022 7:00,SOUTH,20.373
10/3/2022 12:00,10/3/2022 8:00,SOUTH,178.474
10/3/2022 13:00,10/3/2022 9:00,SOUTH,463.158
10/3/2022 14:00,10/3/2022 10:00,SOUTH,641.212
10/3/2022 15:00,10/3/2022 11:00,SOUTH,840.6
10/3/2022 16:00,10/3/2022 12:00,SOUTH,933.085
10/3/2022 17:00,10/3/2022 13:00,SOUTH,915.416
10/3/2022 18:00,10/3/2022 14:00,SOUTH,724.421
10/3/2022 19:00,10/3/2022 15:00,SOUTH,490.422
10/3/2022 20:00,10/3/2022 16:00,SOUTH,328.175
10/3/2022 21:00,10/3/2022 17:00,SOUTH,180.68
10/3/2022 22:00,10/3/2022 18:00,SOUTH,28.489
10/3/2022 23:00,10/3/2022 19:00,SOUTH,-4.325
10/4/2022 0:00,10/3/2022 20:00,SOUTH,-4.231
10/4/2022 1:00,10/3/2022 21:00,SOUTH,-4.192
10/4/2022 2:00,10/3/2022 22:00,SOUTH,-4.226
10/4/2022 3:00,10/3/2022 23:00,SOUTH,-4.22
10/4/2022 4:00,10/4/2022 0:00,SOUTH,-4.017
10/4/2022 5:00,10/4/2022 1:00,SOUTH,-4.219
10/4/2022 6:00,10/4/2022 2:00,SOUTH,-4.243
10/4/2022 7:00,10/4/2022 3:00,SOUTH,-4.095
10/4/2022 8:00,10/4/2022 4:00,SOUTH,-4.105
10/4/2022 9:00,10/4/2022 5:00,SOUTH,-4.215
10/4/2022 10:00,10/4/2022 6:00,SOUTH,-4.022
10/4/2022 11:00,10/4/2022 7:00,SOUTH,52.509
10/4/2022 12:00,10/4/2022 8:00,SOUTH,531.852
10/4/2022 13:00,10/4/2022 9:00,SOUTH,1159.441
10/4/2022 14:00,10/4/2022 10:00,SOUTH,1315.097
10/4/2022 15:00,10/4/2022 11:00,SOUTH,1225.026
10/4/2022 16:00,10/4/2022 12:00,SOUTH,1087.64
10/4/2022 17:00,10/4/2022 13:00,SOUTH,972.053
10/4/2022 18:00,10/4/2022 14:00,SOUTH,813.542
10/4/2022 19:00,10/4/2022 15:00,SOUTH,664.576
10/4/2022 20:00,10/4/2022 16:00,SOUTH,384.386
10/4/2022 21:00,10/4/2022 17:00,SOUTH,180.398
10/4/2022 22:00,10/4/2022 18:00,SOUTH,22.483
10/4/2022 23:00,10/4/2022 19:00,SOUTH,-4.224
10/5/2022 0:00,10/4/2022 20:00,SOUTH,-4.269
10/5/2022 1:00,10/4/2022 21:00,SOUTH,-4.147
10/5/2022 2:00,10/4/2022 22:00,SOUTH,-4.124
10/5/2022 3:00,10/4/2022 23:00,SOUTH,-4.264
10/5/2022 4:00,10/5/2022 0:00,SOUTH,-4.153
10/5/2022 5:00,10/5/2022 1:00,SOUTH,-4.119
10/5/2022 6:00,10/5/2022 2:00,SOUTH,-4.24
10/5/2022 7:00,10/5/2022 3:00,SOUTH,-4.131
10/5/2022 8:00,10/5/2022 4:00,SOUTH,-4.138
10/5/2022 9:00,10/5/2022 5:00,SOUTH,-4.085
10/5/2022 10:00,10/5/2022 6:00,SOUTH,-4.227
10/5/2022 11:00,10/5/2022 7:00,SOUTH,56.032
10/5/2022 12:00,10/5/2022 8:00,SOUTH,471.175
10/5/2022 13:00,10/5/2022 9:00,SOUTH,830.268
10/5/2022 14:00,10/5/2022 10:00,SOUTH,1049.22
10/5/2022 15:00,10/5/2022 11:00,SOUTH,1233.429
10/5/2022 16:00,10/5/2022 12:00,SOUTH,1138.15
10/5/2022 17:00,10/5/2022 13:00,SOUTH,1247.255
10/5/2022 18:00,10/5/2022 14:00,SOUTH,1332.676
10/5/2022 19:00,10/5/2022 15:00,SOUTH,1320.277
10/5/2022 20:00,10/5/2022 16:00,SOUTH,1228.366
10/5/2022 21:00,10/5/2022 17:00,SOUTH,788.26
10/5/2022 22:00,10/5/2022 18:00,SOUTH,84.926
10/5/2022 23:00,10/5/2022 19:00,SOUTH,-4.172
10/6/2022 0:00,10/5/2022 20:00,SOUTH,-4.25
10/6/2022 1:00,10/5/2022 21:00,SOUTH,-4.057
10/6/2022 2:00,10/5/2022 22:00,SOUTH,-4.211
10/6/2022 3:00,10/5/2022 23:00,SOUTH,-4.146
10/6/2022 4:00,10/6/2022 0:00,SOUTH,-4.015
10/6/2022 5:00,10/6/2022 1:00,SOUTH,-4.303
10/6/2022 6:00,10/6/2022 2:00,SOUTH,-4.044
10/6/2022 7:00,10/6/2022 3:00,SOUTH,-4.224
10/6/2022 8:00,10/6/2022 4:00,SOUTH,-4.17
10/6/2022 9:00,10/6/2022 5:00,SOUTH,-4.105
10/6/2022 10:00,10/6/2022 6:00,SOUTH,-4.199
10/6/2022 11:00,10/6/2022 7:00,SOUTH,140.708
10/6/2022 12:00,10/6/2022 8:00,SOUTH,1301.437
10/6/2022 13:00,10/6/2022 9:00,SOUTH,2121.648
10/6/2022 14:00,10/6/2022 10:00,SOUTH,2096.275
10/6/2022 15:00,10/6/2022 11:00,SOUTH,2042.523
10/6/2022 16:00,10/6/2022 12:00,SOUTH,2077.713
10/6/2022 17:00,10/6/2022 13:00,SOUTH,2072.522
10/6/2022 18:00,10/6/2022 14:00,SOUTH,2115.182
10/6/2022 19:00,10/6/2022 15:00,SOUTH,2096.392
10/6/2022 20:00,10/6/2022 16:00,SOUTH,1903.073
10/6/2022 21:00,10/6/2022 17:00,SOUTH,1118.169
10/6/2022 22:00,10/6/2022 18:00,SOUTH,99.574
10/6/2022 23:00,10/6/2022 19:00,SOUTH,-4.545
10/7/2022 0:00,10/6/2022 20:00,SOUTH,-4.525
10/7/2022 1:00,10/6/2022 21:00,SOUTH,-4.513
10/7/2022 2:00,10/6/2022 22:00,SOUTH,-4.454
10/7/2022 3:00,10/6/2022 23:00,SOUTH,-4.376
10/7/2022 4:00,10/7/2022 0:00,SOUTH,-4.379
10/7/2022 5:00,10/7/2022 1:00,SOUTH,-4.45
10/7/2022 6:00,10/7/2022 2:00,SOUTH,-4.402
10/7/2022 7:00,10/7/2022 3:00,SOUTH,-4.467
10/7/2022 8:00,10/7/2022 4:00,SOUTH,-4.354
10/7/2022 9:00,10/7/2022 5:00,SOUTH,-4.414
10/7/2022 10:00,10/7/2022 6:00,SOUTH,-4.289
10/7/2022 11:00,10/7/2022 7:00,SOUTH,154.187
10/7/2022 12:00,10/7/2022 8:00,SOUTH,1364.763
10/7/2022 13:00,10/7/2022 9:00,SOUTH,2415.746
10/7/2022 14:00,10/7/2022 10:00,SOUTH,2501.21
10/7/2022 15:00,10/7/2022 11:00,SOUTH,2504.731
10/7/2022 16:00,10/7/2022 12:00,SOUTH,2476.477
10/7/2022 17:00,10/7/2022 13:00,SOUTH,2464.234
10/7/2022 18:00,10/7/2022 14:00,SOUTH,2502.717
10/7/2022 19:00,10/7/2022 15:00,SOUTH,2509.499
10/7/2022 20:00,10/7/2022 16:00,SOUTH,2207.517
10/7/2022 21:00,10/7/2022 17:00,SOUTH,1013.851
10/7/2022 22:00,10/7/2022 18:00,SOUTH,79.86
10/7/2022 23:00,10/7/2022 19:00,SOUTH,-4.832
10/8/2022 0:00,10/7/2022 20:00,SOUTH,-4.466
10/8/2022 1:00,10/7/2022 21:00,SOUTH,-4.508
10/8/2022 2:00,10/7/2022 22:00,SOUTH,-4.371
10/8/2022 3:00,10/7/2022 23:00,SOUTH,-4.391
10/8/2022 4:00,10/8/2022 0:00,SOUTH,-4.353
10/8/2022 5:00,10/8/2022 1:00,SOUTH,-4.417
10/8/2022 6:00,10/8/2022 2:00,SOUTH,-4.393
10/8/2022 7:00,10/8/2022 3:00,SOUTH,-4.461
10/8/2022 8:00,10/8/2022 4:00,SOUTH,-4.369
10/8/2022 9:00,10/8/2022 5:00,SOUTH,-4.522
10/8/2022 10:00,10/8/2022 6:00,SOUTH,-4.419
10/8/2022 11:00,10/8/2022 7:00,SOUTH,121.939
10/8/2022 12:00,10/8/2022 8:00,SOUTH,1052.378
10/8/2022 13:00,10/8/2022 9:00,SOUTH,1825.709
10/8/2022 14:00,10/8/2022 10:00,SOUTH,1844.852
10/8/2022 15:00,10/8/2022 11:00,SOUTH,1875.746
10/8/2022 16:00,10/8/2022 12:00,SOUTH,1875.177
10/8/2022 17:00,10/8/2022 13:00,SOUTH,2002.207
10/8/2022 18:00,10/8/2022 14:00,SOUTH,2014.635
10/8/2022 19:00,10/8/2022 15:00,SOUTH,2129.07
10/8/2022 20:00,10/8/2022 16:00,SOUTH,2130.382
10/8/2022 21:00,10/8/2022 17:00,SOUTH,1066.74
10/8/2022 22:00,10/8/2022 18:00,SOUTH,95.207
10/8/2022 23:00,10/8/2022 19:00,SOUTH,-4.57
10/9/2022 0:00,10/8/2022 20:00,SOUTH,-4.323
10/9/2022 1:00,10/8/2022 21:00,SOUTH,-4.494
10/9/2022 2:00,10/8/2022 22:00,SOUTH,-4.536
10/9/2022 3:00,10/8/2022 23:00,SOUTH,-4.531
10/9/2022 4:00,10/9/2022 0:00,SOUTH,-4.243
10/9/2022 5:00,10/9/2022 1:00,SOUTH,-4.431
10/9/2022 6:00,10/9/2022 2:00,SOUTH,-4.379
10/9/2022 7:00,10/9/2022 3:00,SOUTH,-4.356
10/9/2022 8:00,10/9/2022 4:00,SOUTH,-4.538
10/9/2022 9:00,10/9/2022 5:00,SOUTH,-4.356
10/9/2022 10:00,10/9/2022 6:00,SOUTH,-4.411
10/9/2022 11:00,10/9/2022 7:00,SOUTH,158.981
10/9/2022 12:00,10/9/2022 8:00,SOUTH,1424.188
10/9/2022 13:00,10/9/2022 9:00,SOUTH,2341.601
10/9/2022 14:00,10/9/2022 10:00,SOUTH,2602.576
10/9/2022 15:00,10/9/2022 11:00,SOUTH,2621.286
10/9/2022 16:00,10/9/2022 12:00,SOUTH,2573.629
10/9/2022 17:00,10/9/2022 13:00,SOUTH,2572.21
10/9/2022 18:00,10/9/2022 14:00,SOUTH,2622.853
10/9/2022 19:00,10/9/2022 15:00,SOUTH,2653.203
10/9/2022 20:00,10/9/2022 16:00,SOUTH,2401.935
10/9/2022 21:00,10/9/2022 17:00,SOUTH,1180.59
10/9/2022 22:00,10/9/2022 18:00,SOUTH,84.617
10/9/2022 23:00,10/9/2022 19:00,SOUTH,-4.574
10/10/2022 0:00,10/9/2022 20:00,SOUTH,-4.422
10/10/2022 1:00,10/9/2022 21:00,SOUTH,-4.474
10/10/2022 2:00,10/9/2022 22:00,SOUTH,-4.417
10/10/2022 3:00,10/9/2022 23:00,SOUTH,-4.487
10/10/2022 4:00,10/10/2022 0:00,SOUTH,-4.356
10/10/2022 5:00,10/10/2022 1:00,SOUTH,-4.447
10/10/2022 6:00,10/10/2022 2:00,SOUTH,-4.303
10/10/2022 7:00,10/10/2022 3:00,SOUTH,-4.586
10/10/2022 8:00,10/10/2022 4:00,SOUTH,-4.345
10/10/2022 9:00,10/10/2022 5:00,SOUTH,-4.477
10/10/2022 10:00,10/10/2022 6:00,SOUTH,-4.266
10/10/2022 11:00,10/10/2022 7:00,SOUTH,98.482
10/10/2022 12:00,10/10/2022 8:00,SOUTH,999.969
10/10/2022 13:00,10/10/2022 9:00,SOUTH,1866.048
10/10/2022 14:00,10/10/2022 10:00,SOUTH,2162.364
10/10/2022 15:00,10/10/2022 11:00,SOUTH,2253.201
10/10/2022 16:00,10/10/2022 12:00,SOUTH,2308.217
10/10/2022 17:00,10/10/2022 13:00,SOUTH,2294.088
10/10/2022 18:00,10/10/2022 14:00,SOUTH,2246.399
10/10/2022 19:00,10/10/2022 15:00,SOUTH,2255.126
10/10/2022 20:00,10/10/2022 16:00,SOUTH,2065.759
10/10/2022 21:00,10/10/2022 17:00,SOUTH,1004.084
10/10/2022 22:00,10/10/2022 18:00,SOUTH,70.521
10/10/2022 23:00,10/10/2022 19:00,SOUTH,-4.712
10/11/2022 0:00,10/10/2022 20:00,SOUTH,-4.25
10/11/2022 1:00,10/10/2022 21:00,SOUTH,-4.331
10/11/2022 2:00,10/10/2022 22:00,SOUTH,-4.389
10/11/2022 3:00,10/10/2022 23:00,SOUTH,-4.379
10/11/2022 4:00,10/11/2022 0:00,SOUTH,-4.537
10/11/2022 5:00,10/11/2022 1:00,SOUTH,-4.25
10/11/2022 6:00,10/11/2022 2:00,SOUTH,-4.479
10/11/2022 7:00,10/11/2022 3:00,SOUTH,-4.181
10/11/2022 8:00,10/11/2022 4:00,SOUTH,-4.42
10/11/2022 9:00,10/11/2022 5:00,SOUTH,-4.436
10/11/2022 10:00,10/11/2022 6:00,SOUTH,-4.35
10/11/2022 11:00,10/11/2022 7:00,SOUTH,128.646
10/11/2022 12:00,10/11/2022 8:00,SOUTH,1316.926
10/11/2022 13:00,10/11/2022 9:00,SOUTH,2413.26
10/11/2022 14:00,10/11/2022 10:00,SOUTH,2544.351
10/11/2022 15:00,10/11/2022 11:00,SOUTH,2523.737
10/11/2022 16:00,10/11/2022 12:00,SOUTH,2441.531
10/11/2022 17:00,10/11/2022 13:00,SOUTH,2404.962
10/11/2022 18:00,10/11/2022 14:00,SOUTH,2323.789
10/11/2022 19:00,10/11/2022 15:00,SOUTH,2197.389
10/11/2022 20:00,10/11/2022 16:00,SOUTH,1898.579
10/11/2022 21:00,10/11/2022 17:00,SOUTH,892.391
10/11/2022 22:00,10/11/2022 18:00,SOUTH,66.748
10/11/2022 23:00,10/11/2022 19:00,SOUTH,-4.607
10/12/2022 0:00,10/11/2022 20:00,SOUTH,-4.439
10/12/2022 1:00,10/11/2022 21:00,SOUTH,-4.533
10/12/2022 2:00,10/11/2022 22:00,SOUTH,-4.186
10/12/2022 3:00,10/11/2022 23:00,SOUTH,-4.491
10/12/2022 4:00,10/12/2022 0:00,SOUTH,-4.319
10/12/2022 5:00,10/12/2022 1:00,SOUTH,-4.335
10/12/2022 6:00,10/12/2022 2:00,SOUTH,-4.5
10/12/2022 7:00,10/12/2022 3:00,SOUTH,-4.256
10/12/2022 8:00,10/12/2022 4:00,SOUTH,-4.429
10/12/2022 9:00,10/12/2022 5:00,SOUTH,-4.302
10/12/2022 10:00,10/12/2022 6:00,SOUTH,-4.584
10/12/2022 11:00,10/12/2022 7:00,SOUTH,107.757
10/12/2022 12:00,10/12/2022 8:00,SOUTH,1060.82
10/12/2022 13:00,10/12/2022 9:00,SOUTH,1920.361
10/12/2022 14:00,10/12/2022 10:00,SOUTH,2135.544
10/12/2022 15:00,10/12/2022 11:00,SOUTH,2191.632
10/12/2022 16:00,10/12/2022 12:00,SOUTH,2218.674
10/12/2022 17:00,10/12/2022 13:00,SOUTH,2036.321
10/12/2022 18:00,10/12/2022 14:00,SOUTH,1846.489
10/12/2022 19:00,10/12/2022 15:00,SOUTH,1565.557
10/12/2022 20:00,10/12/2022 16:00,SOUTH,863.793
10/12/2022 21:00,10/12/2022 17:00,SOUTH,422.14
10/12/2022 22:00,10/12/2022 18:00,SOUTH,21.397
10/12/2022 23:00,10/12/2022 19:00,SOUTH,-4.352
10/13/2022 0:00,10/12/2022 20:00,SOUTH,-4.266
10/13/2022 1:00,10/12/2022 21:00,SOUTH,-4.36
10/13/2022 2:00,10/12/2022 22:00,SOUTH,-4.284
10/13/2022 3:00,10/12/2022 23:00,SOUTH,-4.424
10/13/2022 4:00,10/13/2022 0:00,SOUTH,-4.179
10/13/2022 5:00,10/13/2022 1:00,SOUTH,-4.373
10/13/2022 6:00,10/13/2022 2:00,SOUTH,-4.276
10/13/2022 7:00,10/13/2022 3:00,SOUTH,-4.416
10/13/2022 8:00,10/13/2022 4:00,SOUTH,-4.222
10/13/2022 9:00,10/13/2022 5:00,SOUTH,-4.331
10/13/2022 10:00,10/13/2022 6:00,SOUTH,-4.205
10/13/2022 11:00,10/13/2022 7:00,SOUTH,4.382
10/13/2022 12:00,10/13/2022 8:00,SOUTH,84.807
10/13/2022 13:00,10/13/2022 9:00,SOUTH,268.191
10/13/2022 14:00,10/13/2022 10:00,SOUTH,472.055
10/13/2022 15:00,10/13/2022 11:00,SOUTH,792.822
10/13/2022 16:00,10/13/2022 12:00,SOUTH,991.431
10/13/2022 17:00,10/13/2022 13:00,SOUTH,1154.267
10/13/2022 18:00,10/13/2022 14:00,SOUTH,1261.787
10/13/2022 19:00,10/13/2022 15:00,SOUTH,1284.921
10/13/2022 20:00,10/13/2022 16:00,SOUTH,984.836
10/13/2022 21:00,10/13/2022 17:00,SOUTH,471.846
10/13/2022 22:00,10/13/2022 18:00,SOUTH,34.057
10/13/2022 23:00,10/13/2022 19:00,SOUTH,-4.433
10/14/2022 0:00,10/13/2022 20:00,SOUTH,-4.404
10/14/2022 1:00,10/13/2022 21:00,SOUTH,-4.435
10/14/2022 2:00,10/13/2022 22:00,SOUTH,-4.145
10/14/2022 3:00,10/13/2022 23:00,SOUTH,-4.371
10/14/2022 4:00,10/14/2022 0:00,SOUTH,-4.406
10/14/2022 5:00,10/14/2022 1:00,SOUTH,-4.311
10/14/2022 6:00,10/14/2022 2:00,SOUTH,-4.449
10/14/2022 7:00,10/14/2022 3:00,SOUTH,-4.286
10/14/2022 8:00,10/14/2022 4:00,SOUTH,-4.25
10/14/2022 9:00,10/14/2022 5:00,SOUTH,-4.439
10/14/2022 10:00,10/14/2022 6:00,SOUTH,-4.325
10/14/2022 11:00,10/14/2022 7:00,SOUTH,31.263
10/14/2022 12:00,10/14/2022 8:00,SOUTH,382.195
10/14/2022 13:00,10/14/2022 9:00,SOUTH,1205.95
10/14/2022 14:00,10/14/2022 10:00,SOUTH,1776.154
10/14/2022 15:00,10/14/2022 11:00,SOUTH,2142.83
10/14/2022 16:00,10/14/2022 12:00,SOUTH,2269.724
10/14/2022 17:00,10/14/2022 13:00,SOUTH,2376.537
10/14/2022 18:00,10/14/2022 14:00,SOUTH,2454.327
10/14/2022 19:00,10/14/2022 15:00,SOUTH,2447.958
10/14/2022 20:00,10/14/2022 16:00,SOUTH,2131.127
10/14/2022 21:00,10/14/2022 17:00,SOUTH,948.839
10/14/2022 22:00,10/14/2022 18:00,SOUTH,43.52
10/14/2022 23:00,10/14/2022 19:00,SOUTH,-4.605
10/15/2022 0:00,10/14/2022 20:00,SOUTH,-4.447
10/15/2022 1:00,10/14/2022 21:00,SOUTH,-4.529
10/15/2022 2:00,10/14/2022 22:00,SOUTH,-4.431
10/15/2022 3:00,10/14/2022 23:00,SOUTH,-4.493
10/15/2022 4:00,10/15/2022 0:00,SOUTH,-4.349
10/15/2022 5:00,10/15/2022 1:00,SOUTH,-4.53
10/15/2022 6:00,10/15/2022 2:00,SOUTH,-4.413
10/15/2022 7:00,10/15/2022 3:00,SOUTH,-4.418
10/15/2022 8:00,10/15/2022 4:00,SOUTH,-4.592
10/15/2022 9:00,10/15/2022 5:00,SOUTH,-4.291
10/15/2022 10:00,10/15/2022 6:00,SOUTH,-4.421
10/15/2022 11:00,10/15/2022 7:00,SOUTH,99.481
10/15/2022 12:00,10/15/2022 8:00,SOUTH,1214.777
10/15/2022 13:00,10/15/2022 9:00,SOUTH,2364.209
10/15/2022 14:00,10/15/2022 10:00,SOUTH,2544.388
10/15/2022 15:00,10/15/2022 11:00,SOUTH,2500.003
10/15/2022 16:00,10/15/2022 12:00,SOUTH,2443.23
10/15/2022 17:00,10/15/2022 13:00,SOUTH,2415.147
10/15/2022 18:00,10/15/2022 14:00,SOUTH,2397.187
10/15/2022 19:00,10/15/2022 15:00,SOUTH,2398.807
10/15/2022 20:00,10/15/2022 16:00,SOUTH,2050.027
10/15/2022 21:00,10/15/2022 17:00,SOUTH,842.359
10/15/2022 22:00,10/15/2022 18:00,SOUTH,36.459
10/15/2022 23:00,10/15/2022 19:00,SOUTH,-4.621
10/16/2022 0:00,10/15/2022 20:00,SOUTH,-4.442
10/16/2022 1:00,10/15/2022 21:00,SOUTH,-4.387
10/16/2022 2:00,10/15/2022 22:00,SOUTH,-4.465
10/16/2022 3:00,10/15/2022 23:00,SOUTH,-4.35
10/16/2022 4:00,10/16/2022 0:00,SOUTH,-4.326
10/16/2022 5:00,10/16/2022 1:00,SOUTH,-4.47
10/16/2022 6:00,10/16/2022 2:00,SOUTH,-4.455
10/16/2022 7:00,10/16/2022 3:00,SOUTH,-4.47
10/16/2022 8:00,10/16/2022 4:00,SOUTH,-4.337
10/16/2022 9:00,10/16/2022 5:00,SOUTH,-4.465
10/16/2022 10:00,10/16/2022 6:00,SOUTH,-4.353
10/16/2022 11:00,10/16/2022 7:00,SOUTH,81.022
10/16/2022 12:00,10/16/2022 8:00,SOUTH,720.601
10/16/2022 13:00,10/16/2022 9:00,SOUTH,1583.434
10/16/2022 14:00,10/16/2022 10:00,SOUTH,1697.765
10/16/2022 15:00,10/16/2022 11:00,SOUTH,1945.297
10/16/2022 16:00,10/16/2022 12:00,SOUTH,1983.096
10/16/2022 17:00,10/16/2022 13:00,SOUTH,1900.127
10/16/2022 18:00,10/16/2022 14:00,SOUTH,1502.583
10/16/2022 19:00,10/16/2022 15:00,SOUTH,1030.702
10/16/2022 20:00,10/16/2022 16:00,SOUTH,641.308
10/16/2022 21:00,10/16/2022 17:00,SOUTH,196.804
10/16/2022 22:00,10/16/2022 18:00,SOUTH,5.436
10/16/2022 23:00,10/16/2022 19:00,SOUTH,-4.551
10/17/2022 0:00,10/16/2022 20:00,SOUTH,-4.248
10/17/2022 1:00,10/16/2022 21:00,SOUTH,-4.567
10/17/2022 2:00,10/16/2022 22:00,SOUTH,-4.289
10/17/2022 3:00,10/16/2022 23:00,SOUTH,-4.48
10/17/2022 4:00,10/17/2022 0:00,SOUTH,-4.4
10/17/2022 5:00,10/17/2022 1:00,SOUTH,-4.393
10/17/2022 6:00,10/17/2022 2:00,SOUTH,-4.418
10/17/2022 7:00,10/17/2022 3:00,SOUTH,-4.456
10/17/2022 8:00,10/17/2022 4:00,SOUTH,-4.509
10/17/2022 9:00,10/17/2022 5:00,SOUTH,-4.32
10/17/2022 10:00,10/17/2022 6:00,SOUTH,-4.413
10/17/2022 11:00,10/17/2022 7:00,SOUTH,12.945
10/17/2022 12:00,10/17/2022 8:00,SOUTH,252.526
10/17/2022 13:00,10/17/2022 9:00,SOUTH,596.179
10/17/2022 14:00,10/17/2022 10:00,SOUTH,968.183
10/17/2022 15:00,10/17/2022 11:00,SOUTH,1469.857
10/17/2022 16:00,10/17/2022 12:00,SOUTH,1841.815
10/17/2022 17:00,10/17/2022 13:00,SOUTH,1896.298
10/17/2022 18:00,10/17/2022 14:00,SOUTH,1501.512
10/17/2022 19:00,10/17/2022 15:00,SOUTH,1025.391
10/17/2022 20:00,10/17/2022 16:00,SOUTH,984.699
10/17/2022 21:00,10/17/2022 17:00,SOUTH,461.946
10/17/2022 22:00,10/17/2022 18:00,SOUTH,14.017
10/17/2022 23:00,10/17/2022 19:00,SOUTH,-4.375
10/18/2022 0:00,10/17/2022 20:00,SOUTH,-4.423
10/18/2022 1:00,10/17/2022 21:00,SOUTH,-4.142
10/18/2022 2:00,10/17/2022 22:00,SOUTH,-4.428
10/18/2022 3:00,10/17/2022 23:00,SOUTH,-4.368
10/18/2022 4:00,10/18/2022 0:00,SOUTH,-4.439
10/18/2022 5:00,10/18/2022 1:00,SOUTH,-4.28
10/18/2022 6:00,10/18/2022 2:00,SOUTH,-4.384
10/18/2022 7:00,10/18/2022 3:00,SOUTH,-4.404
10/18/2022 8:00,10/18/2022 4:00,SOUTH,-4.27
10/18/2022 9:00,10/18/2022 5:00,SOUTH,-4.532
10/18/2022 10:00,10/18/2022 6:00,SOUTH,-4.28
10/18/2022 11:00,10/18/2022 7:00,SOUTH,28.572
10/18/2022 12:00,10/18/2022 8:00,SOUTH,511.718
10/18/2022 13:00,10/18/2022 9:00,SOUTH,1298.778
10/18/2022 14:00,10/18/2022 10:00,SOUTH,1938.2
10/18/2022 15:00,10/18/2022 11:00,SOUTH,2133.463
10/18/2022 16:00,10/18/2022 12:00,SOUTH,2260.013
10/18/2022 17:00,10/18/2022 13:00,SOUTH,2124.914
10/18/2022 18:00,10/18/2022 14:00,SOUTH,2120.23
10/18/2022 19:00,10/18/2022 15:00,SOUTH,2081.874
10/18/2022 20:00,10/18/2022 16:00,SOUTH,1797.087
10/18/2022 21:00,10/18/2022 17:00,SOUTH,736.727
10/18/2022 22:00,10/18/2022 18:00,SOUTH,23.046
10/18/2022 23:00,10/18/2022 19:00,SOUTH,-4.748
10/19/2022 0:00,10/18/2022 20:00,SOUTH,-4.37
10/19/2022 1:00,10/18/2022 21:00,SOUTH,-4.466
10/19/2022 2:00,10/18/2022 22:00,SOUTH,-4.4
10/19/2022 3:00,10/18/2022 23:00,SOUTH,-4.226
10/19/2022 4:00,10/19/2022 0:00,SOUTH,-4.372
10/19/2022 5:00,10/19/2022 1:00,SOUTH,-4.406
10/19/2022 6:00,10/19/2022 2:00,SOUTH,-4.39
10/19/2022 7:00,10/19/2022 3:00,SOUTH,-4.295
10/19/2022 8:00,10/19/2022 4:00,SOUTH,-4.405
10/19/2022 9:00,10/19/2022 5:00,SOUTH,-4.383
10/19/2022 10:00,10/19/2022 6:00,SOUTH,-4.48
10/19/2022 11:00,10/19/2022 7:00,SOUTH,90.36
10/19/2022 12:00,10/19/2022 8:00,SOUTH,1186.029
10/19/2022 13:00,10/19/2022 9:00,SOUTH,2253.217
10/19/2022 14:00,10/19/2022 10:00,SOUTH,2422.441
10/19/2022 15:00,10/19/2022 11:00,SOUTH,2310.275
10/19/2022 16:00,10/19/2022 12:00,SOUTH,2288.771
10/19/2022 17:00,10/19/2022 13:00,SOUTH,2100.023
10/19/2022 18:00,10/19/2022 14:00,SOUTH,1978.136
10/19/2022 19:00,10/19/2022 15:00,SOUTH,1635.737
10/19/2022 20:00,10/19/2022 16:00,SOUTH,1529.355
10/19/2022 21:00,10/19/2022 17:00,SOUTH,660.387
10/19/2022 22:00,10/19/2022 18:00,SOUTH,19.775
10/19/2022 23:00,10/19/2022 19:00,SOUTH,-3.969
10/20/2022 0:00,10/19/2022 20:00,SOUTH,-3.804
10/20/2022 1:00,10/19/2022 21:00,SOUTH,-3.787
10/20/2022 2:00,10/19/2022 22:00,SOUTH,-3.907
10/20/2022 3:00,10/19/2022 23:00,SOUTH,-3.822
10/20/2022 4:00,10/20/2022 0:00,SOUTH,-4.28
10/20/2022 5:00,10/20/2022 1:00,SOUTH,-4.257
10/20/2022 6:00,10/20/2022 2:00,SOUTH,-4.167
10/20/2022 7:00,10/20/2022 3:00,SOUTH,-4.021
10/20/2022 8:00,10/20/2022 4:00,SOUTH,-4.441
10/20/2022 9:00,10/20/2022 5:00,SOUTH,-4.122
10/20/2022 10:00,10/20/2022 6:00,SOUTH,-4.404
10/20/2022 11:00,10/20/2022 7:00,SOUTH,76.745
10/20/2022 12:00,10/20/2022 8:00,SOUTH,1043.996
10/20/2022 13:00,10/20/2022 9:00,SOUTH,2106.569
10/20/2022 14:00,10/20/2022 10:00,SOUTH,2355.915
10/20/2022 15:00,10/20/2022 11:00,SOUTH,2336.746
10/20/2022 16:00,10/20/2022 12:00,SOUTH,2336.762
10/20/2022 17:00,10/20/2022 13:00,SOUTH,2411.628
10/20/2022 18:00,10/20/2022 14:00,SOUTH,2459.681
10/20/2022 19:00,10/20/2022 15:00,SOUTH,2487.936
10/20/2022 20:00,10/20/2022 16:00,SOUTH,2113.295
10/20/2022 21:00,10/20/2022 17:00,SOUTH,764.689
10/20/2022 22:00,10/20/2022 18:00,SOUTH,17.351
10/20/2022 23:00,10/20/2022 19:00,SOUTH,-4.499
10/21/2022 0:00,10/20/2022 20:00,SOUTH,-4.422
10/21/2022 1:00,10/20/2022 21:00,SOUTH,-4.45
10/21/2022 2:00,10/20/2022 22:00,SOUTH,-4.466
10/21/2022 3:00,10/20/2022 23:00,SOUTH,-4.503
10/21/2022 4:00,10/21/2022 0:00,SOUTH,-4.408
10/21/2022 5:00,10/21/2022 1:00,SOUTH,-4.443
10/21/2022 6:00,10/21/2022 2:00,SOUTH,-4.208
10/21/2022 7:00,10/21/2022 3:00,SOUTH,-4.411
10/21/2022 8:00,10/21/2022 4:00,SOUTH,-4.488
10/21/2022 9:00,10/21/2022 5:00,SOUTH,-4.495
10/21/2022 10:00,10/21/2022 6:00,SOUTH,-4.525
10/21/2022 11:00,10/21/2022 7:00,SOUTH,68.114
10/21/2022 12:00,10/21/2022 8:00,SOUTH,1067.359
10/21/2022 13:00,10/21/2022 9:00,SOUTH,2226.244
10/21/2022 14:00,10/21/2022 10:00,SOUTH,2477.142
10/21/2022 15:00,10/21/2022 11:00,SOUTH,2411.457
10/21/2022 16:00,10/21/2022 12:00,SOUTH,2336.003
10/21/2022 17:00,10/21/2022 13:00,SOUTH,2330.261
10/21/2022 18:00,10/21/2022 14:00,SOUTH,2359.495
10/21/2022 19:00,10/21/2022 15:00,SOUTH,2349.894
10/21/2022 20:00,10/21/2022 16:00,SOUTH,1976.805
10/21/2022 21:00,10/21/2022 17:00,SOUTH,725.782
10/21/2022 22:00,10/21/2022 18:00,SOUTH,14.604
10/21/2022 23:00,10/21/2022 19:00,SOUTH,-4.516
10/22/2022 0:00,10/21/2022 20:00,SOUTH,-4.219
10/22/2022 1:00,10/21/2022 21:00,SOUTH,-4.415
10/22/2022 2:00,10/21/2022 22:00,SOUTH,-4.519
10/22/2022 3:00,10/21/2022 23:00,SOUTH,-4.375
10/22/2022 4:00,10/22/2022 0:00,SOUTH,-4.41
10/22/2022 5:00,10/22/2022 1:00,SOUTH,-4.293
10/22/2022 6:00,10/22/2022 2:00,SOUTH,-4.26
10/22/2022 7:00,10/22/2022 3:00,SOUTH,-4.426
10/22/2022 8:00,10/22/2022 4:00,SOUTH,-4.272
10/22/2022 9:00,10/22/2022 5:00,SOUTH,-4.486
10/22/2022 10:00,10/22/2022 6:00,SOUTH,-4.242
10/22/2022 11:00,10/22/2022 7:00,SOUTH,47.68
10/22/2022 12:00,10/22/2022 8:00,SOUTH,897.978
10/22/2022 13:00,10/22/2022 9:00,SOUTH,2079.737
10/22/2022 14:00,10/22/2022 10:00,SOUTH,2313.471
10/22/2022 15:00,10/22/2022 11:00,SOUTH,2332.534
10/22/2022 16:00,10/22/2022 12:00,SOUTH,2242.958
10/22/2022 17:00,10/22/2022 13:00,SOUTH,2289.966
10/22/2022 18:00,10/22/2022 14:00,SOUTH,2219.299
10/22/2022 19:00,10/22/2022 15:00,SOUTH,1816.241
10/22/2022 20:00,10/22/2022 16:00,SOUTH,1584.035
10/22/2022 21:00,10/22/2022 17:00,SOUTH,626.823
10/22/2022 22:00,10/22/2022 18:00,SOUTH,19.6
10/22/2022 23:00,10/22/2022 19:00,SOUTH,-4.522
10/23/2022 0:00,10/22/2022 20:00,SOUTH,-4.323
10/23/2022 1:00,10/22/2022 21:00,SOUTH,-4.487
10/23/2022 2:00,10/22/2022 22:00,SOUTH,-4.266
10/23/2022 3:00,10/22/2022 23:00,SOUTH,-4.479
10/23/2022 4:00,10/23/2022 0:00,SOUTH,-4.055
10/23/2022 5:00,10/23/2022 1:00,SOUTH,-4.174
10/23/2022 6:00,10/23/2022 2:00,SOUTH,-5.248
10/23/2022 7:00,10/23/2022 3:00,SOUTH,-4.306
10/23/2022 8:00,10/23/2022 4:00,SOUTH,-4.28
10/23/2022 9:00,10/23/2022 5:00,SOUTH,-4.024
10/23/2022 10:00,10/23/2022 6:00,SOUTH,-4.282
10/23/2022 11:00,10/23/2022 7:00,SOUTH,26.25
10/23/2022 12:00,10/23/2022 8:00,SOUTH,254.558
10/23/2022 13:00,10/23/2022 9:00,SOUTH,668.339
10/23/2022 14:00,10/23/2022 10:00,SOUTH,707.245
10/23/2022 15:00,10/23/2022 11:00,SOUTH,804.439
10/23/2022 16:00,10/23/2022 12:00,SOUTH,748.359
10/23/2022 17:00,10/23/2022 13:00,SOUTH,733.114
10/23/2022 18:00,10/23/2022 14:00,SOUTH,711.807
10/23/2022 19:00,10/23/2022 15:00,SOUTH,476.372
10/23/2022 20:00,10/23/2022 16:00,SOUTH,339.705
10/23/2022 21:00,10/23/2022 17:00,SOUTH,153.177
10/23/2022 22:00,10/23/2022 18:00,SOUTH,3.67
10/23/2022 23:00,10/23/2022 19:00,SOUTH,-4.204
10/24/2022 0:00,10/23/2022 20:00,SOUTH,-5.224
10/24/2022 1:00,10/23/2022 21:00,SOUTH,-4.063
10/24/2022 2:00,10/23/2022 22:00,SOUTH,-4.305
10/24/2022 3:00,10/23/2022 23:00,SOUTH,-4.249
10/24/2022 4:00,10/24/2022 0:00,SOUTH,-4.393
10/24/2022 5:00,10/24/2022 1:00,SOUTH,-4.265
10/24/2022 6:00,10/24/2022 2:00,SOUTH,-4.347
10/24/2022 7:00,10/24/2022 3:00,SOUTH,-4.25
10/24/2022 8:00,10/24/2022 4:00,SOUTH,-4.224
10/24/2022 9:00,10/24/2022 5:00,SOUTH,-4.431
10/24/2022 10:00,10/24/2022 6:00,SOUTH,-4.13
10/24/2022 11:00,10/24/2022 7:00,SOUTH,7.222
10/24/2022 12:00,10/24/2022 8:00,SOUTH,236.605
10/24/2022 13:00,10/24/2022 9:00,SOUTH,616.057
10/24/2022 14:00,10/24/2022 10:00,SOUTH,1098.695
10/24/2022 15:00,10/24/2022 11:00,SOUTH,1562.201
10/24/2022 16:00,10/24/2022 12:00,SOUTH,1856.806
10/24/2022 17:00,10/24/2022 13:00,SOUTH,1893.798
10/24/2022 18:00,10/24/2022 14:00,SOUTH,1792.489
10/24/2022 19:00,10/24/2022 15:00,SOUTH,1892.083
10/24/2022 20:00,10/24/2022 16:00,SOUTH,1587.594
10/24/2022 21:00,10/24/2022 17:00,SOUTH,573.331
10/24/2022 22:00,10/24/2022 18:00,SOUTH,6.845
10/24/2022 23:00,10/24/2022 19:00,SOUTH,-4.153
10/25/2022 0:00,10/24/2022 20:00,SOUTH,-4.05
10/25/2022 1:00,10/24/2022 21:00,SOUTH,-4.23
10/25/2022 2:00,10/24/2022 22:00,SOUTH,-4.03
10/25/2022 3:00,10/24/2022 23:00,SOUTH,-4.132
10/25/2022 4:00,10/25/2022 0:00,SOUTH,-4.14
10/25/2022 5:00,10/25/2022 1:00,SOUTH,-4.012
10/25/2022 6:00,10/25/2022 2:00,SOUTH,-4.279
10/25/2022 7:00,10/25/2022 3:00,SOUTH,-4.107
10/25/2022 8:00,10/25/2022 4:00,SOUTH,-4.151
10/25/2022 9:00,10/25/2022 5:00,SOUTH,-4.031
10/25/2022 10:00,10/25/2022 6:00,SOUTH,-4.17
10/25/2022 11:00,10/25/2022 7:00,SOUTH,5.738
10/25/2022 12:00,10/25/2022 8:00,SOUTH,127.414
10/25/2022 13:00,10/25/2022 9:00,SOUTH,271.425
10/25/2022 14:00,10/25/2022 10:00,SOUTH,388.728
10/25/2022 15:00,10/25/2022 11:00,SOUTH,563.657
10/25/2022 16:00,10/25/2022 12:00,SOUTH,783.138
10/25/2022 17:00,10/25/2022 13:00,SOUTH,915.626
10/25/2022 18:00,10/25/2022 14:00,SOUTH,1018.986
10/25/2022 19:00,10/25/2022 15:00,SOUTH,987.313
10/25/2022 20:00,10/25/2022 16:00,SOUTH,772.064
10/25/2022 21:00,10/25/2022 17:00,SOUTH,206.457
10/25/2022 22:00,10/25/2022 18:00,SOUTH,-2.07
10/25/2022 23:00,10/25/2022 19:00,SOUTH,-4.35
10/26/2022 0:00,10/25/2022 20:00,SOUTH,-4.147
10/26/2022 1:00,10/25/2022 21:00,SOUTH,-4.151
10/26/2022 2:00,10/25/2022 22:00,SOUTH,-4.166
10/26/2022 3:00,10/25/2022 23:00,SOUTH,-4.043
10/26/2022 4:00,10/26/2022 0:00,SOUTH,-4.175
10/26/2022 5:00,10/26/2022 1:00,SOUTH,-4.177
10/26/2022 6:00,10/26/2022 2:00,SOUTH,-4.226
10/26/2022 7:00,10/26/2022 3:00,SOUTH,-4.025
10/26/2022 8:00,10/26/2022 4:00,SOUTH,-4.154
10/26/2022 9:00,10/26/2022 5:00,SOUTH,-4.064
10/26/2022 10:00,10/26/2022 6:00,SOUTH,-3.995
10/26/2022 11:00,10/26/2022 7:00,SOUTH,2.415
10/26/2022 12:00,10/26/2022 8:00,SOUTH,126.57
10/26/2022 13:00,10/26/2022 9:00,SOUTH,272.523
10/26/2022 14:00,10/26/2022 10:00,SOUTH,412.123
10/26/2022 15:00,10/26/2022 11:00,SOUTH,708.391
10/26/2022 16:00,10/26/2022 12:00,SOUTH,879.404
10/26/2022 17:00,10/26/2022 13:00,SOUTH,989.491
10/26/2022 18:00,10/26/2022 14:00,SOUTH,833.319
10/26/2022 19:00,10/26/2022 15:00,SOUTH,915.166
10/26/2022 20:00,10/26/2022 16:00,SOUTH,690.832
10/26/2022 21:00,10/26/2022 17:00,SOUTH,209.091
10/26/2022 22:00,10/26/2022 18:00,SOUTH,-1.135
10/26/2022 23:00,10/26/2022 19:00,SOUTH,-4.202
10/27/2022 0:00,10/26/2022 20:00,SOUTH,-4.145
10/27/2022 1:00,10/26/2022 21:00,SOUTH,-4.127
10/27/2022 2:00,10/26/2022 22:00,SOUTH,-4.282
10/27/2022 3:00,10/26/2022 23:00,SOUTH,-4.123
10/27/2022 4:00,10/27/2022 0:00,SOUTH,-4.19
10/27/2022 5:00,10/27/2022 1:00,SOUTH,-4.285
10/27/2022 6:00,10/27/2022 2:00,SOUTH,-4.098
10/27/2022 7:00,10/27/2022 3:00,SOUTH,-4.298
10/27/2022 8:00,10/27/2022 4:00,SOUTH,-4.16
10/27/2022 9:00,10/27/2022 5:00,SOUTH,-4.257
10/27/2022 10:00,10/27/2022 6:00,SOUTH,-3.923
10/27/2022 11:00,10/27/2022 7:00,SOUTH,17.51
10/27/2022 12:00,10/27/2022 8:00,SOUTH,511.939
10/27/2022 13:00,10/27/2022 9:00,SOUTH,1401.444
10/27/2022 14:00,10/27/2022 10:00,SOUTH,1846.972
10/27/2022 15:00,10/27/2022 11:00,SOUTH,2032.381
10/27/2022 16:00,10/27/2022 12:00,SOUTH,2082.667
10/27/2022 17:00,10/27/2022 13:00,SOUTH,2140.075
10/27/2022 18:00,10/27/2022 14:00,SOUTH,2277.077
10/27/2022 19:00,10/27/2022 15:00,SOUTH,2327.734
10/27/2022 20:00,10/27/2022 16:00,SOUTH,1871.194
10/27/2022 21:00,10/27/2022 17:00,SOUTH,565.63
10/27/2022 22:00,10/27/2022 18:00,SOUTH,2.994
10/27/2022 23:00,10/27/2022 19:00,SOUTH,-4.181
10/28/2022 0:00,10/27/2022 20:00,SOUTH,-4.121
10/28/2022 1:00,10/27/2022 21:00,SOUTH,-4.253
10/28/2022 2:00,10/27/2022 22:00,SOUTH,-4.215
10/28/2022 3:00,10/27/2022 23:00,SOUTH,-4.049
10/28/2022 4:00,10/28/2022 0:00,SOUTH,-4.062
10/28/2022 5:00,10/28/2022 1:00,SOUTH,-4.133
10/28/2022 6:00,10/28/2022 2:00,SOUTH,-4.158
10/28/2022 7:00,10/28/2022 3:00,SOUTH,-4.102
10/28/2022 8:00,10/28/2022 4:00,SOUTH,-4.208
10/28/2022 9:00,10/28/2022 5:00,SOUTH,-3.958
10/28/2022 10:00,10/28/2022 6:00,SOUTH,-4.273
10/28/2022 11:00,10/28/2022 7:00,SOUTH,20.243
10/28/2022 12:00,10/28/2022 8:00,SOUTH,581.828
10/28/2022 13:00,10/28/2022 9:00,SOUTH,1239.537
10/28/2022 14:00,10/28/2022 10:00,SOUTH,1435.695
10/28/2022 15:00,10/28/2022 11:00,SOUTH,1155.799
10/28/2022 16:00,10/28/2022 12:00,SOUTH,985.812
10/28/2022 17:00,10/28/2022 13:00,SOUTH,847.004
10/28/2022 18:00,10/28/2022 14:00,SOUTH,581.809
10/28/2022 19:00,10/28/2022 15:00,SOUTH,330.701
10/28/2022 20:00,10/28/2022 16:00,SOUTH,170.647
10/28/2022 21:00,10/28/2022 17:00,SOUTH,43.373
10/28/2022 22:00,10/28/2022 18:00,SOUTH,-3.68
10/28/2022 23:00,10/28/2022 19:00,SOUTH,-4.312
10/29/2022 0:00,10/28/2022 20:00,SOUTH,-4.111
10/29/2022 1:00,10/28/2022 21:00,SOUTH,-4.288
10/29/2022 2:00,10/28/2022 22:00,SOUTH,-4.235
10/29/2022 3:00,10/28/2022 23:00,SOUTH,-4.138
10/29/2022 4:00,10/29/2022 0:00,SOUTH,-4.235
10/29/2022 5:00,10/29/2022 1:00,SOUTH,-4.079
10/29/2022 6:00,10/29/2022 2:00,SOUTH,-4.165
10/29/2022 7:00,10/29/2022 3:00,SOUTH,-4.187
10/29/2022 8:00,10/29/2022 4:00,SOUTH,-4.017
10/29/2022 9:00,10/29/2022 5:00,SOUTH,-4.387
10/29/2022 10:00,10/29/2022 6:00,SOUTH,-4.033
10/29/2022 11:00,10/29/2022 7:00,SOUTH,9.784
10/29/2022 12:00,10/29/2022 8:00,SOUTH,404.026
10/29/2022 13:00,10/29/2022 9:00,SOUTH,1206.673
10/29/2022 14:00,10/29/2022 10:00,SOUTH,1582.868
10/29/2022 15:00,10/29/2022 11:00,SOUTH,1571.229
10/29/2022 16:00,10/29/2022 12:00,SOUTH,1399.549
10/29/2022 17:00,10/29/2022 13:00,SOUTH,1486.754
10/29/2022 18:00,10/29/2022 14:00,SOUTH,1503.583
10/29/2022 19:00,10/29/2022 15:00,SOUTH,1298.103
10/29/2022 20:00,10/29/2022 16:00,SOUTH,891.394
10/29/2022 21:00,10/29/2022 17:00,SOUTH,271.982
10/29/2022 22:00,10/29/2022 18:00,SOUTH,-1.843
10/29/2022 23:00,10/29/2022 19:00,SOUTH,-4.08
10/30/2022 0:00,10/29/2022 20:00,SOUTH,-4.3
10/30/2022 1:00,10/29/2022 21:00,SOUTH,-4.117
10/30/2022 2:00,10/29/2022 22:00,SOUTH,-4.175
10/30/2022 3:00,10/29/2022 23:00,SOUTH,-4.269
10/30/2022 4:00,10/30/2022 0:00,SOUTH,-4.182
10/30/2022 5:00,10/30/2022 1:00,SOUTH,-4.325
10/30/2022 6:00,10/30/2022 2:00,SOUTH,-4.187
10/30/2022 7:00,10/30/2022 3:00,SOUTH,-4.246
10/30/2022 8:00,10/30/2022 4:00,SOUTH,-4.143
10/30/2022 9:00,10/30/2022 5:00,SOUTH,-4.192
10/30/2022 10:00,10/30/2022 6:00,SOUTH,-4.182
10/30/2022 11:00,10/30/2022 7:00,SOUTH,16.909
10/30/2022 12:00,10/30/2022 8:00,SOUTH,517.45
10/30/2022 13:00,10/30/2022 9:00,SOUTH,1250.758
10/30/2022 14:00,10/30/2022 10:00,SOUTH,1859.514
10/30/2022 15:00,10/30/2022 11:00,SOUTH,1966.97
10/30/2022 16:00,10/30/2022 12:00,SOUTH,1884.558
10/30/2022 17:00,10/30/2022 13:00,SOUTH,1647.865
10/30/2022 18:00,10/30/2022 14:00,SOUTH,1576.821
10/30/2022 19:00,10/30/2022 15:00,SOUTH,1123.126
10/30/2022 20:00,10/30/2022 16:00,SOUTH,694.995
10/30/2022 21:00,10/30/2022 17:00,SOUTH,335.078
10/30/2022 22:00,10/30/2022 18:00,SOUTH,0.521
10/30/2022 23:00,10/30/2022 19:00,SOUTH,-4.374
10/31/2022 0:00,10/30/2022 20:00,SOUTH,-4.198
10/31/2022 1:00,10/30/2022 21:00,SOUTH,-4.229
10/31/2022 2:00,10/30/2022 22:00,SOUTH,-4.334
10/31/2022 3:00,10/30/2022 23:00,SOUTH,-4.29
10/31/2022 4:00,10/31/2022 0:00,SOUTH,-4.143
10/31/2022 5:00,10/31/2022 1:00,SOUTH,-4.248
10/31/2022 6:00,10/31/2022 2:00,SOUTH,-4.229
10/31/2022 7:00,10/31/2022 3:00,SOUTH,-4.193
10/31/2022 8:00,10/31/2022 4:00,SOUTH,-4.223
10/31/2022 9:00,10/31/2022 5:00,SOUTH,-4.365
10/31/2022 10:00,10/31/2022 6:00,SOUTH,-4.067
10/31/2022 11:00,10/31/2022 7:00,SOUTH,13.094
10/31/2022 12:00,10/31/2022 8:00,SOUTH,423.287
10/31/2022 13:00,10/31/2022 9:00,SOUTH,746.066
10/31/2022 14:00,10/31/2022 10:00,SOUTH,933.323
10/31/2022 15:00,10/31/2022 11:00,SOUTH,1259.003
10/31/2022 16:00,10/31/2022 12:00,SOUTH,1463.428
10/31/2022 17:00,10/31/2022 13:00,SOUTH,1496.531
10/31/2022 18:00,10/31/2022 14:00,SOUTH,1165.592
10/31/2022 19:00,10/31/2022 15:00,SOUTH,693.044
10/31/2022 20:00,10/31/2022 16:00,SOUTH,306.598
10/31/2022 21:00,10/31/2022 17:00,SOUTH,85.511
10/31/2022 22:00,10/31/2022 18:00,SOUTH,-3.871
10/31/2022 23:00,10/31/2022 19:00,SOUTH,-4.358
11/1/2022 0:00,10/31/2022 20:00,SOUTH,-4.073
11/1/2022 1:00,10/31/2022 21:00,SOUTH,-4.025
11/1/2022 2:00,10/31/2022 22:00,SOUTH,-4.11
11/1/2022 3:00,10/31/2022 23:00,SOUTH,-3.987
11/1/2022 4:00,11/1/2022 0:00,SOUTH,-4.17
11/1/2022 5:00,11/1/2022 1:00,SOUTH,-4.089
11/1/2022 6:00,11/1/2022 2:00,SOUTH,-4.084
11/1/2022 7:00,11/1/2022 3:00,SOUTH,-4.119
11/1/2022 8:00,11/1/2022 4:00,SOUTH,-3.993
11/1/2022 9:00,11/1/2022 5:00,SOUTH,-4.126
11/1/2022 10:00,11/1/2022 6:00,SOUTH,-3.97
11/1/2022 11:00,11/1/2022 7:00,SOUTH,3.419
11/1/2022 12:00,11/1/2022 8:00,SOUTH,149.382
11/1/2022 13:00,11/1/2022 9:00,SOUTH,469.659
11/1/2022 14:00,11/1/2022 10:00,SOUTH,953.382
11/1/2022 15:00,11/1/2022 11:00,SOUTH,1286.89
11/1/2022 16:00,11/1/2022 12:00,SOUTH,1423.591
11/1/2022 17:00,11/1/2022 13:00,SOUTH,1575.944
11/1/2022 18:00,11/1/2022 14:00,SOUTH,1639.402
11/1/2022 19:00,11/1/2022 15:00,SOUTH,1630.856
11/1/2022 20:00,11/1/2022 16:00,SOUTH,1149.773
11/1/2022 21:00,11/1/2022 17:00,SOUTH,308.702
11/1/2022 22:00,11/1/2022 18:00,SOUTH,-1.214
11/1/2022 23:00,11/1/2022 19:00,SOUTH,-4.247
11/2/2022 0:00,11/1/2022 20:00,SOUTH,-4.283
11/2/2022 1:00,11/1/2022 21:00,SOUTH,-4.243
11/2/2022 2:00,11/1/2022 22:00,SOUTH,-4.166
11/2/2022 3:00,11/1/2022 23:00,SOUTH,-4.312
11/2/2022 4:00,11/2/2022 0:00,SOUTH,-4.222
11/2/2022 5:00,11/2/2022 1:00,SOUTH,-4.287
11/2/2022 6:00,11/2/2022 2:00,SOUTH,-4.146
11/2/2022 7:00,11/2/2022 3:00,SOUTH,-4.4
11/2/2022 8:00,11/2/2022 4:00,SOUTH,-4.194
11/2/2022 9:00,11/2/2022 5:00,SOUTH,-4.093
11/2/2022 10:00,11/2/2022 6:00,SOUTH,-4.171
11/2/2022 11:00,11/2/2022 7:00,SOUTH,13.347
11/2/2022 12:00,11/2/2022 8:00,SOUTH,491.083
11/2/2022 13:00,11/2/2022 9:00,SOUTH,948.408
11/2/2022 14:00,11/2/2022 10:00,SOUTH,1049.124
11/2/2022 15:00,11/2/2022 11:00,SOUTH,1035.433
11/2/2022 16:00,11/2/2022 12:00,SOUTH,1102.339
11/2/2022 17:00,11/2/2022 13:00,SOUTH,1038.628
11/2/2022 18:00,11/2/2022 14:00,SOUTH,858.029
11/2/2022 19:00,11/2/2022 15:00,SOUTH,757.747
11/2/2022 20:00,11/2/2022 16:00,SOUTH,588.953
11/2/2022 21:00,11/2/2022 17:00,SOUTH,140.845
11/2/2022 22:00,11/2/2022 18:00,SOUTH,-3.592
11/2/2022 23:00,11/2/2022 19:00,SOUTH,-4.187
11/3/2022 0:00,11/2/2022 20:00,SOUTH,-4.235
11/3/2022 1:00,11/2/2022 21:00,SOUTH,-4.437
11/3/2022 2:00,11/2/2022 22:00,SOUTH,-4.211
11/3/2022 3:00,11/2/2022 23:00,SOUTH,-4.244
11/3/2022 4:00,11/3/2022 0:00,SOUTH,-4.188
11/3/2022 5:00,11/3/2022 1:00,SOUTH,-4.192
11/3/2022 6:00,11/3/2022 2:00,SOUTH,-4.256
11/3/2022 7:00,11/3/2022 3:00,SOUTH,-4.204
11/3/2022 8:00,11/3/2022 4:00,SOUTH,-4.106
11/3/2022 9:00,11/3/2022 5:00,SOUTH,-3.89
11/3/2022 10:00,11/3/2022 6:00,SOUTH,-4.176
11/3/2022 11:00,11/3/2022 7:00,SOUTH,-0.488
11/3/2022 12:00,11/3/2022 8:00,SOUTH,177.615
11/3/2022 13:00,11/3/2022 9:00,SOUTH,522.992
11/3/2022 14:00,11/3/2022 10:00,SOUTH,867.381
11/3/2022 15:00,11/3/2022 11:00,SOUTH,1280.041
11/3/2022 16:00,11/3/2022 12:00,SOUTH,1321.226
11/3/2022 17:00,11/3/2022 13:00,SOUTH,1315.461
11/3/2022 18:00,11/3/2022 14:00,SOUTH,1248.641
11/3/2022 19:00,11/3/2022 15:00,SOUTH,1118.834
11/3/2022 20:00,11/3/2022 16:00,SOUTH,945.832
11/3/2022 21:00,11/3/2022 17:00,SOUTH,273.311
11/3/2022 22:00,11/3/2022 18:00,SOUTH,-2.571
11/3/2022 23:00,11/3/2022 19:00,SOUTH,-4.333
11/4/2022 0:00,11/3/2022 20:00,SOUTH,-4.149
11/4/2022 1:00,11/3/2022 21:00,SOUTH,-4.336
11/4/2022 2:00,11/3/2022 22:00,SOUTH,-4.285
11/4/2022 3:00,11/3/2022 23:00,SOUTH,-4.096
11/4/2022 4:00,11/4/2022 0:00,SOUTH,-4.209
11/4/2022 5:00,11/4/2022 1:00,SOUTH,-4.36
11/4/2022 6:00,11/4/2022 2:00,SOUTH,-4.316
11/4/2022 7:00,11/4/2022 3:00,SOUTH,-4.176
11/4/2022 8:00,11/4/2022 4:00,SOUTH,-4.263
11/4/2022 9:00,11/4/2022 5:00,SOUTH,-4.09
11/4/2022 10:00,11/4/2022 6:00,SOUTH,-4.157
11/4/2022 11:00,11/4/2022 7:00,SOUTH,2.797
11/4/2022 12:00,11/4/2022 8:00,SOUTH,244.884
11/4/2022 13:00,11/4/2022 9:00,SOUTH,753.874
11/4/2022 14:00,11/4/2022 10:00,SOUTH,1071.588
11/4/2022 15:00,11/4/2022 11:00,SOUTH,1367.102
11/4/2022 16:00,11/4/2022 12:00,SOUTH,1482.624
11/4/2022 17:00,11/4/2022 13:00,SOUTH,1487.026
11/4/2022 18:00,11/4/2022 14:00,SOUTH,1321.831
11/4/2022 19:00,11/4/2022 15:00,SOUTH,1386.639
11/4/2022 20:00,11/4/2022 16:00,SOUTH,1026.758
11/4/2022 21:00,11/4/2022 17:00,SOUTH,244.831
11/4/2022 22:00,11/4/2022 18:00,SOUTH,-2.935
11/4/2022 23:00,11/4/2022 19:00,SOUTH,-4.189
11/5/2022 0:00,11/4/2022 20:00,SOUTH,-4.216
11/5/2022 1:00,11/4/2022 21:00,SOUTH,-4.286
11/5/2022 2:00,11/4/2022 22:00,SOUTH,-4.311
11/5/2022 3:00,11/4/2022 23:00,SOUTH,-4.285
11/5/2022 4:00,11/5/2022 0:00,SOUTH,-4.294
11/5/2022 5:00,11/5/2022 1:00,SOUTH,-4.185
11/5/2022 6:00,11/5/2022 2:00,SOUTH,-4.222
11/5/2022 7:00,11/5/2022 3:00,SOUTH,-4.265
11/5/2022 8:00,11/5/2022 4:00,SOUTH,-4.215
11/5/2022 9:00,11/5/2022 5:00,SOUTH,-4.323
11/5/2022 10:00,11/5/2022 6:00,SOUTH,-4.124
11/5/2022 11:00,11/5/2022 7:00,SOUTH,6.793
11/5/2022 12:00,11/5/2022 8:00,SOUTH,439.471
11/5/2022 13:00,11/5/2022 9:00,SOUTH,1415.154
11/5/2022 14:00,11/5/2022 10:00,SOUTH,1689.333
11/5/2022 15:00,11/5/2022 11:00,SOUTH,1595.004
11/5/2022 16:00,11/5/2022 12:00,SOUTH,1455.578
11/5/2022 17:00,11/5/2022 13:00,SOUTH,1407.009
11/5/2022 18:00,11/5/2022 14:00,SOUTH,1399.26
11/5/2022 19:00,11/5/2022 15:00,SOUTH,1310.202
11/5/2022 20:00,11/5/2022 16:00,SOUTH,977.046
11/5/2022 21:00,11/5/2022 17:00,SOUTH,209.632
11/5/2022 22:00,11/5/2022 18:00,SOUTH,-4.042
11/5/2022 23:00,11/5/2022 19:00,SOUTH,-4.37
11/6/2022 0:00,11/5/2022 20:00,SOUTH,-4.394
11/6/2022 1:00,11/5/2022 21:00,SOUTH,-4.109
11/6/2022 2:00,11/5/2022 22:00,SOUTH,-4.166
11/6/2022 3:00,11/5/2022 23:00,SOUTH,-4.228
11/6/2022 4:00,11/6/2022 0:00,SOUTH,-4.132
11/6/2022 5:00,11/6/2022 1:00,SOUTH,-4.365
11/6/2022 6:00,11/6/2022 1:00,SOUTH,-4.187
11/6/2022 7:00,11/6/2022 2:00,SOUTH,-4.296
11/6/2022 8:00,11/6/2022 3:00,SOUTH,-4.123
11/6/2022 9:00,11/6/2022 4:00,SOUTH,-4.321
11/6/2022 10:00,11/6/2022 5:00,SOUTH,-4.18
11/6/2022 11:00,11/6/2022 6:00,SOUTH,3.098
11/6/2022 12:00,11/6/2022 7:00,SOUTH,414.033
11/6/2022 13:00,11/6/2022 8:00,SOUTH,1134.703
11/6/2022 14:00,11/6/2022 9:00,SOUTH,1271.509
11/6/2022 15:00,11/6/2022 10:00,SOUTH,1317.048
11/6/2022 16:00,11/6/2022 11:00,SOUTH,1292.122
11/6/2022 17:00,11/6/2022 12:00,SOUTH,1200.416
11/6/2022 18:00,11/6/2022 13:00,SOUTH,1027.841
11/6/2022 19:00,11/6/2022 14:00,SOUTH,1001.041
11/6/2022 20:00,11/6/2022 15:00,SOUTH,802.139
11/6/2022 21:00,11/6/2022 16:00,SOUTH,188.768
11/6/2022 22:00,11/6/2022 17:00,SOUTH,-0.404
11/6/2022 23:00,11/6/2022 18:00,SOUTH,-4.351
11/7/2022 0:00,11/6/2022 19:00,SOUTH,-4.309
11/7/2022 1:00,11/6/2022 20:00,SOUTH,-4.201
11/7/2022 2:00,11/6/2022 21:00,SOUTH,-4.337
11/7/2022 3:00,11/6/2022 22:00,SOUTH,-4.214
11/7/2022 4:00,11/6/2022 23:00,SOUTH,-4.222
11/7/2022 5:00,11/7/2022 0:00,SOUTH,-4.364
11/7/2022 6:00,11/7/2022 1:00,SOUTH,-4.293
11/7/2022 7:00,11/7/2022 2:00,SOUTH,-4.119
11/7/2022 8:00,11/7/2022 3:00,SOUTH,-4.383
11/7/2022 9:00,11/7/2022 4:00,SOUTH,-4.209
11/7/2022 10:00,11/7/2022 5:00,SOUTH,-4.205
11/7/2022 11:00,11/7/2022 6:00,SOUTH,1.483
11/7/2022 12:00,11/7/2022 7:00,SOUTH,238.673
11/7/2022 13:00,11/7/2022 8:00,SOUTH,881.182
11/7/2022 14:00,11/7/2022 9:00,SOUTH,1145.995
11/7/2022 15:00,11/7/2022 10:00,SOUTH,1342.982
11/7/2022 16:00,11/7/2022 11:00,SOUTH,1414.903
11/7/2022 17:00,11/7/2022 12:00,SOUTH,1389.286
11/7/2022 18:00,11/7/2022 13:00,SOUTH,1275.142
11/7/2022 19:00,11/7/2022 14:00,SOUTH,1251.115
11/7/2022 20:00,11/7/2022 15:00,SOUTH,945.047
11/7/2022 21:00,11/7/2022 16:00,SOUTH,212.122
11/7/2022 22:00,11/7/2022 17:00,SOUTH,3.692
11/7/2022 23:00,11/7/2022 18:00,SOUTH,-4.151
11/8/2022 0:00,11/7/2022 19:00,SOUTH,-4.005
11/8/2022 1:00,11/7/2022 20:00,SOUTH,-4.16
11/8/2022 2:00,11/7/2022 21:00,SOUTH,-4.018
11/8/2022 3:00,11/7/2022 22:00,SOUTH,-3.947
11/8/2022 4:00,11/7/2022 23:00,SOUTH,-4.027
11/8/2022 5:00,11/8/2022 0:00,SOUTH,-3.885
11/8/2022 6:00,11/8/2022 1:00,SOUTH,-4.055
11/8/2022 7:00,11/8/2022 2:00,SOUTH,-4.016
11/8/2022 8:00,11/8/2022 3:00,SOUTH,-4.158
11/8/2022 9:00,11/8/2022 4:00,SOUTH,-3.922
11/8/2022 10:00,11/8/2022 5:00,SOUTH,-4.051
11/8/2022 11:00,11/8/2022 6:00,SOUTH,5.098
11/8/2022 12:00,11/8/2022 7:00,SOUTH,538.34
11/8/2022 13:00,11/8/2022 8:00,SOUTH,1643.856
11/8/2022 14:00,11/8/2022 9:00,SOUTH,1968.077
11/8/2022 15:00,11/8/2022 10:00,SOUTH,1884.219
11/8/2022 16:00,11/8/2022 11:00,SOUTH,1781.528
11/8/2022 17:00,11/8/2022 12:00,SOUTH,1827.374
11/8/2022 18:00,11/8/2022 13:00,SOUTH,1872.525
11/8/2022 19:00,11/8/2022 14:00,SOUTH,1920.712
11/8/2022 20:00,11/8/2022 15:00,SOUTH,1411.205
11/8/2022 21:00,11/8/2022 16:00,SOUTH,293.569
11/8/2022 22:00,11/8/2022 17:00,SOUTH,-3.332
11/8/2022 23:00,11/8/2022 18:00,SOUTH,-4.207
11/9/2022 0:00,11/8/2022 19:00,SOUTH,-4.08
11/9/2022 1:00,11/8/2022 20:00,SOUTH,-4.164
11/9/2022 2:00,11/8/2022 21:00,SOUTH,-4.167
11/9/2022 3:00,11/8/2022 22:00,SOUTH,-4.127
11/9/2022 4:00,11/8/2022 23:00,SOUTH,-4.374
11/9/2022 5:00,11/9/2022 0:00,SOUTH,-4.068
11/9/2022 6:00,11/9/2022 1:00,SOUTH,-4.169
11/9/2022 7:00,11/9/2022 2:00,SOUTH,-4.232
11/9/2022 8:00,11/9/2022 3:00,SOUTH,-4.073
11/9/2022 9:00,11/9/2022 4:00,SOUTH,-4.256
11/9/2022 10:00,11/9/2022 5:00,SOUTH,-4.145
11/9/2022 11:00,11/9/2022 6:00,SOUTH,2.318
11/9/2022 12:00,11/9/2022 7:00,SOUTH,380.783
11/9/2022 13:00,11/9/2022 8:00,SOUTH,1302.706
11/9/2022 14:00,11/9/2022 9:00,SOUTH,1741.306
11/9/2022 15:00,11/9/2022 10:00,SOUTH,1756.118
11/9/2022 16:00,11/9/2022 11:00,SOUTH,1616.354
11/9/2022 17:00,11/9/2022 12:00,SOUTH,1470.453
11/9/2022 18:00,11/9/2022 13:00,SOUTH,1300.67
11/9/2022 19:00,11/9/2022 14:00,SOUTH,1016.489
11/9/2022 20:00,11/9/2022 15:00,SOUTH,602.6
11/9/2022 21:00,11/9/2022 16:00,SOUTH,116.451
11/9/2022 22:00,11/9/2022 17:00,SOUTH,-3.845
11/9/2022 23:00,11/9/2022 18:00,SOUTH,-3.818
11/10/2022 0:00,11/9/2022 19:00,SOUTH,-3.988
11/10/2022 1:00,11/9/2022 20:00,SOUTH,-4.043
11/10/2022 2:00,11/9/2022 21:00,SOUTH,-3.921
11/10/2022 3:00,11/9/2022 22:00,SOUTH,-4.186
11/10/2022 4:00,11/9/2022 23:00,SOUTH,-4.07
11/10/2022 5:00,11/10/2022 0:00,SOUTH,-4.016
11/10/2022 6:00,11/10/2022 1:00,SOUTH,-4.149
11/10/2022 7:00,11/10/2022 2:00,SOUTH,-4.114
11/10/2022 8:00,11/10/2022 3:00,SOUTH,-3.944
11/10/2022 9:00,11/10/2022 4:00,SOUTH,-4.174
11/10/2022 10:00,11/10/2022 5:00,SOUTH,-4.004
11/10/2022 11:00,11/10/2022 6:00,SOUTH,-1.105
11/10/2022 12:00,11/10/2022 7:00,SOUTH,130.092
11/10/2022 13:00,11/10/2022 8:00,SOUTH,374.279
11/10/2022 14:00,11/10/2022 9:00,SOUTH,748.99
11/10/2022 15:00,11/10/2022 10:00,SOUTH,1235.45
11/10/2022 16:00,11/10/2022 11:00,SOUTH,1230.166
11/10/2022 17:00,11/10/2022 12:00,SOUTH,1041.837
11/10/2022 18:00,11/10/2022 13:00,SOUTH,841.782
11/10/2022 19:00,11/10/2022 14:00,SOUTH,497.571
11/10/2022 20:00,11/10/2022 15:00,SOUTH,279.581
11/10/2022 21:00,11/10/2022 16:00,SOUTH,66.748
11/10/2022 22:00,11/10/2022 17:00,SOUTH,2.092
11/10/2022 23:00,11/10/2022 18:00,SOUTH,2.471
11/11/2022 0:00,11/10/2022 19:00,SOUTH,0.47
11/11/2022 1:00,11/10/2022 20:00,SOUTH,-4.118
11/11/2022 2:00,11/10/2022 21:00,SOUTH,-4.043
11/11/2022 3:00,11/10/2022 22:00,SOUTH,-4.175
11/11/2022 4:00,11/10/2022 23:00,SOUTH,-4.039
11/11/2022 5:00,11/11/2022 0:00,SOUTH,-4.148
11/11/2022 6:00,11/11/2022 1:00,SOUTH,-4.108
11/11/2022 7:00,11/11/2022 2:00,SOUTH,-4.169
11/11/2022 8:00,11/11/2022 3:00,SOUTH,-4.006
11/11/2022 9:00,11/11/2022 4:00,SOUTH,-3.961
11/11/2022 10:00,11/11/2022 5:00,SOUTH,-4.139
11/11/2022 11:00,11/11/2022 6:00,SOUTH,-3.631
11/11/2022 12:00,11/11/2022 7:00,SOUTH,38.907
11/11/2022 13:00,11/11/2022 8:00,SOUTH,138.96
11/11/2022 14:00,11/11/2022 9:00,SOUTH,304.365
11/11/2022 15:00,11/11/2022 10:00,SOUTH,390.689
11/11/2022 16:00,11/11/2022 11:00,SOUTH,618.928
11/11/2022 17:00,11/11/2022 12:00,SOUTH,663.862
11/11/2022 18:00,11/11/2022 13:00,SOUTH,713.005
11/11/2022 19:00,11/11/2022 14:00,SOUTH,625.708
11/11/2022 20:00,11/11/2022 15:00,SOUTH,478.698
11/11/2022 21:00,11/11/2022 16:00,SOUTH,115.752
11/11/2022 22:00,11/11/2022 17:00,SOUTH,-4.12
11/11/2022 23:00,11/11/2022 18:00,SOUTH,-4.186
11/12/2022 0:00,11/11/2022 19:00,SOUTH,-4.338
11/12/2022 1:00,11/11/2022 20:00,SOUTH,-4.151
11/12/2022 2:00,11/11/2022 21:00,SOUTH,-4.2
11/12/2022 3:00,11/11/2022 22:00,SOUTH,-4.22
11/12/2022 4:00,11/11/2022 23:00,SOUTH,-4.068
11/12/2022 5:00,11/12/2022 0:00,SOUTH,-4.29
11/12/2022 6:00,11/12/2022 1:00,SOUTH,-4.065
11/12/2022 7:00,11/12/2022 2:00,SOUTH,-4.265
11/12/2022 8:00,11/12/2022 3:00,SOUTH,-4.064
11/12/2022 9:00,11/12/2022 4:00,SOUTH,-4.141
11/12/2022 10:00,11/12/2022 5:00,SOUTH,-4.238
11/12/2022 11:00,11/12/2022 6:00,SOUTH,-1.916
11/12/2022 12:00,11/12/2022 7:00,SOUTH,336.888
11/12/2022 13:00,11/12/2022 8:00,SOUTH,1209.538
11/12/2022 14:00,11/12/2022 9:00,SOUTH,1449.445
11/12/2022 15:00,11/12/2022 10:00,SOUTH,1382.455
11/12/2022 16:00,11/12/2022 11:00,SOUTH,1352.891
11/12/2022 17:00,11/12/2022 12:00,SOUTH,1260.509
11/12/2022 18:00,11/12/2022 13:00,SOUTH,1018.498
11/12/2022 19:00,11/12/2022 14:00,SOUTH,885.896
11/12/2022 20:00,11/12/2022 15:00,SOUTH,671.187
11/12/2022 21:00,11/12/2022 16:00,SOUTH,112.18
11/12/2022 22:00,11/12/2022 17:00,SOUTH,-4.122
11/12/2022 23:00,11/12/2022 18:00,SOUTH,-4.243
11/13/2022 0:00,11/12/2022 19:00,SOUTH,-4.253
11/13/2022 1:00,11/12/2022 20:00,SOUTH,-4.195
11/13/2022 2:00,11/12/2022 21:00,SOUTH,-4.195
11/13/2022 3:00,11/12/2022 22:00,SOUTH,-4.352
11/13/2022 4:00,11/12/2022 23:00,SOUTH,-4.192
11/13/2022 5:00,11/13/2022 0:00,SOUTH,-4.332
11/13/2022 6:00,11/13/2022 1:00,SOUTH,-4.299
11/13/2022 7:00,11/13/2022 2:00,SOUTH,-4.128
11/13/2022 8:00,11/13/2022 3:00,SOUTH,-4.414
11/13/2022 9:00,11/13/2022 4:00,SOUTH,-4.184
11/13/2022 10:00,11/13/2022 5:00,SOUTH,-4.323
11/13/2022 11:00,11/13/2022 6:00,SOUTH,-3.845
11/13/2022 12:00,11/13/2022 7:00,SOUTH,112.958
11/13/2022 13:00,11/13/2022 8:00,SOUTH,760.54
11/13/2022 14:00,11/13/2022 9:00,SOUTH,1375.509
11/13/2022 15:00,11/13/2022 10:00,SOUTH,1616.3
11/13/2022 16:00,11/13/2022 11:00,SOUTH,1633.775
11/13/2022 17:00,11/13/2022 12:00,SOUTH,1716.804
11/13/2022 18:00,11/13/2022 13:00,SOUTH,1788.143
11/13/2022 19:00,11/13/2022 14:00,SOUTH,1859.999
11/13/2022 20:00,11/13/2022 15:00,SOUTH,1318.738
11/13/2022 21:00,11/13/2022 16:00,SOUTH,256.855
11/13/2022 22:00,11/13/2022 17:00,SOUTH,-3.701
11/13/2022 23:00,11/13/2022 18:00,SOUTH,-4.2
11/14/2022 0:00,11/13/2022 19:00,SOUTH,-4.29
11/14/2022 1:00,11/13/2022 20:00,SOUTH,-4.322
11/14/2022 2:00,11/13/2022 21:00,SOUTH,-4.139
11/14/2022 3:00,11/13/2022 22:00,SOUTH,-4.352
11/14/2022 4:00,11/13/2022 23:00,SOUTH,-4.252
11/14/2022 5:00,11/14/2022 0:00,SOUTH,-4.16
11/14/2022 6:00,11/14/2022 1:00,SOUTH,-4.284
11/14/2022 7:00,11/14/2022 2:00,SOUTH,-4.18
11/14/2022 8:00,11/14/2022 3:00,SOUTH,-4.416
11/14/2022 9:00,11/14/2022 4:00,SOUTH,-4.255
11/14/2022 10:00,11/14/2022 5:00,SOUTH,-4.344
11/14/2022 11:00,11/14/2022 6:00,SOUTH,0.332
11/14/2022 12:00,11/14/2022 7:00,SOUTH,442.405
11/14/2022 13:00,11/14/2022 8:00,SOUTH,1502.759
11/14/2022 14:00,11/14/2022 9:00,SOUTH,1787.93
11/14/2022 15:00,11/14/2022 10:00,SOUTH,1703.381
11/14/2022 16:00,11/14/2022 11:00,SOUTH,1605.238
11/14/2022 17:00,11/14/2022 12:00,SOUTH,1579.251
11/14/2022 18:00,11/14/2022 13:00,SOUTH,1577.414
11/14/2022 19:00,11/14/2022 14:00,SOUTH,1613.917
11/14/2022 20:00,11/14/2022 15:00,SOUTH,1099.331
11/14/2022 21:00,11/14/2022 16:00,SOUTH,219.293
11/14/2022 22:00,11/14/2022 17:00,SOUTH,-3.79
11/14/2022 23:00,11/14/2022 18:00,SOUTH,-4.362
11/15/2022 0:00,11/14/2022 19:00,SOUTH,-4.286
11/15/2022 1:00,11/14/2022 20:00,SOUTH,-4.205
11/15/2022 2:00,11/14/2022 21:00,SOUTH,-4.173
11/15/2022 3:00,11/14/2022 22:00,SOUTH,-4.222
11/15/2022 4:00,11/14/2022 23:00,SOUTH,-4.223
11/15/2022 5:00,11/15/2022 0:00,SOUTH,-4.122
11/15/2022 6:00,11/15/2022 1:00,SOUTH,-4.266
11/15/2022 7:00,11/15/2022 2:00,SOUTH,-4.271
11/15/2022 8:00,11/15/2022 3:00,SOUTH,-4.204
11/15/2022 9:00,11/15/2022 4:00,SOUTH,-4.442
11/15/2022 10:00,11/15/2022 5:00,SOUTH,-4.124
11/15/2022 11:00,11/15/2022 6:00,SOUTH,0.291
11/15/2022 12:00,11/15/2022 7:00,SOUTH,148.652
11/15/2022 13:00,11/15/2022 8:00,SOUTH,367.146
11/15/2022 14:00,11/15/2022 9:00,SOUTH,382.814
11/15/2022 15:00,11/15/2022 10:00,SOUTH,472.38
11/15/2022 16:00,11/15/2022 11:00,SOUTH,448.895
11/15/2022 17:00,11/15/2022 12:00,SOUTH,361.424
11/15/2022 18:00,11/15/2022 13:00,SOUTH,278.807
11/15/2022 19:00,11/15/2022 14:00,SOUTH,126.906
11/15/2022 20:00,11/15/2022 15:00,SOUTH,66.462
11/15/2022 21:00,11/15/2022 16:00,SOUTH,12.595
11/15/2022 22:00,11/15/2022 17:00,SOUTH,-4.172
11/15/2022 23:00,11/15/2022 18:00,SOUTH,-4.433
11/16/2022 0:00,11/15/2022 19:00,SOUTH,-4.134
11/16/2022 1:00,11/15/2022 20:00,SOUTH,-4.415
11/16/2022 2:00,11/15/2022 21:00,SOUTH,-4.184
11/16/2022 3:00,11/15/2022 22:00,SOUTH,-4.228
11/16/2022 4:00,11/15/2022 23:00,SOUTH,-4.161
11/16/2022 5:00,11/16/2022 0:00,SOUTH,-4.131
11/16/2022 6:00,11/16/2022 1:00,SOUTH,-4.309
11/16/2022 7:00,11/16/2022 2:00,SOUTH,-4.061
11/16/2022 8:00,11/16/2022 3:00,SOUTH,-4.437
11/16/2022 9:00,11/16/2022 4:00,SOUTH,-4.005
11/16/2022 10:00,11/16/2022 5:00,SOUTH,-4.024
11/16/2022 11:00,11/16/2022 6:00,SOUTH,-3.742
11/16/2022 12:00,11/16/2022 7:00,SOUTH,76.584
11/16/2022 13:00,11/16/2022 8:00,SOUTH,544.158
11/16/2022 14:00,11/16/2022 9:00,SOUTH,1064.473
11/16/2022 15:00,11/16/2022 10:00,SOUTH,1377.732
11/16/2022 16:00,11/16/2022 11:00,SOUTH,1493.389
11/16/2022 17:00,11/16/2022 12:00,SOUTH,1478.692
11/16/2022 18:00,11/16/2022 13:00,SOUTH,1308.152
11/16/2022 19:00,11/16/2022 14:00,SOUTH,1073.256
11/16/2022 20:00,11/16/2022 15:00,SOUTH,686.475
11/16/2022 21:00,11/16/2022 16:00,SOUTH,118.861
11/16/2022 22:00,11/16/2022 17:00,SOUTH,-4.591
11/16/2022 23:00,11/16/2022 18:00,SOUTH,-4.148
11/17/2022 0:00,11/16/2022 19:00,SOUTH,-4.232
11/17/2022 1:00,11/16/2022 20:00,SOUTH,-4.228
11/17/2022 2:00,11/16/2022 21:00,SOUTH,-4.034
11/17/2022 3:00,11/16/2022 22:00,SOUTH,-4.376
11/17/2022 4:00,11/16/2022 23:00,SOUTH,-4.101
11/17/2022 5:00,11/17/2022 0:00,SOUTH,-4.361
11/17/2022 6:00,11/17/2022 1:00,SOUTH,-4.19
11/17/2022 7:00,11/17/2022 2:00,SOUTH,-4.12
11/17/2022 8:00,11/17/2022 3:00,SOUTH,-4.311
11/17/2022 9:00,11/17/2022 4:00,SOUTH,-4.176
11/17/2022 10:00,11/17/2022 5:00,SOUTH,-4.342
11/17/2022 11:00,11/17/2022 6:00,SOUTH,-2.13
11/17/2022 12:00,11/17/2022 7:00,SOUTH,367.801
11/17/2022 13:00,11/17/2022 8:00,SOUTH,1403.204
11/17/2022 14:00,11/17/2022 9:00,SOUTH,1829.101
11/17/2022 15:00,11/17/2022 10:00,SOUTH,1801.906
11/17/2022 16:00,11/17/2022 11:00,SOUTH,1730.942
11/17/2022 17:00,11/17/2022 12:00,SOUTH,1752.386
11/17/2022 18:00,11/17/2022 13:00,SOUTH,1861.899
11/17/2022 19:00,11/17/2022 14:00,SOUTH,1876.841
11/17/2022 20:00,11/17/2022 15:00,SOUTH,1269.874
11/17/2022 21:00,11/17/2022 16:00,SOUTH,215.498
11/17/2022 22:00,11/17/2022 17:00,SOUTH,-4.554
11/17/2022 23:00,11/17/2022 18:00,SOUTH,-4.403
11/18/2022 0:00,11/17/2022 19:00,SOUTH,-4.235
11/18/2022 1:00,11/17/2022 20:00,SOUTH,-4.185
11/18/2022 2:00,11/17/2022 21:00,SOUTH,-4.174
11/18/2022 3:00,11/17/2022 22:00,SOUTH,-4.271
11/18/2022 4:00,11/17/2022 23:00,SOUTH,-4.212
11/18/2022 5:00,11/18/2022 0:00,SOUTH,-4.174
11/18/2022 6:00,11/18/2022 1:00,SOUTH,-4.214
11/18/2022 7:00,11/18/2022 2:00,SOUTH,-4.129
11/18/2022 8:00,11/18/2022 3:00,SOUTH,-4.457
11/18/2022 9:00,11/18/2022 4:00,SOUTH,-4.168
11/18/2022 10:00,11/18/2022 5:00,SOUTH,-4.3
11/18/2022 11:00,11/18/2022 6:00,SOUTH,-1.816
11/18/2022 12:00,11/18/2022 7:00,SOUTH,361.43
11/18/2022 13:00,11/18/2022 8:00,SOUTH,1399.612
11/18/2022 14:00,11/18/2022 9:00,SOUTH,1819.925
11/18/2022 15:00,11/18/2022 10:00,SOUTH,1763.176
11/18/2022 16:00,11/18/2022 11:00,SOUTH,1701.038
11/18/2022 17:00,11/18/2022 12:00,SOUTH,1718.941
11/18/2022 18:00,11/18/2022 13:00,SOUTH,1795.777
11/18/2022 19:00,11/18/2022 14:00,SOUTH,1819.573
11/18/2022 20:00,11/18/2022 15:00,SOUTH,1228.615
11/18/2022 21:00,11/18/2022 16:00,SOUTH,202.463
11/18/2022 22:00,11/18/2022 17:00,SOUTH,-4.331
11/18/2022 23:00,11/18/2022 18:00,SOUTH,-4.109
11/19/2022 0:00,11/18/2022 19:00,SOUTH,-4.267
11/19/2022 1:00,11/18/2022 20:00,SOUTH,-4.326
11/19/2022 2:00,11/18/2022 21:00,SOUTH,-4.284
11/19/2022 3:00,11/18/2022 22:00,SOUTH,-4.186
11/19/2022 4:00,11/18/2022 23:00,SOUTH,-4.247
11/19/2022 5:00,11/19/2022 0:00,SOUTH,-4.016
11/19/2022 6:00,11/19/2022 1:00,SOUTH,-4.175
11/19/2022 7:00,11/19/2022 2:00,SOUTH,-4.04
11/19/2022 8:00,11/19/2022 3:00,SOUTH,-4.249
11/19/2022 9:00,11/19/2022 4:00,SOUTH,-4.199
11/19/2022 10:00,11/19/2022 5:00,SOUTH,-5.004
11/19/2022 11:00,11/19/2022 6:00,SOUTH,-1.575
11/19/2022 12:00,11/19/2022 7:00,SOUTH,341.752
11/19/2022 13:00,11/19/2022 8:00,SOUTH,1366
11/19/2022 14:00,11/19/2022 9:00,SOUTH,2041.549
11/19/2022 15:00,11/19/2022 10:00,SOUTH,1997.904
11/19/2022 16:00,11/19/2022 11:00,SOUTH,1936.317
11/19/2022 17:00,11/19/2022 12:00,SOUTH,1949.716
11/19/2022 18:00,11/19/2022 13:00,SOUTH,2043.357
11/19/2022 19:00,11/19/2022 14:00,SOUTH,2058.969
11/19/2022 20:00,11/19/2022 15:00,SOUTH,1256.294
11/19/2022 21:00,11/19/2022 16:00,SOUTH,151.495
11/19/2022 22:00,11/19/2022 17:00,SOUTH,-4.355
11/19/2022 23:00,11/19/2022 18:00,SOUTH,-4.089
11/20/2022 0:00,11/19/2022 19:00,SOUTH,-4.033
11/20/2022 1:00,11/19/2022 20:00,SOUTH,-3.923
11/20/2022 2:00,11/19/2022 21:00,SOUTH,-5.217
11/20/2022 3:00,11/19/2022 22:00,SOUTH,-3.969
11/20/2022 4:00,11/19/2022 23:00,SOUTH,-4.257
11/20/2022 5:00,11/20/2022 0:00,SOUTH,-4.024
11/20/2022 6:00,11/20/2022 1:00,SOUTH,-3.979
11/20/2022 7:00,11/20/2022 2:00,SOUTH,-3.964
11/20/2022 8:00,11/20/2022 3:00,SOUTH,-4.033
11/20/2022 9:00,11/20/2022 4:00,SOUTH,-4.135
11/20/2022 10:00,11/20/2022 5:00,SOUTH,-5.004
11/20/2022 11:00,11/20/2022 6:00,SOUTH,-3.909
11/20/2022 12:00,11/20/2022 7:00,SOUTH,132.902
11/20/2022 13:00,11/20/2022 8:00,SOUTH,861.192
11/20/2022 14:00,11/20/2022 9:00,SOUTH,1592.041
11/20/2022 15:00,11/20/2022 10:00,SOUTH,1834.248
11/20/2022 16:00,11/20/2022 11:00,SOUTH,1833.705
11/20/2022 17:00,11/20/2022 12:00,SOUTH,1754.1
11/20/2022 18:00,11/20/2022 13:00,SOUTH,1672.9
11/20/2022 19:00,11/20/2022 14:00,SOUTH,1601.228
11/20/2022 20:00,11/20/2022 15:00,SOUTH,889.25
11/20/2022 21:00,11/20/2022 16:00,SOUTH,135.302
11/20/2022 22:00,11/20/2022 17:00,SOUTH,-4.28
11/20/2022 23:00,11/20/2022 18:00,SOUTH,-4.202
11/21/2022 0:00,11/20/2022 19:00,SOUTH,-4.253
11/21/2022 1:00,11/20/2022 20:00,SOUTH,-4.089
11/21/2022 2:00,11/20/2022 21:00,SOUTH,-4.209
11/21/2022 3:00,11/20/2022 22:00,SOUTH,-5.209
11/21/2022 4:00,11/20/2022 23:00,SOUTH,-4.214
11/21/2022 5:00,11/21/2022 0:00,SOUTH,-4.298
11/21/2022 6:00,11/21/2022 1:00,SOUTH,-4.2
11/21/2022 7:00,11/21/2022 2:00,SOUTH,-4.207
11/21/2022 8:00,11/21/2022 3:00,SOUTH,-4.156
11/21/2022 9:00,11/21/2022 4:00,SOUTH,-4.256
11/21/2022 10:00,11/21/2022 5:00,SOUTH,-5.093
11/21/2022 11:00,11/21/2022 6:00,SOUTH,-2.98
11/21/2022 12:00,11/21/2022 7:00,SOUTH,363.88
11/21/2022 13:00,11/21/2022 8:00,SOUTH,1593.656
11/21/2022 14:00,11/21/2022 9:00,SOUTH,2145.974
11/21/2022 15:00,11/21/2022 10:00,SOUTH,2051.163
11/21/2022 16:00,11/21/2022 11:00,SOUTH,1944.569
11/21/2022 17:00,11/21/2022 12:00,SOUTH,1860.194
11/21/2022 18:00,11/21/2022 13:00,SOUTH,1892.367
11/21/2022 19:00,11/21/2022 14:00,SOUTH,1882.087
11/21/2022 20:00,11/21/2022 15:00,SOUTH,1208.249
11/21/2022 21:00,11/21/2022 16:00,SOUTH,186.816
11/21/2022 22:00,11/21/2022 17:00,SOUTH,-4.581
11/21/2022 23:00,11/21/2022 18:00,SOUTH,-4.303
11/22/2022 0:00,11/21/2022 19:00,SOUTH,-4.376
11/22/2022 1:00,11/21/2022 20:00,SOUTH,-4.108
11/22/2022 2:00,11/21/2022 21:00,SOUTH,-4.484
11/22/2022 3:00,11/21/2022 22:00,SOUTH,-5.397
11/22/2022 4:00,11/21/2022 23:00,SOUTH,-4.423
11/22/2022 5:00,11/22/2022 0:00,SOUTH,-4.133
11/22/2022 6:00,11/22/2022 1:00,SOUTH,-4.235
11/22/2022 7:00,11/22/2022 2:00,SOUTH,-4.1
11/22/2022 8:00,11/22/2022 3:00,SOUTH,-4.304
11/22/2022 9:00,11/22/2022 4:00,SOUTH,-4.271
11/22/2022 10:00,11/22/2022 5:00,SOUTH,-5.276
11/22/2022 11:00,11/22/2022 6:00,SOUTH,-3.743
11/22/2022 12:00,11/22/2022 7:00,SOUTH,265.386
11/22/2022 13:00,11/22/2022 8:00,SOUTH,1197.278
11/22/2022 14:00,11/22/2022 9:00,SOUTH,1832.972
11/22/2022 15:00,11/22/2022 10:00,SOUTH,1925.376
11/22/2022 16:00,11/22/2022 11:00,SOUTH,1846.445
11/22/2022 17:00,11/22/2022 12:00,SOUTH,1829.221
11/22/2022 18:00,11/22/2022 13:00,SOUTH,1857.177
11/22/2022 19:00,11/22/2022 14:00,SOUTH,1881.759
11/22/2022 20:00,11/22/2022 15:00,SOUTH,1230.714
11/22/2022 21:00,11/22/2022 16:00,SOUTH,166.669
11/22/2022 22:00,11/22/2022 17:00,SOUTH,-4.644
11/22/2022 23:00,11/22/2022 18:00,SOUTH,-4.109
11/23/2022 0:00,11/22/2022 19:00,SOUTH,-4.309
11/23/2022 1:00,11/22/2022 20:00,SOUTH,-4.114
11/23/2022 2:00,11/22/2022 21:00,SOUTH,-4.324
11/23/2022 3:00,11/22/2022 22:00,SOUTH,-5.135
11/23/2022 4:00,11/22/2022 23:00,SOUTH,-4.214
11/23/2022 5:00,11/23/2022 0:00,SOUTH,-4.288
11/23/2022 6:00,11/23/2022 1:00,SOUTH,-4.283
11/23/2022 7:00,11/23/2022 2:00,SOUTH,-4.328
11/23/2022 8:00,11/23/2022 3:00,SOUTH,-4.203
11/23/2022 9:00,11/23/2022 4:00,SOUTH,-4.292
11/23/2022 10:00,11/23/2022 5:00,SOUTH,-4.233
11/23/2022 11:00,11/23/2022 6:00,SOUTH,-4.526
11/23/2022 12:00,11/23/2022 7:00,SOUTH,307.199
11/23/2022 13:00,11/23/2022 8:00,SOUTH,1513.179
11/23/2022 14:00,11/23/2022 9:00,SOUTH,2140.474
11/23/2022 15:00,11/23/2022 10:00,SOUTH,2060.057
11/23/2022 16:00,11/23/2022 11:00,SOUTH,1942.549
11/23/2022 17:00,11/23/2022 12:00,SOUTH,1932.219
11/23/2022 18:00,11/23/2022 13:00,SOUTH,2028.571
11/23/2022 19:00,11/23/2022 14:00,SOUTH,2054.974
11/23/2022 20:00,11/23/2022 15:00,SOUTH,1327.19
11/23/2022 21:00,11/23/2022 16:00,SOUTH,196.124
11/23/2022 22:00,11/23/2022 17:00,SOUTH,-4.556
11/23/2022 23:00,11/23/2022 18:00,SOUTH,-3.984
11/24/2022 0:00,11/23/2022 19:00,SOUTH,-4.299
11/24/2022 1:00,11/23/2022 20:00,SOUTH,-4.187
11/24/2022 2:00,11/23/2022 21:00,SOUTH,-4.143
11/24/2022 3:00,11/23/2022 22:00,SOUTH,-5.297
11/24/2022 4:00,11/23/2022 23:00,SOUTH,-4.189
11/24/2022 5:00,11/24/2022 0:00,SOUTH,-4.259
11/24/2022 6:00,11/24/2022 1:00,SOUTH,-4.262
11/24/2022 7:00,11/24/2022 2:00,SOUTH,-4.304
11/24/2022 8:00,11/24/2022 3:00,SOUTH,-4.277
11/24/2022 9:00,11/24/2022 4:00,SOUTH,-4.238
11/24/2022 10:00,11/24/2022 5:00,SOUTH,-4.113
11/24/2022 11:00,11/24/2022 6:00,SOUTH,-4.538
11/24/2022 12:00,11/24/2022 7:00,SOUTH,224.537
11/24/2022 13:00,11/24/2022 8:00,SOUTH,1159.607
11/24/2022 14:00,11/24/2022 9:00,SOUTH,1654.133
11/24/2022 15:00,11/24/2022 10:00,SOUTH,1715.723
11/24/2022 16:00,11/24/2022 11:00,SOUTH,1823.136
11/24/2022 17:00,11/24/2022 12:00,SOUTH,1900.975
11/24/2022 18:00,11/24/2022 13:00,SOUTH,1948.101
11/24/2022 19:00,11/24/2022 14:00,SOUTH,1943.728
11/24/2022 20:00,11/24/2022 15:00,SOUTH,1135.555
11/24/2022 21:00,11/24/2022 16:00,SOUTH,150.239
11/24/2022 22:00,11/24/2022 17:00,SOUTH,-4.638
11/24/2022 23:00,11/24/2022 18:00,SOUTH,-4.219
11/25/2022 0:00,11/24/2022 19:00,SOUTH,-4.173
11/25/2022 1:00,11/24/2022 20:00,SOUTH,-4.192
11/25/2022 2:00,11/24/2022 21:00,SOUTH,-4.133
11/25/2022 3:00,11/24/2022 22:00,SOUTH,-5.209
11/25/2022 4:00,11/24/2022 23:00,SOUTH,-4.204
11/25/2022 5:00,11/25/2022 0:00,SOUTH,-4.499
11/25/2022 6:00,11/25/2022 1:00,SOUTH,-4.262
11/25/2022 7:00,11/25/2022 2:00,SOUTH,-4.217
11/25/2022 8:00,11/25/2022 3:00,SOUTH,-4.321
11/25/2022 9:00,11/25/2022 4:00,SOUTH,-4.138
11/25/2022 10:00,11/25/2022 5:00,SOUTH,-4.371
11/25/2022 11:00,11/25/2022 6:00,SOUTH,-4.272
11/25/2022 12:00,11/25/2022 7:00,SOUTH,1.834
11/25/2022 13:00,11/25/2022 8:00,SOUTH,50.68
11/25/2022 14:00,11/25/2022 9:00,SOUTH,139.171
11/25/2022 15:00,11/25/2022 10:00,SOUTH,334.763
11/25/2022 16:00,11/25/2022 11:00,SOUTH,579.554
11/25/2022 17:00,11/25/2022 12:00,SOUTH,845.97
11/25/2022 18:00,11/25/2022 13:00,SOUTH,1068.44
11/25/2022 19:00,11/25/2022 14:00,SOUTH,1345.253
11/25/2022 20:00,11/25/2022 15:00,SOUTH,991.54
11/25/2022 21:00,11/25/2022 16:00,SOUTH,123.64
11/25/2022 22:00,11/25/2022 17:00,SOUTH,-4.435
11/25/2022 23:00,11/25/2022 18:00,SOUTH,-4.277
11/26/2022 0:00,11/25/2022 19:00,SOUTH,-4.272
11/26/2022 1:00,11/25/2022 20:00,SOUTH,-4.313
11/26/2022 2:00,11/25/2022 21:00,SOUTH,-4.207
11/26/2022 3:00,11/25/2022 22:00,SOUTH,-4.228
11/26/2022 4:00,11/25/2022 23:00,SOUTH,-4.244
11/26/2022 5:00,11/26/2022 0:00,SOUTH,-4.346
11/26/2022 6:00,11/26/2022 1:00,SOUTH,-4.214
11/26/2022 7:00,11/26/2022 2:00,SOUTH,-4.299
11/26/2022 8:00,11/26/2022 3:00,SOUTH,-4.236
11/26/2022 9:00,11/26/2022 4:00,SOUTH,-4.297
11/26/2022 10:00,11/26/2022 5:00,SOUTH,-4.331
11/26/2022 11:00,11/26/2022 6:00,SOUTH,-3.583
11/26/2022 12:00,11/26/2022 7:00,SOUTH,284.846
11/26/2022 13:00,11/26/2022 8:00,SOUTH,1464.341
11/26/2022 14:00,11/26/2022 9:00,SOUTH,2088.124
11/26/2022 15:00,11/26/2022 10:00,SOUTH,1986.55
11/26/2022 16:00,11/26/2022 11:00,SOUTH,1886.43
11/26/2022 17:00,11/26/2022 12:00,SOUTH,1799.345
11/26/2022 18:00,11/26/2022 13:00,SOUTH,1857.65
11/26/2022 19:00,11/26/2022 14:00,SOUTH,1746.887
11/26/2022 20:00,11/26/2022 15:00,SOUTH,1137.05
11/26/2022 21:00,11/26/2022 16:00,SOUTH,126.404
11/26/2022 22:00,11/26/2022 17:00,SOUTH,-4.774
11/26/2022 23:00,11/26/2022 18:00,SOUTH,-4.39
11/27/2022 0:00,11/26/2022 19:00,SOUTH,-4.248
11/27/2022 1:00,11/26/2022 20:00,SOUTH,-4.345
11/27/2022 2:00,11/26/2022 21:00,SOUTH,-4.356
11/27/2022 3:00,11/26/2022 22:00,SOUTH,-4.531
11/27/2022 4:00,11/26/2022 23:00,SOUTH,-4.235
11/27/2022 5:00,11/27/2022 0:00,SOUTH,-4.375
11/27/2022 6:00,11/27/2022 1:00,SOUTH,-4.213
11/27/2022 7:00,11/27/2022 2:00,SOUTH,-4.277
11/27/2022 8:00,11/27/2022 3:00,SOUTH,-4.539
11/27/2022 9:00,11/27/2022 4:00,SOUTH,-4.221
11/27/2022 10:00,11/27/2022 5:00,SOUTH,-4.371
11/27/2022 11:00,11/27/2022 6:00,SOUTH,-4.229
11/27/2022 12:00,11/27/2022 7:00,SOUTH,8.196
11/27/2022 13:00,11/27/2022 8:00,SOUTH,48.469
11/27/2022 14:00,11/27/2022 9:00,SOUTH,94.032
11/27/2022 15:00,11/27/2022 10:00,SOUTH,147.735
11/27/2022 16:00,11/27/2022 11:00,SOUTH,227.291
11/27/2022 17:00,11/27/2022 12:00,SOUTH,287.751
11/27/2022 18:00,11/27/2022 13:00,SOUTH,236.258
11/27/2022 19:00,11/27/2022 14:00,SOUTH,248.168
11/27/2022 20:00,11/27/2022 15:00,SOUTH,276.416
11/27/2022 21:00,11/27/2022 16:00,SOUTH,102.495
11/27/2022 22:00,11/27/2022 17:00,SOUTH,-4.405
11/27/2022 23:00,11/27/2022 18:00,SOUTH,-4.137
11/28/2022 0:00,11/27/2022 19:00,SOUTH,-4.097
11/28/2022 1:00,11/27/2022 20:00,SOUTH,-4.3
11/28/2022 2:00,11/27/2022 21:00,SOUTH,-4.256
11/28/2022 3:00,11/27/2022 22:00,SOUTH,-4.175
11/28/2022 4:00,11/27/2022 23:00,SOUTH,-4.166
11/28/2022 5:00,11/28/2022 0:00,SOUTH,-4.228
11/28/2022 6:00,11/28/2022 1:00,SOUTH,-4.081
11/28/2022 7:00,11/28/2022 2:00,SOUTH,-4.249
11/28/2022 8:00,11/28/2022 3:00,SOUTH,-4.221
11/28/2022 9:00,11/28/2022 4:00,SOUTH,-4.109
11/28/2022 10:00,11/28/2022 5:00,SOUTH,-4.26
11/28/2022 11:00,11/28/2022 6:00,SOUTH,-3.61
11/28/2022 12:00,11/28/2022 7:00,SOUTH,215.49
11/28/2022 13:00,11/28/2022 8:00,SOUTH,1212.904
11/28/2022 14:00,11/28/2022 9:00,SOUTH,1797.246
11/28/2022 15:00,11/28/2022 10:00,SOUTH,1839.492
11/28/2022 16:00,11/28/2022 11:00,SOUTH,1724.652
11/28/2022 17:00,11/28/2022 12:00,SOUTH,1610.66
11/28/2022 18:00,11/28/2022 13:00,SOUTH,1449.978
11/28/2022 19:00,11/28/2022 14:00,SOUTH,1319.491
11/28/2022 20:00,11/28/2022 15:00,SOUTH,798.093
11/28/2022 21:00,11/28/2022 16:00,SOUTH,131.438
11/28/2022 22:00,11/28/2022 17:00,SOUTH,-4.355
11/28/2022 23:00,11/28/2022 18:00,SOUTH,-4.291
11/29/2022 0:00,11/28/2022 19:00,SOUTH,-4.18
11/29/2022 1:00,11/28/2022 20:00,SOUTH,-4.324
11/29/2022 2:00,11/28/2022 21:00,SOUTH,-4.057
11/29/2022 3:00,11/28/2022 22:00,SOUTH,-4.048
11/29/2022 4:00,11/28/2022 23:00,SOUTH,-4.188
11/29/2022 5:00,11/29/2022 0:00,SOUTH,-4.12
11/29/2022 6:00,11/29/2022 1:00,SOUTH,-4.141
11/29/2022 7:00,11/29/2022 2:00,SOUTH,-4.177
11/29/2022 8:00,11/29/2022 3:00,SOUTH,-4.23
11/29/2022 9:00,11/29/2022 4:00,SOUTH,-4.123
11/29/2022 10:00,11/29/2022 5:00,SOUTH,-4.225
11/29/2022 11:00,11/29/2022 6:00,SOUTH,-3.984
11/29/2022 12:00,11/29/2022 7:00,SOUTH,221.675
11/29/2022 13:00,11/29/2022 8:00,SOUTH,1207.699
11/29/2022 14:00,11/29/2022 9:00,SOUTH,1680.103
11/29/2022 15:00,11/29/2022 10:00,SOUTH,1744.732
11/29/2022 16:00,11/29/2022 11:00,SOUTH,1682.339
11/29/2022 17:00,11/29/2022 12:00,SOUTH,1758.11
11/29/2022 18:00,11/29/2022 13:00,SOUTH,1893.217
11/29/2022 19:00,11/29/2022 14:00,SOUTH,1907.293
11/29/2022 20:00,11/29/2022 15:00,SOUTH,1219.996
11/29/2022 21:00,11/29/2022 16:00,SOUTH,152.891
11/29/2022 22:00,11/29/2022 17:00,SOUTH,-4.534
11/29/2022 23:00,11/29/2022 18:00,SOUTH,-4.309
11/30/2022 0:00,11/29/2022 19:00,SOUTH,-4.028
11/30/2022 1:00,11/29/2022 20:00,SOUTH,-4.282
11/30/2022 2:00,11/29/2022 21:00,SOUTH,-4.294
11/30/2022 3:00,11/29/2022 22:00,SOUTH,-4.211
11/30/2022 4:00,11/29/2022 23:00,SOUTH,-4.2
11/30/2022 5:00,11/30/2022 0:00,SOUTH,-4.106
11/30/2022 6:00,11/30/2022 1:00,SOUTH,-4.135
11/30/2022 7:00,11/30/2022 2:00,SOUTH,-4.116
11/30/2022 8:00,11/30/2022 3:00,SOUTH,-4.113
11/30/2022 9:00,11/30/2022 4:00,SOUTH,-4.18
11/30/2022 10:00,11/30/2022 5:00,SOUTH,-4.085
11/30/2022 11:00,11/30/2022 6:00,SOUTH,-4.057
11/30/2022 12:00,11/30/2022 7:00,SOUTH,7.568
11/30/2022 13:00,11/30/2022 8:00,SOUTH,39.019
11/30/2022 14:00,11/30/2022 9:00,SOUTH,82.038
11/30/2022 15:00,11/30/2022 10:00,SOUTH,175.175
11/30/2022 16:00,11/30/2022 11:00,SOUTH,293.58
11/30/2022 17:00,11/30/2022 12:00,SOUTH,378.389
11/30/2022 18:00,11/30/2022 13:00,SOUTH,407.552
11/30/2022 19:00,11/30/2022 14:00,SOUTH,377.732
11/30/2022 20:00,11/30/2022 15:00,SOUTH,414.447
11/30/2022 21:00,11/30/2022 16:00,SOUTH,100.536
11/30/2022 22:00,11/30/2022 17:00,SOUTH,-4.202
11/30/2022 23:00,11/30/2022 18:00,SOUTH,-4.188
12/1/2022 0:00,11/30/2022 19:00,SOUTH,-4.162
12/1/2022 1:00,11/30/2022 20:00,SOUTH,-4.215
12/1/2022 2:00,11/30/2022 21:00,SOUTH,-4.148
12/1/2022 3:00,11/30/2022 22:00,SOUTH,-4.125
12/1/2022 4:00,11/30/2022 23:00,SOUTH,-4.251
12/1/2022 5:00,12/1/2022 0:00,SOUTH,-4.05
12/1/2022 6:00,12/1/2022 1:00,SOUTH,-4.255
12/1/2022 7:00,12/1/2022 2:00,SOUTH,-4.226
12/1/2022 8:00,12/1/2022 3:00,SOUTH,-4.235
12/1/2022 9:00,12/1/2022 4:00,SOUTH,-4.268
12/1/2022 10:00,12/1/2022 5:00,SOUTH,-4.142
12/1/2022 11:00,12/1/2022 6:00,SOUTH,-3.715
12/1/2022 12:00,12/1/2022 7:00,SOUTH,199.021
12/1/2022 13:00,12/1/2022 8:00,SOUTH,1169.091
12/1/2022 14:00,12/1/2022 9:00,SOUTH,1803.867
12/1/2022 15:00,12/1/2022 10:00,SOUTH,1884.642
12/1/2022 16:00,12/1/2022 11:00,SOUTH,1844.622
12/1/2022 17:00,12/1/2022 12:00,SOUTH,1844.744
12/1/2022 18:00,12/1/2022 13:00,SOUTH,1938.777
12/1/2022 19:00,12/1/2022 14:00,SOUTH,1884.533
12/1/2022 20:00,12/1/2022 15:00,SOUTH,1068.712
12/1/2022 21:00,12/1/2022 16:00,SOUTH,163.058
12/1/2022 22:00,12/1/2022 17:00,SOUTH,-4.58
12/1/2022 23:00,12/1/2022 18:00,SOUTH,-4.623
12/2/2022 0:00,12/1/2022 19:00,SOUTH,-4.449
12/2/2022 1:00,12/1/2022 20:00,SOUTH,-4.518
12/2/2022 2:00,12/1/2022 21:00,SOUTH,-4.401
12/2/2022 3:00,12/1/2022 22:00,SOUTH,-4.339
12/2/2022 4:00,12/1/2022 23:00,SOUTH,-4.456
12/2/2022 5:00,12/2/2022 0:00,SOUTH,-4.335
12/2/2022 6:00,12/2/2022 1:00,SOUTH,-4.406
12/2/2022 7:00,12/2/2022 2:00,SOUTH,-4.399
12/2/2022 8:00,12/2/2022 3:00,SOUTH,-4.532
12/2/2022 9:00,12/2/2022 4:00,SOUTH,-4.589
12/2/2022 10:00,12/2/2022 5:00,SOUTH,-4.578
12/2/2022 11:00,12/2/2022 6:00,SOUTH,-4.22
12/2/2022 12:00,12/2/2022 7:00,SOUTH,212.84
12/2/2022 13:00,12/2/2022 8:00,SOUTH,1338.559
12/2/2022 14:00,12/2/2022 9:00,SOUTH,2037.404
12/2/2022 15:00,12/2/2022 10:00,SOUTH,1976.941
12/2/2022 16:00,12/2/2022 11:00,SOUTH,1839.672
12/2/2022 17:00,12/2/2022 12:00,SOUTH,1767.959
12/2/2022 18:00,12/2/2022 13:00,SOUTH,1794.508
12/2/2022 19:00,12/2/2022 14:00,SOUTH,1681.537
12/2/2022 20:00,12/2/2022 15:00,SOUTH,998.199
12/2/2022 21:00,12/2/2022 16:00,SOUTH,143.79
12/2/2022 22:00,12/2/2022 17:00,SOUTH,-4.61
12/2/2022 23:00,12/2/2022 18:00,SOUTH,-4.524
12/3/2022 0:00,12/2/2022 19:00,SOUTH,-4.212
12/3/2022 1:00,12/2/2022 20:00,SOUTH,-4.273
12/3/2022 2:00,12/2/2022 21:00,SOUTH,-4.478
12/3/2022 3:00,12/2/2022 22:00,SOUTH,-4.229
12/3/2022 4:00,12/2/2022 23:00,SOUTH,-4.363
12/3/2022 5:00,12/3/2022 0:00,SOUTH,-4.284
12/3/2022 6:00,12/3/2022 1:00,SOUTH,-4.001
12/3/2022 7:00,12/3/2022 2:00,SOUTH,-4.518
12/3/2022 8:00,12/3/2022 3:00,SOUTH,-4.314
12/3/2022 9:00,12/3/2022 4:00,SOUTH,-4.358
12/3/2022 10:00,12/3/2022 5:00,SOUTH,-4.255
12/3/2022 11:00,12/3/2022 6:00,SOUTH,-4.395
12/3/2022 12:00,12/3/2022 7:00,SOUTH,7.968
12/3/2022 13:00,12/3/2022 8:00,SOUTH,87.997
12/3/2022 14:00,12/3/2022 9:00,SOUTH,179.949
12/3/2022 15:00,12/3/2022 10:00,SOUTH,222.655
12/3/2022 16:00,12/3/2022 11:00,SOUTH,250.145
12/3/2022 17:00,12/3/2022 12:00,SOUTH,409.627
12/3/2022 18:00,12/3/2022 13:00,SOUTH,451.568
12/3/2022 19:00,12/3/2022 14:00,SOUTH,532.98
12/3/2022 20:00,12/3/2022 15:00,SOUTH,344.01
12/3/2022 21:00,12/3/2022 16:00,SOUTH,48.393
12/3/2022 22:00,12/3/2022 17:00,SOUTH,-4.387
12/3/2022 23:00,12/3/2022 18:00,SOUTH,-4.26
12/4/2022 0:00,12/3/2022 19:00,SOUTH,-4.232
12/4/2022 1:00,12/3/2022 20:00,SOUTH,-4.33
12/4/2022 2:00,12/3/2022 21:00,SOUTH,-4.272
12/4/2022 3:00,12/3/2022 22:00,SOUTH,-4.263
12/4/2022 4:00,12/3/2022 23:00,SOUTH,-4.278
12/4/2022 5:00,12/4/2022 0:00,SOUTH,-4.252
12/4/2022 6:00,12/4/2022 1:00,SOUTH,-4.298
12/4/2022 7:00,12/4/2022 2:00,SOUTH,-4.19
12/4/2022 8:00,12/4/2022 3:00,SOUTH,-4.187
12/4/2022 9:00,12/4/2022 4:00,SOUTH,-4.366
12/4/2022 10:00,12/4/2022 5:00,SOUTH,-4.195
12/4/2022 11:00,12/4/2022 6:00,SOUTH,-4.096
12/4/2022 12:00,12/4/2022 7:00,SOUTH,158.581
12/4/2022 13:00,12/4/2022 8:00,SOUTH,977.334
12/4/2022 14:00,12/4/2022 9:00,SOUTH,1465.796
12/4/2022 15:00,12/4/2022 10:00,SOUTH,1455.916
12/4/2022 16:00,12/4/2022 11:00,SOUTH,1423.87
12/4/2022 17:00,12/4/2022 12:00,SOUTH,1372.07
12/4/2022 18:00,12/4/2022 13:00,SOUTH,1399.757
12/4/2022 19:00,12/4/2022 14:00,SOUTH,1150.853
12/4/2022 20:00,12/4/2022 15:00,SOUTH,634.068
12/4/2022 21:00,12/4/2022 16:00,SOUTH,79.264
12/4/2022 22:00,12/4/2022 17:00,SOUTH,-4.551
12/4/2022 23:00,12/4/2022 18:00,SOUTH,-4.634
12/5/2022 0:00,12/4/2022 19:00,SOUTH,-4.255
12/5/2022 1:00,12/4/2022 20:00,SOUTH,-4.351
12/5/2022 2:00,12/4/2022 21:00,SOUTH,-4.439
12/5/2022 3:00,12/4/2022 22:00,SOUTH,-4.308
12/5/2022 4:00,12/4/2022 23:00,SOUTH,-4.25
12/5/2022 5:00,12/5/2022 0:00,SOUTH,-4.42
12/5/2022 6:00,12/5/2022 1:00,SOUTH,-4.293
12/5/2022 7:00,12/5/2022 2:00,SOUTH,-4.359
12/5/2022 8:00,12/5/2022 3:00,SOUTH,-4.468
12/5/2022 9:00,12/5/2022 4:00,SOUTH,-4.447
12/5/2022 10:00,12/5/2022 5:00,SOUTH,-4.454
12/5/2022 11:00,12/5/2022 6:00,SOUTH,-3.978
12/5/2022 12:00,12/5/2022 7:00,SOUTH,151.233
12/5/2022 13:00,12/5/2022 8:00,SOUTH,822.141
12/5/2022 14:00,12/5/2022 9:00,SOUTH,1282.075
12/5/2022 15:00,12/5/2022 10:00,SOUTH,1316.671
12/5/2022 16:00,12/5/2022 11:00,SOUTH,1317.635
12/5/2022 17:00,12/5/2022 12:00,SOUTH,1403.124
12/5/2022 18:00,12/5/2022 13:00,SOUTH,1346.189
12/5/2022 19:00,12/5/2022 14:00,SOUTH,1072.049
12/5/2022 20:00,12/5/2022 15:00,SOUTH,484.721
12/5/2022 21:00,12/5/2022 16:00,SOUTH,62.352
12/5/2022 22:00,12/5/2022 17:00,SOUTH,-4.369
12/5/2022 23:00,12/5/2022 18:00,SOUTH,-4.208
12/6/2022 0:00,12/5/2022 19:00,SOUTH,-4.341
12/6/2022 1:00,12/5/2022 20:00,SOUTH,-4.133
12/6/2022 2:00,12/5/2022 21:00,SOUTH,-4.277
12/6/2022 3:00,12/5/2022 22:00,SOUTH,-4.167
12/6/2022 4:00,12/5/2022 23:00,SOUTH,-4.06
12/6/2022 5:00,12/6/2022 0:00,SOUTH,-4.111
12/6/2022 6:00,12/6/2022 1:00,SOUTH,-4.016
12/6/2022 7:00,12/6/2022 2:00,SOUTH,-4.113
12/6/2022 8:00,12/6/2022 3:00,SOUTH,-4.09
12/6/2022 9:00,12/6/2022 4:00,SOUTH,-4.27
12/6/2022 10:00,12/6/2022 5:00,SOUTH,-4.092
12/6/2022 11:00,12/6/2022 6:00,SOUTH,-4.036
12/6/2022 12:00,12/6/2022 7:00,SOUTH,13.054
12/6/2022 13:00,12/6/2022 8:00,SOUTH,103.212
12/6/2022 14:00,12/6/2022 9:00,SOUTH,264.819
12/6/2022 15:00,12/6/2022 10:00,SOUTH,435.532
12/6/2022 16:00,12/6/2022 11:00,SOUTH,647.098
12/6/2022 17:00,12/6/2022 12:00,SOUTH,689.16
12/6/2022 18:00,12/6/2022 13:00,SOUTH,482.484
12/6/2022 19:00,12/6/2022 14:00,SOUTH,323.529
12/6/2022 20:00,12/6/2022 15:00,SOUTH,169.689
12/6/2022 21:00,12/6/2022 16:00,SOUTH,24.343
12/6/2022 22:00,12/6/2022 17:00,SOUTH,-4.085
12/6/2022 23:00,12/6/2022 18:00,SOUTH,-4.209
12/7/2022 0:00,12/6/2022 19:00,SOUTH,-4.071
12/7/2022 1:00,12/6/2022 20:00,SOUTH,-4.046
12/7/2022 2:00,12/6/2022 21:00,SOUTH,-4.251
12/7/2022 3:00,12/6/2022 22:00,SOUTH,-4.034
12/7/2022 4:00,12/6/2022 23:00,SOUTH,-4.288
12/7/2022 5:00,12/7/2022 0:00,SOUTH,-4.136
12/7/2022 6:00,12/7/2022 1:00,SOUTH,-4.143
12/7/2022 7:00,12/7/2022 2:00,SOUTH,-4.072
12/7/2022 8:00,12/7/2022 3:00,SOUTH,-4.072
12/7/2022 9:00,12/7/2022 4:00,SOUTH,-4.13
12/7/2022 10:00,12/7/2022 5:00,SOUTH,-4.033
12/7/2022 11:00,12/7/2022 6:00,SOUTH,-4.156
12/7/2022 12:00,12/7/2022 7:00,SOUTH,38.659
12/7/2022 13:00,12/7/2022 8:00,SOUTH,186.335
12/7/2022 14:00,12/7/2022 9:00,SOUTH,287.002
12/7/2022 15:00,12/7/2022 10:00,SOUTH,376.03
12/7/2022 16:00,12/7/2022 11:00,SOUTH,382.494
12/7/2022 17:00,12/7/2022 12:00,SOUTH,441.153
12/7/2022 18:00,12/7/2022 13:00,SOUTH,341.364
12/7/2022 19:00,12/7/2022 14:00,SOUTH,231.029
12/7/2022 20:00,12/7/2022 15:00,SOUTH,124.78
12/7/2022 21:00,12/7/2022 16:00,SOUTH,20.462
12/7/2022 22:00,12/7/2022 17:00,SOUTH,-4.248
12/7/2022 23:00,12/7/2022 18:00,SOUTH,-4.142
12/8/2022 0:00,12/7/2022 19:00,SOUTH,-4.018
12/8/2022 1:00,12/7/2022 20:00,SOUTH,-4.229
12/8/2022 2:00,12/7/2022 21:00,SOUTH,-4.075
12/8/2022 3:00,12/7/2022 22:00,SOUTH,-4.184
12/8/2022 4:00,12/7/2022 23:00,SOUTH,-4.131
12/8/2022 5:00,12/8/2022 0:00,SOUTH,-4.106
12/8/2022 6:00,12/8/2022 1:00,SOUTH,-4.103
12/8/2022 7:00,12/8/2022 2:00,SOUTH,-4.011
12/8/2022 8:00,12/8/2022 3:00,SOUTH,-4.243
12/8/2022 9:00,12/8/2022 4:00,SOUTH,-3.982
12/8/2022 10:00,12/8/2022 5:00,SOUTH,-4.143
12/8/2022 11:00,12/8/2022 6:00,SOUTH,-4.015
12/8/2022 12:00,12/8/2022 7:00,SOUTH,77.013
12/8/2022 13:00,12/8/2022 8:00,SOUTH,544.365
12/8/2022 14:00,12/8/2022 9:00,SOUTH,1028.653
12/8/2022 15:00,12/8/2022 10:00,SOUTH,1165.474
12/8/2022 16:00,12/8/2022 11:00,SOUTH,978.661
12/8/2022 17:00,12/8/2022 12:00,SOUTH,758.176
12/8/2022 18:00,12/8/2022 13:00,SOUTH,462.636
12/8/2022 19:00,12/8/2022 14:00,SOUTH,281.316
12/8/2022 20:00,12/8/2022 15:00,SOUTH,156.917
12/8/2022 21:00,12/8/2022 16:00,SOUTH,17.145
12/8/2022 22:00,12/8/2022 17:00,SOUTH,-4.137
12/8/2022 23:00,12/8/2022 18:00,SOUTH,-4.088
12/9/2022 0:00,12/8/2022 19:00,SOUTH,-4.113
12/9/2022 1:00,12/8/2022 20:00,SOUTH,-4.117
12/9/2022 2:00,12/8/2022 21:00,SOUTH,-4.031
12/9/2022 3:00,12/8/2022 22:00,SOUTH,-4.049
12/9/2022 4:00,12/8/2022 23:00,SOUTH,-4.081
12/9/2022 5:00,12/9/2022 0:00,SOUTH,-4.094
12/9/2022 6:00,12/9/2022 1:00,SOUTH,-3.934
12/9/2022 7:00,12/9/2022 2:00,SOUTH,-4.066
12/9/2022 8:00,12/9/2022 3:00,SOUTH,-3.923
12/9/2022 9:00,12/9/2022 4:00,SOUTH,-3.987
12/9/2022 10:00,12/9/2022 5:00,SOUTH,-4.097
12/9/2022 11:00,12/9/2022 6:00,SOUTH,-4.078
12/9/2022 12:00,12/9/2022 7:00,SOUTH,56.914
12/9/2022 13:00,12/9/2022 8:00,SOUTH,585.524
12/9/2022 14:00,12/9/2022 9:00,SOUTH,1245.176
12/9/2022 15:00,12/9/2022 10:00,SOUTH,1298.186
12/9/2022 16:00,12/9/2022 11:00,SOUTH,1300.136
12/9/2022 17:00,12/9/2022 12:00,SOUTH,1286.268
12/9/2022 18:00,12/9/2022 13:00,SOUTH,1196.308
12/9/2022 19:00,12/9/2022 14:00,SOUTH,1089.057
12/9/2022 20:00,12/9/2022 15:00,SOUTH,599.034
12/9/2022 21:00,12/9/2022 16:00,SOUTH,67.703
12/9/2022 22:00,12/9/2022 17:00,SOUTH,-4.272
12/9/2022 23:00,12/9/2022 18:00,SOUTH,-4.165
12/10/2022 0:00,12/9/2022 19:00,SOUTH,-4.069
12/10/2022 1:00,12/9/2022 20:00,SOUTH,-4.315
12/10/2022 2:00,12/9/2022 21:00,SOUTH,-4.122
12/10/2022 3:00,12/9/2022 22:00,SOUTH,-4.132
12/10/2022 4:00,12/9/2022 23:00,SOUTH,-4.128
12/10/2022 5:00,12/10/2022 0:00,SOUTH,-4.101
12/10/2022 6:00,12/10/2022 1:00,SOUTH,-4.155
12/10/2022 7:00,12/10/2022 2:00,SOUTH,-4.05
12/10/2022 8:00,12/10/2022 3:00,SOUTH,-4.3
12/10/2022 9:00,12/10/2022 4:00,SOUTH,-4.113
12/10/2022 10:00,12/10/2022 5:00,SOUTH,-4.219
12/10/2022 11:00,12/10/2022 6:00,SOUTH,-4.048
12/10/2022 12:00,12/10/2022 7:00,SOUTH,55.617
12/10/2022 13:00,12/10/2022 8:00,SOUTH,388.531
12/10/2022 14:00,12/10/2022 9:00,SOUTH,668.97
12/10/2022 15:00,12/10/2022 10:00,SOUTH,889.688
12/10/2022 16:00,12/10/2022 11:00,SOUTH,975.745
12/10/2022 17:00,12/10/2022 12:00,SOUTH,854.492
12/10/2022 18:00,12/10/2022 13:00,SOUTH,642.125
12/10/2022 19:00,12/10/2022 14:00,SOUTH,447.873
12/10/2022 20:00,12/10/2022 15:00,SOUTH,261.503
12/10/2022 21:00,12/10/2022 16:00,SOUTH,44.887
12/10/2022 22:00,12/10/2022 17:00,SOUTH,-4.361
12/10/2022 23:00,12/10/2022 18:00,SOUTH,-4.158
12/11/2022 0:00,12/10/2022 19:00,SOUTH,-4.077
12/11/2022 1:00,12/10/2022 20:00,SOUTH,-4.228
12/11/2022 2:00,12/10/2022 21:00,SOUTH,-4.056
12/11/2022 3:00,12/10/2022 22:00,SOUTH,-4.134
12/11/2022 4:00,12/10/2022 23:00,SOUTH,-3.954
12/11/2022 5:00,12/11/2022 0:00,SOUTH,-4.252
12/11/2022 6:00,12/11/2022 1:00,SOUTH,-4.179
12/11/2022 7:00,12/11/2022 2:00,SOUTH,-4.044
12/11/2022 8:00,12/11/2022 3:00,SOUTH,-4.306
12/11/2022 9:00,12/11/2022 4:00,SOUTH,-4.106
12/11/2022 10:00,12/11/2022 5:00,SOUTH,-3.869
12/11/2022 11:00,12/11/2022 6:00,SOUTH,-4.361
12/11/2022 12:00,12/11/2022 7:00,SOUTH,35.261
12/11/2022 13:00,12/11/2022 8:00,SOUTH,216.012
12/11/2022 14:00,12/11/2022 9:00,SOUTH,497.04
12/11/2022 15:00,12/11/2022 10:00,SOUTH,835.014
12/11/2022 16:00,12/11/2022 11:00,SOUTH,1094.584
12/11/2022 17:00,12/11/2022 12:00,SOUTH,1080.197
12/11/2022 18:00,12/11/2022 13:00,SOUTH,1012.436
12/11/2022 19:00,12/11/2022 14:00,SOUTH,910.61
12/11/2022 20:00,12/11/2022 15:00,SOUTH,462.469
12/11/2022 21:00,12/11/2022 16:00,SOUTH,62.853
12/11/2022 22:00,12/11/2022 17:00,SOUTH,-4.434
12/11/2022 23:00,12/11/2022 18:00,SOUTH,-3.986
12/12/2022 0:00,12/11/2022 19:00,SOUTH,-4.166
12/12/2022 1:00,12/11/2022 20:00,SOUTH,-4.237
12/12/2022 2:00,12/11/2022 21:00,SOUTH,-4.078
12/12/2022 3:00,12/11/2022 22:00,SOUTH,-4.22
12/12/2022 4:00,12/11/2022 23:00,SOUTH,-4.009
12/12/2022 5:00,12/12/2022 0:00,SOUTH,-3.983
12/12/2022 6:00,12/12/2022 1:00,SOUTH,-4.225
12/12/2022 7:00,12/12/2022 2:00,SOUTH,-4.088
12/12/2022 8:00,12/12/2022 3:00,SOUTH,-4.354
12/12/2022 9:00,12/12/2022 4:00,SOUTH,-4.011
12/12/2022 10:00,12/12/2022 5:00,SOUTH,-4.154
12/12/2022 11:00,12/12/2022 6:00,SOUTH,-4.325
12/12/2022 12:00,12/12/2022 7:00,SOUTH,97.142
12/12/2022 13:00,12/12/2022 8:00,SOUTH,813.249
12/12/2022 14:00,12/12/2022 9:00,SOUTH,1507.054
12/12/2022 15:00,12/12/2022 10:00,SOUTH,1373
12/12/2022 16:00,12/12/2022 11:00,SOUTH,1181.941
12/12/2022 17:00,12/12/2022 12:00,SOUTH,901.858
12/12/2022 18:00,12/12/2022 13:00,SOUTH,662.183
12/12/2022 19:00,12/12/2022 14:00,SOUTH,387.917
12/12/2022 20:00,12/12/2022 15:00,SOUTH,208.575
12/12/2022 21:00,12/12/2022 16:00,SOUTH,29.46
12/12/2022 22:00,12/12/2022 17:00,SOUTH,-3.941
12/12/2022 23:00,12/12/2022 18:00,SOUTH,-4.107
12/13/2022 0:00,12/12/2022 19:00,SOUTH,-3.847
12/13/2022 1:00,12/12/2022 20:00,SOUTH,-3.934
12/13/2022 2:00,12/12/2022 21:00,SOUTH,-3.855
12/13/2022 3:00,12/12/2022 22:00,SOUTH,-3.859
12/13/2022 4:00,12/12/2022 23:00,SOUTH,-3.937
12/13/2022 5:00,12/13/2022 0:00,SOUTH,-3.902
12/13/2022 6:00,12/13/2022 1:00,SOUTH,-4.069
12/13/2022 7:00,12/13/2022 2:00,SOUTH,-3.786
12/13/2022 8:00,12/13/2022 3:00,SOUTH,-3.941
12/13/2022 9:00,12/13/2022 4:00,SOUTH,-4.056
12/13/2022 10:00,12/13/2022 5:00,SOUTH,-3.898
12/13/2022 11:00,12/13/2022 6:00,SOUTH,-3.971
12/13/2022 12:00,12/13/2022 7:00,SOUTH,52.329
12/13/2022 13:00,12/13/2022 8:00,SOUTH,471.796
12/13/2022 14:00,12/13/2022 9:00,SOUTH,954.655
12/13/2022 15:00,12/13/2022 10:00,SOUTH,1031.471
12/13/2022 16:00,12/13/2022 11:00,SOUTH,1096.841
12/13/2022 17:00,12/13/2022 12:00,SOUTH,1226.683
12/13/2022 18:00,12/13/2022 13:00,SOUTH,1367.244
12/13/2022 19:00,12/13/2022 14:00,SOUTH,1471.359
12/13/2022 20:00,12/13/2022 15:00,SOUTH,1008.077
12/13/2022 21:00,12/13/2022 16:00,SOUTH,144.62
12/13/2022 22:00,12/13/2022 17:00,SOUTH,-4.026
12/13/2022 23:00,12/13/2022 18:00,SOUTH,-3.896
12/14/2022 0:00,12/13/2022 19:00,SOUTH,-3.848
12/14/2022 1:00,12/13/2022 20:00,SOUTH,-3.998
12/14/2022 2:00,12/13/2022 21:00,SOUTH,-3.82
12/14/2022 3:00,12/13/2022 22:00,SOUTH,-3.976
12/14/2022 4:00,12/13/2022 23:00,SOUTH,-3.978
12/14/2022 5:00,12/14/2022 0:00,SOUTH,-3.737
12/14/2022 6:00,12/14/2022 1:00,SOUTH,-3.989
12/14/2022 7:00,12/14/2022 2:00,SOUTH,-3.806
12/14/2022 8:00,12/14/2022 3:00,SOUTH,-4.132
12/14/2022 9:00,12/14/2022 4:00,SOUTH,-3.962
12/14/2022 10:00,12/14/2022 5:00,SOUTH,-3.922
12/14/2022 11:00,12/14/2022 6:00,SOUTH,-3.948
12/14/2022 12:00,12/14/2022 7:00,SOUTH,69.953
12/14/2022 13:00,12/14/2022 8:00,SOUTH,428.265
12/14/2022 14:00,12/14/2022 9:00,SOUTH,958.953
12/14/2022 15:00,12/14/2022 10:00,SOUTH,1013.673
12/14/2022 16:00,12/14/2022 11:00,SOUTH,964.801
12/14/2022 17:00,12/14/2022 12:00,SOUTH,834.44
12/14/2022 18:00,12/14/2022 13:00,SOUTH,582.257
12/14/2022 19:00,12/14/2022 14:00,SOUTH,341.644
12/14/2022 20:00,12/14/2022 15:00,SOUTH,156.2
12/14/2022 21:00,12/14/2022 16:00,SOUTH,17.629
12/14/2022 22:00,12/14/2022 17:00,SOUTH,-4.093
12/14/2022 23:00,12/14/2022 18:00,SOUTH,-4.162
12/15/2022 0:00,12/14/2022 19:00,SOUTH,-3.998
12/15/2022 1:00,12/14/2022 20:00,SOUTH,-4.146
12/15/2022 2:00,12/14/2022 21:00,SOUTH,-4.091
12/15/2022 3:00,12/14/2022 22:00,SOUTH,-4.052
12/15/2022 4:00,12/14/2022 23:00,SOUTH,-3.993
12/15/2022 5:00,12/15/2022 0:00,SOUTH,-4.039
12/15/2022 6:00,12/15/2022 1:00,SOUTH,-4.072
12/15/2022 7:00,12/15/2022 2:00,SOUTH,-3.959
12/15/2022 8:00,12/15/2022 3:00,SOUTH,-4.286
12/15/2022 9:00,12/15/2022 4:00,SOUTH,-3.995
12/15/2022 10:00,12/15/2022 5:00,SOUTH,-4.143
12/15/2022 11:00,12/15/2022 6:00,SOUTH,-4.193
12/15/2022 12:00,12/15/2022 7:00,SOUTH,-2.568
12/15/2022 13:00,12/15/2022 8:00,SOUTH,17.384
12/15/2022 14:00,12/15/2022 9:00,SOUTH,40.633
12/15/2022 15:00,12/15/2022 10:00,SOUTH,72.511
12/15/2022 16:00,12/15/2022 11:00,SOUTH,118.858
12/15/2022 17:00,12/15/2022 12:00,SOUTH,142.191
12/15/2022 18:00,12/15/2022 13:00,SOUTH,125.706
12/15/2022 19:00,12/15/2022 14:00,SOUTH,86.188
12/15/2022 20:00,12/15/2022 15:00,SOUTH,48.314
12/15/2022 21:00,12/15/2022 16:00,SOUTH,8.39
12/15/2022 22:00,12/15/2022 17:00,SOUTH,-3.983
12/15/2022 23:00,12/15/2022 18:00,SOUTH,-4.157
12/16/2022 0:00,12/15/2022 19:00,SOUTH,-4.051
12/16/2022 1:00,12/15/2022 20:00,SOUTH,-4.096
12/16/2022 2:00,12/15/2022 21:00,SOUTH,-4.164
12/16/2022 3:00,12/15/2022 22:00,SOUTH,-4.04
12/16/2022 4:00,12/15/2022 23:00,SOUTH,-4.028
12/16/2022 5:00,12/16/2022 0:00,SOUTH,-4.049
12/16/2022 6:00,12/16/2022 1:00,SOUTH,-4.12
12/16/2022 7:00,12/16/2022 2:00,SOUTH,-4.189
12/16/2022 8:00,12/16/2022 3:00,SOUTH,-4.301
12/16/2022 9:00,12/16/2022 4:00,SOUTH,-4.133
12/16/2022 10:00,12/16/2022 5:00,SOUTH,-4.204
12/16/2022 11:00,12/16/2022 6:00,SOUTH,-4.309
12/16/2022 12:00,12/16/2022 7:00,SOUTH,87.605
12/16/2022 13:00,12/16/2022 8:00,SOUTH,959.658
12/16/2022 14:00,12/16/2022 9:00,SOUTH,1798.261
12/16/2022 15:00,12/16/2022 10:00,SOUTH,1814.942
12/16/2022 16:00,12/16/2022 11:00,SOUTH,1681.401
12/16/2022 17:00,12/16/2022 12:00,SOUTH,1502.743
12/16/2022 18:00,12/16/2022 13:00,SOUTH,1615.415
12/16/2022 19:00,12/16/2022 14:00,SOUTH,1680.104
12/16/2022 20:00,12/16/2022 15:00,SOUTH,982.112
12/16/2022 21:00,12/16/2022 16:00,SOUTH,138.937
12/16/2022 22:00,12/16/2022 17:00,SOUTH,-4.555
12/16/2022 23:00,12/16/2022 18:00,SOUTH,-4.228
12/17/2022 0:00,12/16/2022 19:00,SOUTH,-4.371
12/17/2022 1:00,12/16/2022 20:00,SOUTH,-4.122
12/17/2022 2:00,12/16/2022 21:00,SOUTH,-4.331
12/17/2022 3:00,12/16/2022 22:00,SOUTH,-4.356
12/17/2022 4:00,12/16/2022 23:00,SOUTH,-4.284
12/17/2022 5:00,12/17/2022 0:00,SOUTH,-4.088
12/17/2022 6:00,12/17/2022 1:00,SOUTH,-4.199
12/17/2022 7:00,12/17/2022 2:00,SOUTH,-4.371
12/17/2022 8:00,12/17/2022 3:00,SOUTH,-4.393
12/17/2022 9:00,12/17/2022 4:00,SOUTH,-4.379
12/17/2022 10:00,12/17/2022 5:00,SOUTH,-4.152
12/17/2022 11:00,12/17/2022 6:00,SOUTH,-4.267
12/17/2022 12:00,12/17/2022 7:00,SOUTH,81.991
12/17/2022 13:00,12/17/2022 8:00,SOUTH,869.718
12/17/2022 14:00,12/17/2022 9:00,SOUTH,1259.055
12/17/2022 15:00,12/17/2022 10:00,SOUTH,1384.228
12/17/2022 16:00,12/17/2022 11:00,SOUTH,1513.501
12/17/2022 17:00,12/17/2022 12:00,SOUTH,1479.188
12/17/2022 18:00,12/17/2022 13:00,SOUTH,1348.637
12/17/2022 19:00,12/17/2022 14:00,SOUTH,1048.558
12/17/2022 20:00,12/17/2022 15:00,SOUTH,633.408
12/17/2022 21:00,12/17/2022 16:00,SOUTH,95.097
12/17/2022 22:00,12/17/2022 17:00,SOUTH,-4.559
12/17/2022 23:00,12/17/2022 18:00,SOUTH,-4.136
12/18/2022 0:00,12/17/2022 19:00,SOUTH,-4.311
12/18/2022 1:00,12/17/2022 20:00,SOUTH,-4.184
12/18/2022 2:00,12/17/2022 21:00,SOUTH,-4.271
12/18/2022 3:00,12/17/2022 22:00,SOUTH,-4.299
12/18/2022 4:00,12/17/2022 23:00,SOUTH,-4.064
12/18/2022 5:00,12/18/2022 0:00,SOUTH,-4.285
12/18/2022 6:00,12/18/2022 1:00,SOUTH,-4.235
12/18/2022 7:00,12/18/2022 2:00,SOUTH,-4.248
12/18/2022 8:00,12/18/2022 3:00,SOUTH,-4.25
12/18/2022 9:00,12/18/2022 4:00,SOUTH,-4.373
12/18/2022 10:00,12/18/2022 5:00,SOUTH,-4.321
12/18/2022 11:00,12/18/2022 6:00,SOUTH,-4.204
12/18/2022 12:00,12/18/2022 7:00,SOUTH,88.512
12/18/2022 13:00,12/18/2022 8:00,SOUTH,1007.679
12/18/2022 14:00,12/18/2022 9:00,SOUTH,1879.51
12/18/2022 15:00,12/18/2022 10:00,SOUTH,1804.833
12/18/2022 16:00,12/18/2022 11:00,SOUTH,1591.09
12/18/2022 17:00,12/18/2022 12:00,SOUTH,1499.223
12/18/2022 18:00,12/18/2022 13:00,SOUTH,1432.111
12/18/2022 19:00,12/18/2022 14:00,SOUTH,1277.488
12/18/2022 20:00,12/18/2022 15:00,SOUTH,789.346
12/18/2022 21:00,12/18/2022 16:00,SOUTH,150.456
12/18/2022 22:00,12/18/2022 17:00,SOUTH,-4.451
12/18/2022 23:00,12/18/2022 18:00,SOUTH,-4.277
12/19/2022 0:00,12/18/2022 19:00,SOUTH,-4.238
12/19/2022 1:00,12/18/2022 20:00,SOUTH,-4.135
12/19/2022 2:00,12/18/2022 21:00,SOUTH,-4.267
12/19/2022 3:00,12/18/2022 22:00,SOUTH,-4.032
12/19/2022 4:00,12/18/2022 23:00,SOUTH,-4.15
12/19/2022 5:00,12/19/2022 0:00,SOUTH,-4.161
12/19/2022 6:00,12/19/2022 1:00,SOUTH,-3.929
12/19/2022 7:00,12/19/2022 2:00,SOUTH,-3.932
12/19/2022 8:00,12/19/2022 3:00,SOUTH,-5.138
12/19/2022 9:00,12/19/2022 4:00,SOUTH,-4.149
12/19/2022 10:00,12/19/2022 5:00,SOUTH,-3.856
12/19/2022 11:00,12/19/2022 6:00,SOUTH,-4.076
12/19/2022 12:00,12/19/2022 7:00,SOUTH,94.716
12/19/2022 13:00,12/19/2022 8:00,SOUTH,1000.45
12/19/2022 14:00,12/19/2022 9:00,SOUTH,1791.686
12/19/2022 15:00,12/19/2022 10:00,SOUTH,1809.326
12/19/2022 16:00,12/19/2022 11:00,SOUTH,1660.681
12/19/2022 17:00,12/19/2022 12:00,SOUTH,1567.646
12/19/2022 18:00,12/19/2022 13:00,SOUTH,1532.262
12/19/2022 19:00,12/19/2022 14:00,SOUTH,987.691
12/19/2022 20:00,12/19/2022 15:00,SOUTH,677.307
12/19/2022 21:00,12/19/2022 16:00,SOUTH,148.566
12/19/2022 22:00,12/19/2022 17:00,SOUTH,-4.219
12/19/2022 23:00,12/19/2022 18:00,SOUTH,-4.814
12/20/2022 0:00,12/19/2022 19:00,SOUTH,-3.73
12/20/2022 1:00,12/19/2022 20:00,SOUTH,-3.976
12/20/2022 2:00,12/19/2022 21:00,SOUTH,-4.087
12/20/2022 3:00,12/19/2022 22:00,SOUTH,-3.964
12/20/2022 4:00,12/19/2022 23:00,SOUTH,-3.816
12/20/2022 5:00,12/20/2022 0:00,SOUTH,-3.959
12/20/2022 6:00,12/20/2022 1:00,SOUTH,-3.889
12/20/2022 7:00,12/20/2022 2:00,SOUTH,-5.063
12/20/2022 8:00,12/20/2022 3:00,SOUTH,-3.89
12/20/2022 9:00,12/20/2022 4:00,SOUTH,-4.228
12/20/2022 10:00,12/20/2022 5:00,SOUTH,-3.918
12/20/2022 11:00,12/20/2022 6:00,SOUTH,-3.975
12/20/2022 12:00,12/20/2022 7:00,SOUTH,73.6
12/20/2022 13:00,12/20/2022 8:00,SOUTH,776.779
12/20/2022 14:00,12/20/2022 9:00,SOUTH,1458.432
12/20/2022 15:00,12/20/2022 10:00,SOUTH,1453.963
12/20/2022 16:00,12/20/2022 11:00,SOUTH,1453.832
12/20/2022 17:00,12/20/2022 12:00,SOUTH,1461.763
12/20/2022 18:00,12/20/2022 13:00,SOUTH,1406.954
12/20/2022 19:00,12/20/2022 14:00,SOUTH,1190.92
12/20/2022 20:00,12/20/2022 15:00,SOUTH,616.4
12/20/2022 21:00,12/20/2022 16:00,SOUTH,91.495
12/20/2022 22:00,12/20/2022 17:00,SOUTH,-3.965
12/20/2022 23:00,12/20/2022 18:00,SOUTH,-4.744
12/21/2022 0:00,12/20/2022 19:00,SOUTH,-3.944
12/21/2022 1:00,12/20/2022 20:00,SOUTH,-3.549
12/21/2022 2:00,12/20/2022 21:00,SOUTH,-3.962
12/21/2022 3:00,12/20/2022 22:00,SOUTH,-3.656
12/21/2022 4:00,12/20/2022 23:00,SOUTH,-3.718
12/21/2022 5:00,12/21/2022 0:00,SOUTH,-3.826
12/21/2022 6:00,12/21/2022 1:00,SOUTH,-3.716
12/21/2022 7:00,12/21/2022 2:00,SOUTH,-4.784
12/21/2022 8:00,12/21/2022 3:00,SOUTH,-3.756
12/21/2022 9:00,12/21/2022 4:00,SOUTH,-3.836
12/21/2022 10:00,12/21/2022 5:00,SOUTH,-3.771
12/21/2022 11:00,12/21/2022 6:00,SOUTH,-3.799
12/21/2022 12:00,12/21/2022 7:00,SOUTH,63.55
12/21/2022 13:00,12/21/2022 8:00,SOUTH,822.633
12/21/2022 14:00,12/21/2022 9:00,SOUTH,1742.436
12/21/2022 15:00,12/21/2022 10:00,SOUTH,1779.265
12/21/2022 16:00,12/21/2022 11:00,SOUTH,1593.397
12/21/2022 17:00,12/21/2022 12:00,SOUTH,1525.094
12/21/2022 18:00,12/21/2022 13:00,SOUTH,1495.541
12/21/2022 19:00,12/21/2022 14:00,SOUTH,1346.037
12/21/2022 20:00,12/21/2022 15:00,SOUTH,794.202
12/21/2022 21:00,12/21/2022 16:00,SOUTH,103.091
12/21/2022 22:00,12/21/2022 17:00,SOUTH,-4.28
12/21/2022 23:00,12/21/2022 18:00,SOUTH,-5.481
12/22/2022 0:00,12/21/2022 19:00,SOUTH,-4.159
12/22/2022 1:00,12/21/2022 20:00,SOUTH,-4.236
12/22/2022 2:00,12/21/2022 21:00,SOUTH,-4.331
12/22/2022 3:00,12/21/2022 22:00,SOUTH,-4.064
12/22/2022 4:00,12/21/2022 23:00,SOUTH,-4.293
12/22/2022 5:00,12/22/2022 0:00,SOUTH,-4.208
12/22/2022 6:00,12/22/2022 1:00,SOUTH,-4.432
12/22/2022 7:00,12/22/2022 2:00,SOUTH,-5.389
12/22/2022 8:00,12/22/2022 3:00,SOUTH,-4.362
12/22/2022 9:00,12/22/2022 4:00,SOUTH,-4.269
12/22/2022 10:00,12/22/2022 5:00,SOUTH,-4.407
12/22/2022 11:00,12/22/2022 6:00,SOUTH,-4.304
12/22/2022 12:00,12/22/2022 7:00,SOUTH,9.003
12/22/2022 13:00,12/22/2022 8:00,SOUTH,99.078
12/22/2022 14:00,12/22/2022 9:00,SOUTH,101.859
12/22/2022 15:00,12/22/2022 10:00,SOUTH,59.34
12/22/2022 16:00,12/22/2022 11:00,SOUTH,54.649
12/22/2022 17:00,12/22/2022 12:00,SOUTH,53.51
12/22/2022 18:00,12/22/2022 13:00,SOUTH,64.046
12/22/2022 19:00,12/22/2022 14:00,SOUTH,116.356
12/22/2022 20:00,12/22/2022 15:00,SOUTH,154.324
12/22/2022 21:00,12/22/2022 16:00,SOUTH,39.793
12/22/2022 22:00,12/22/2022 17:00,SOUTH,-4.393
12/22/2022 23:00,12/22/2022 18:00,SOUTH,-4.438
12/23/2022 0:00,12/22/2022 19:00,SOUTH,-4.306
12/23/2022 1:00,12/22/2022 20:00,SOUTH,-5.379
12/23/2022 2:00,12/22/2022 21:00,SOUTH,-4.284
12/23/2022 3:00,12/22/2022 22:00,SOUTH,-4.307
12/23/2022 4:00,12/22/2022 23:00,SOUTH,-4.404
12/23/2022 5:00,12/23/2022 0:00,SOUTH,-4.323
12/23/2022 6:00,12/23/2022 1:00,SOUTH,-4.373
12/23/2022 7:00,12/23/2022 2:00,SOUTH,-4.289
12/23/2022 8:00,12/23/2022 3:00,SOUTH,-4.394
12/23/2022 9:00,12/23/2022 4:00,SOUTH,-5.331
12/23/2022 10:00,12/23/2022 5:00,SOUTH,-4.257
12/23/2022 11:00,12/23/2022 6:00,SOUTH,-4.263
12/23/2022 12:00,12/23/2022 7:00,SOUTH,7.444
12/23/2022 13:00,12/23/2022 8:00,SOUTH,314.719
12/23/2022 14:00,12/23/2022 9:00,SOUTH,855.228
12/23/2022 15:00,12/23/2022 10:00,SOUTH,1038.93
12/23/2022 16:00,12/23/2022 11:00,SOUTH,1588.699
12/23/2022 17:00,12/23/2022 12:00,SOUTH,1674.32
12/23/2022 18:00,12/23/2022 13:00,SOUTH,1817.042
12/23/2022 19:00,12/23/2022 14:00,SOUTH,1906.715
12/23/2022 20:00,12/23/2022 15:00,SOUTH,1268.542
12/23/2022 21:00,12/23/2022 16:00,SOUTH,200.08
12/23/2022 22:00,12/23/2022 17:00,SOUTH,-4.535
12/23/2022 23:00,12/23/2022 18:00,SOUTH,-4.573
12/24/2022 0:00,12/23/2022 19:00,SOUTH,-4.574
12/24/2022 1:00,12/23/2022 20:00,SOUTH,-5.372
12/24/2022 2:00,12/23/2022 21:00,SOUTH,-4.656
12/24/2022 3:00,12/23/2022 22:00,SOUTH,-4.477
12/24/2022 4:00,12/23/2022 23:00,SOUTH,-4.449
12/24/2022 5:00,12/24/2022 0:00,SOUTH,-4.542
12/24/2022 6:00,12/24/2022 1:00,SOUTH,-4.471
12/24/2022 7:00,12/24/2022 2:00,SOUTH,-4.517
12/24/2022 8:00,12/24/2022 3:00,SOUTH,-5.556
12/24/2022 9:00,12/24/2022 4:00,SOUTH,-4.599
12/24/2022 10:00,12/24/2022 5:00,SOUTH,-4.52
12/24/2022 11:00,12/24/2022 6:00,SOUTH,-4.608
12/24/2022 12:00,12/24/2022 7:00,SOUTH,57.628
12/24/2022 13:00,12/24/2022 8:00,SOUTH,753.404
12/24/2022 14:00,12/24/2022 9:00,SOUTH,1474.441
12/24/2022 15:00,12/24/2022 10:00,SOUTH,1601.904
12/24/2022 16:00,12/24/2022 11:00,SOUTH,1535.642
12/24/2022 17:00,12/24/2022 12:00,SOUTH,1523.517
12/24/2022 18:00,12/24/2022 13:00,SOUTH,1613.619
12/24/2022 19:00,12/24/2022 14:00,SOUTH,1659.226
12/24/2022 20:00,12/24/2022 15:00,SOUTH,1154.703
12/24/2022 21:00,12/24/2022 16:00,SOUTH,188.922
12/24/2022 22:00,12/24/2022 17:00,SOUTH,-5.58
12/24/2022 23:00,12/24/2022 18:00,SOUTH,-4.545
12/25/2022 0:00,12/24/2022 19:00,SOUTH,-4.554
12/25/2022 1:00,12/24/2022 20:00,SOUTH,-4.37
12/25/2022 2:00,12/24/2022 21:00,SOUTH,-4.588
12/25/2022 3:00,12/24/2022 22:00,SOUTH,-4.415
12/25/2022 4:00,12/24/2022 23:00,SOUTH,-5.695
12/25/2022 5:00,12/25/2022 0:00,SOUTH,-4.37
12/25/2022 6:00,12/25/2022 1:00,SOUTH,-4.49
12/25/2022 7:00,12/25/2022 2:00,SOUTH,-4.579
12/25/2022 8:00,12/25/2022 3:00,SOUTH,-4.39
12/25/2022 9:00,12/25/2022 4:00,SOUTH,-4.655
12/25/2022 10:00,12/25/2022 5:00,SOUTH,-4.578
12/25/2022 11:00,12/25/2022 6:00,SOUTH,-5.605
12/25/2022 12:00,12/25/2022 7:00,SOUTH,64.185
12/25/2022 13:00,12/25/2022 8:00,SOUTH,896.109
12/25/2022 14:00,12/25/2022 9:00,SOUTH,1773.616
12/25/2022 15:00,12/25/2022 10:00,SOUTH,1827.779
12/25/2022 16:00,12/25/2022 11:00,SOUTH,1725.546
12/25/2022 17:00,12/25/2022 12:00,SOUTH,1708.942
12/25/2022 18:00,12/25/2022 13:00,SOUTH,1832.75
12/25/2022 19:00,12/25/2022 14:00,SOUTH,1931.057
12/25/2022 20:00,12/25/2022 15:00,SOUTH,1334.315
12/25/2022 21:00,12/25/2022 16:00,SOUTH,219.625
12/25/2022 22:00,12/25/2022 17:00,SOUTH,-4.432
12/25/2022 23:00,12/25/2022 18:00,SOUTH,-4.235
12/26/2022 0:00,12/25/2022 19:00,SOUTH,-4.515
12/26/2022 1:00,12/25/2022 20:00,SOUTH,-4.462
12/26/2022 2:00,12/25/2022 21:00,SOUTH,-4.52
12/26/2022 3:00,12/25/2022 22:00,SOUTH,-5.36
12/26/2022 4:00,12/25/2022 23:00,SOUTH,-4.52
12/26/2022 5:00,12/26/2022 0:00,SOUTH,-4.355
12/26/2022 6:00,12/26/2022 1:00,SOUTH,-4.445
12/26/2022 7:00,12/26/2022 2:00,SOUTH,-4.613
12/26/2022 8:00,12/26/2022 3:00,SOUTH,-4.513
12/26/2022 9:00,12/26/2022 4:00,SOUTH,-4.555
12/26/2022 10:00,12/26/2022 5:00,SOUTH,-5.49
12/26/2022 11:00,12/26/2022 6:00,SOUTH,-4.558
12/26/2022 12:00,12/26/2022 7:00,SOUTH,71.693
12/26/2022 13:00,12/26/2022 8:00,SOUTH,950.965
12/26/2022 14:00,12/26/2022 9:00,SOUTH,1818.593
12/26/2022 15:00,12/26/2022 10:00,SOUTH,1823.277
12/26/2022 16:00,12/26/2022 11:00,SOUTH,1699.277
12/26/2022 17:00,12/26/2022 12:00,SOUTH,1500.382
12/26/2022 18:00,12/26/2022 13:00,SOUTH,1293.225
12/26/2022 19:00,12/26/2022 14:00,SOUTH,1071.201
12/26/2022 20:00,12/26/2022 15:00,SOUTH,620
12/26/2022 21:00,12/26/2022 16:00,SOUTH,117.426
12/26/2022 22:00,12/26/2022 17:00,SOUTH,-4.446
12/26/2022 23:00,12/26/2022 18:00,SOUTH,-4.504
12/27/2022 0:00,12/26/2022 19:00,SOUTH,-4.485
12/27/2022 1:00,12/26/2022 20:00,SOUTH,-4.363
12/27/2022 2:00,12/26/2022 21:00,SOUTH,-5.659
12/27/2022 3:00,12/26/2022 22:00,SOUTH,-4.235
12/27/2022 4:00,12/26/2022 23:00,SOUTH,-4.424
12/27/2022 5:00,12/27/2022 0:00,SOUTH,-4.422
12/27/2022 6:00,12/27/2022 1:00,SOUTH,-4.414
12/27/2022 7:00,12/27/2022 2:00,SOUTH,-4.326
12/27/2022 8:00,12/27/2022 3:00,SOUTH,-4.436
12/27/2022 9:00,12/27/2022 4:00,SOUTH,-5.371
12/27/2022 10:00,12/27/2022 5:00,SOUTH,-4.513
12/27/2022 11:00,12/27/2022 6:00,SOUTH,-4.354
12/27/2022 12:00,12/27/2022 7:00,SOUTH,56.05
12/27/2022 13:00,12/27/2022 8:00,SOUTH,790.759
12/27/2022 14:00,12/27/2022 9:00,SOUTH,1540.682
12/27/2022 15:00,12/27/2022 10:00,SOUTH,1639.074
12/27/2022 16:00,12/27/2022 11:00,SOUTH,1530.186
12/27/2022 17:00,12/27/2022 12:00,SOUTH,1574.83
12/27/2022 18:00,12/27/2022 13:00,SOUTH,1711.62
12/27/2022 19:00,12/27/2022 14:00,SOUTH,1740.02
12/27/2022 20:00,12/27/2022 15:00,SOUTH,1233.589
12/27/2022 21:00,12/27/2022 16:00,SOUTH,222.501
12/27/2022 22:00,12/27/2022 17:00,SOUTH,-4.287
12/27/2022 23:00,12/27/2022 18:00,SOUTH,-4.421
12/28/2022 0:00,12/27/2022 19:00,SOUTH,-4.394
12/28/2022 1:00,12/27/2022 20:00,SOUTH,-4.381
12/28/2022 2:00,12/27/2022 21:00,SOUTH,-5.316
12/28/2022 3:00,12/27/2022 22:00,SOUTH,-4.289
12/28/2022 4:00,12/27/2022 23:00,SOUTH,-4.466
12/28/2022 5:00,12/28/2022 0:00,SOUTH,-4.573
12/28/2022 6:00,12/28/2022 1:00,SOUTH,-4.509
12/28/2022 7:00,12/28/2022 2:00,SOUTH,-4.326
12/28/2022 8:00,12/28/2022 3:00,SOUTH,-4.498
12/28/2022 9:00,12/28/2022 4:00,SOUTH,-5.466
12/28/2022 10:00,12/28/2022 5:00,SOUTH,-4.446
12/28/2022 11:00,12/28/2022 6:00,SOUTH,-4.649
12/28/2022 12:00,12/28/2022 7:00,SOUTH,67.659
12/28/2022 13:00,12/28/2022 8:00,SOUTH,919.277
12/28/2022 14:00,12/28/2022 9:00,SOUTH,1796.122
12/28/2022 15:00,12/28/2022 10:00,SOUTH,1846.799
12/28/2022 16:00,12/28/2022 11:00,SOUTH,1715.218
12/28/2022 17:00,12/28/2022 12:00,SOUTH,1684.824
12/28/2022 18:00,12/28/2022 13:00,SOUTH,1765.561
12/28/2022 19:00,12/28/2022 14:00,SOUTH,1734.471
12/28/2022 20:00,12/28/2022 15:00,SOUTH,1270.972
12/28/2022 21:00,12/28/2022 16:00,SOUTH,228.485
12/28/2022 22:00,12/28/2022 17:00,SOUTH,-4.369
12/28/2022 23:00,12/28/2022 18:00,SOUTH,-4.448
12/29/2022 0:00,12/28/2022 19:00,SOUTH,-4.199
12/29/2022 1:00,12/28/2022 20:00,SOUTH,-5.434
12/29/2022 2:00,12/28/2022 21:00,SOUTH,-4.377
12/29/2022 3:00,12/28/2022 22:00,SOUTH,-4.262
12/29/2022 4:00,12/28/2022 23:00,SOUTH,-4.506
12/29/2022 5:00,12/29/2022 0:00,SOUTH,-4.277
12/29/2022 6:00,12/29/2022 1:00,SOUTH,-4.409
12/29/2022 7:00,12/29/2022 2:00,SOUTH,-4.282
12/29/2022 8:00,12/29/2022 3:00,SOUTH,-4.444
12/29/2022 9:00,12/29/2022 4:00,SOUTH,-5.496
12/29/2022 10:00,12/29/2022 5:00,SOUTH,-4.294
12/29/2022 11:00,12/29/2022 6:00,SOUTH,-4.565
12/29/2022 12:00,12/29/2022 7:00,SOUTH,66.787
12/29/2022 13:00,12/29/2022 8:00,SOUTH,922.749
12/29/2022 14:00,12/29/2022 9:00,SOUTH,1822.025
12/29/2022 15:00,12/29/2022 10:00,SOUTH,1862.617
12/29/2022 16:00,12/29/2022 11:00,SOUTH,1723.256
12/29/2022 17:00,12/29/2022 12:00,SOUTH,1671.61
12/29/2022 18:00,12/29/2022 13:00,SOUTH,1758.771
12/29/2022 19:00,12/29/2022 14:00,SOUTH,1845.514
12/29/2022 20:00,12/29/2022 15:00,SOUTH,1320.357
12/29/2022 21:00,12/29/2022 16:00,SOUTH,238.411
12/29/2022 22:00,12/29/2022 17:00,SOUTH,-4.349
12/29/2022 23:00,12/29/2022 18:00,SOUTH,-4.384
12/30/2022 0:00,12/29/2022 19:00,SOUTH,-4.252
12/30/2022 1:00,12/29/2022 20:00,SOUTH,-5.221
12/30/2022 2:00,12/29/2022 21:00,SOUTH,-4.525
12/30/2022 3:00,12/29/2022 22:00,SOUTH,-4.22
12/30/2022 4:00,12/29/2022 23:00,SOUTH,-4.266
12/30/2022 5:00,12/30/2022 0:00,SOUTH,-4.243
12/30/2022 6:00,12/30/2022 1:00,SOUTH,-4.394
12/30/2022 7:00,12/30/2022 2:00,SOUTH,-4.167
12/30/2022 8:00,12/30/2022 3:00,SOUTH,-4.258
12/30/2022 9:00,12/30/2022 4:00,SOUTH,-5.414
12/30/2022 10:00,12/30/2022 5:00,SOUTH,-4.183
12/30/2022 11:00,12/30/2022 6:00,SOUTH,-4.391
12/30/2022 12:00,12/30/2022 7:00,SOUTH,52.501
12/30/2022 13:00,12/30/2022 8:00,SOUTH,822.528
12/30/2022 14:00,12/30/2022 9:00,SOUTH,1664.69
12/30/2022 15:00,12/30/2022 10:00,SOUTH,1679.275
12/30/2022 16:00,12/30/2022 11:00,SOUTH,1542.774
12/30/2022 17:00,12/30/2022 12:00,SOUTH,1490.379
12/30/2022 18:00,12/30/2022 13:00,SOUTH,1505.676
12/30/2022 19:00,12/30/2022 14:00,SOUTH,1372.688
12/30/2022 20:00,12/30/2022 15:00,SOUTH,813.514
12/30/2022 21:00,12/30/2022 16:00,SOUTH,155.744
12/30/2022 22:00,12/30/2022 17:00,SOUTH,2.688
12/30/2022 23:00,12/30/2022 18:00,SOUTH,-4.273
12/31/2022 0:00,12/30/2022 19:00,SOUTH,-4.227
12/31/2022 1:00,12/30/2022 20:00,SOUTH,-5.246
12/31/2022 2:00,12/30/2022 21:00,SOUTH,-4.439
12/31/2022 3:00,12/30/2022 22:00,SOUTH,-4.128
12/31/2022 4:00,12/30/2022 23:00,SOUTH,-4.195
12/31/2022 5:00,12/31/2022 0:00,SOUTH,-4.2
12/31/2022 6:00,12/31/2022 1:00,SOUTH,-4.333
12/31/2022 7:00,12/31/2022 2:00,SOUTH,-4.236
12/31/2022 8:00,12/31/2022 3:00,SOUTH,-5.194
12/31/2022 9:00,12/31/2022 4:00,SOUTH,-4.267
12/31/2022 10:00,12/31/2022 5:00,SOUTH,-4.264
12/31/2022 11:00,12/31/2022 6:00,SOUTH,-4.336
12/31/2022 12:00,12/31/2022 7:00,SOUTH,8.351
12/31/2022 13:00,12/31/2022 8:00,SOUTH,154.58
12/31/2022 14:00,12/31/2022 9:00,SOUTH,319.997
12/31/2022 15:00,12/31/2022 10:00,SOUTH,480.618
12/31/2022 16:00,12/31/2022 11:00,SOUTH,493.57
12/31/2022 17:00,12/31/2022 12:00,SOUTH,428.729
12/31/2022 18:00,12/31/2022 13:00,SOUTH,341.997
12/31/2022 19:00,12/31/2022 14:00,SOUTH,218.988
12/31/2022 20:00,12/31/2022 15:00,SOUTH,150.596
12/31/2022 21:00,12/31/2022 16:00,SOUTH,49.21
12/31/2022 22:00,12/31/2022 17:00,SOUTH,-1.546
12/31/2022 23:00,12/31/2022 18:00,SOUTH,-4.086
1/1/2023 0:00,12/31/2022 19:00,SOUTH,-4.189
1/1/2023 1:00,12/31/2022 20:00,SOUTH,-5.258
1/1/2023 2:00,12/31/2022 21:00,SOUTH,-4.076
1/1/2023 3:00,12/31/2022 22:00,SOUTH,-4.148
1/1/2023 4:00,12/31/2022 23:00,SOUTH,-4.156
1/1/2023 5:00,1/1/2023 0:00,SOUTH,-4.143
1/1/2023 6:00,1/1/2023 1:00,SOUTH,-4.139
1/1/2023 7:00,1/1/2023 2:00,SOUTH,-4.183
1/1/2023 8:00,1/1/2023 3:00,SOUTH,-4.116
1/1/2023 9:00,1/1/2023 4:00,SOUTH,-5.134
1/1/2023 10:00,1/1/2023 5:00,SOUTH,-4.293
1/1/2023 11:00,1/1/2023 6:00,SOUTH,-4.081
1/1/2023 12:00,1/1/2023 7:00,SOUTH,33.536
1/1/2023 13:00,1/1/2023 8:00,SOUTH,410.026
1/1/2023 14:00,1/1/2023 9:00,SOUTH,1171.009
1/1/2023 15:00,1/1/2023 10:00,SOUTH,1614.127
1/1/2023 16:00,1/1/2023 11:00,SOUTH,1595.768
1/1/2023 17:00,1/1/2023 12:00,SOUTH,1557.278
1/1/2023 18:00,1/1/2023 13:00,SOUTH,1647.567
1/1/2023 19:00,1/1/2023 14:00,SOUTH,1758.473
1/1/2023 20:00,1/1/2023 15:00,SOUTH,1266.048
1/1/2023 21:00,1/1/2023 16:00,SOUTH,289.388
1/1/2023 22:00,1/1/2023 17:00,SOUTH,7.571
1/1/2023 23:00,1/1/2023 18:00,SOUTH,-3.983
1/2/2023 0:00,1/1/2023 19:00,SOUTH,-4.139
1/2/2023 1:00,1/1/2023 20:00,SOUTH,-4.323
1/2/2023 2:00,1/1/2023 21:00,SOUTH,-5.116
1/2/2023 3:00,1/1/2023 22:00,SOUTH,-4.339
1/2/2023 4:00,1/1/2023 23:00,SOUTH,-4.213
1/2/2023 5:00,1/2/2023 0:00,SOUTH,-4.102
1/2/2023 6:00,1/2/2023 1:00,SOUTH,-4.214
1/2/2023 7:00,1/2/2023 2:00,SOUTH,-4.278
1/2/2023 8:00,1/2/2023 3:00,SOUTH,-4.272
1/2/2023 9:00,1/2/2023 4:00,SOUTH,-4.176
1/2/2023 10:00,1/2/2023 5:00,SOUTH,-5.173
1/2/2023 11:00,1/2/2023 6:00,SOUTH,-4.166
1/2/2023 12:00,1/2/2023 7:00,SOUTH,36.57
1/2/2023 13:00,1/2/2023 8:00,SOUTH,647.885
1/2/2023 14:00,1/2/2023 9:00,SOUTH,1539.22
1/2/2023 15:00,1/2/2023 10:00,SOUTH,1668.99
1/2/2023 16:00,1/2/2023 11:00,SOUTH,1573.086
1/2/2023 17:00,1/2/2023 12:00,SOUTH,1497.765
1/2/2023 18:00,1/2/2023 13:00,SOUTH,1496.23
1/2/2023 19:00,1/2/2023 14:00,SOUTH,1324.394
1/2/2023 20:00,1/2/2023 15:00,SOUTH,763.855
1/2/2023 21:00,1/2/2023 16:00,SOUTH,174.665
1/2/2023 22:00,1/2/2023 17:00,SOUTH,4.997
1/2/2023 23:00,1/2/2023 18:00,SOUTH,-4.197
1/3/2023 0:00,1/2/2023 19:00,SOUTH,-4.288
1/3/2023 1:00,1/2/2023 20:00,SOUTH,-4.241
1/3/2023 2:00,1/2/2023 21:00,SOUTH,-5.063
1/3/2023 3:00,1/2/2023 22:00,SOUTH,-4.293
1/3/2023 4:00,1/2/2023 23:00,SOUTH,-4.177
1/3/2023 5:00,1/3/2023 0:00,SOUTH,-4.212
1/3/2023 6:00,1/3/2023 1:00,SOUTH,-4.338
1/3/2023 7:00,1/3/2023 2:00,SOUTH,-4.152
1/3/2023 8:00,1/3/2023 3:00,SOUTH,-4.3
1/3/2023 9:00,1/3/2023 4:00,SOUTH,-4.198
1/3/2023 10:00,1/3/2023 5:00,SOUTH,-4.182
1/3/2023 11:00,1/3/2023 6:00,SOUTH,-4.598
1/3/2023 12:00,1/3/2023 7:00,SOUTH,50.097
1/3/2023 13:00,1/3/2023 8:00,SOUTH,354.773
1/3/2023 14:00,1/3/2023 9:00,SOUTH,639.817
1/3/2023 15:00,1/3/2023 10:00,SOUTH,876.699
1/3/2023 16:00,1/3/2023 11:00,SOUTH,968.219
1/3/2023 17:00,1/3/2023 12:00,SOUTH,1000.058
1/3/2023 18:00,1/3/2023 13:00,SOUTH,1110.183
1/3/2023 19:00,1/3/2023 14:00,SOUTH,883.299
1/3/2023 20:00,1/3/2023 15:00,SOUTH,396.642
1/3/2023 21:00,1/3/2023 16:00,SOUTH,97.677
1/3/2023 22:00,1/3/2023 17:00,SOUTH,0.289
1/3/2023 23:00,1/3/2023 18:00,SOUTH,-4.155
1/4/2023 0:00,1/3/2023 19:00,SOUTH,-4.127
1/4/2023 1:00,1/3/2023 20:00,SOUTH,-4.306
1/4/2023 2:00,1/3/2023 21:00,SOUTH,-4.285
1/4/2023 3:00,1/3/2023 22:00,SOUTH,-5.067
1/4/2023 4:00,1/3/2023 23:00,SOUTH,-4.287
1/4/2023 5:00,1/4/2023 0:00,SOUTH,-4.12
1/4/2023 6:00,1/4/2023 1:00,SOUTH,-4.278
1/4/2023 7:00,1/4/2023 2:00,SOUTH,-4.253
1/4/2023 8:00,1/4/2023 3:00,SOUTH,-4.175
1/4/2023 9:00,1/4/2023 4:00,SOUTH,-4.234
1/4/2023 10:00,1/4/2023 5:00,SOUTH,-5.147
1/4/2023 11:00,1/4/2023 6:00,SOUTH,-4.251
1/4/2023 12:00,1/4/2023 7:00,SOUTH,15.624
1/4/2023 13:00,1/4/2023 8:00,SOUTH,170.318
1/4/2023 14:00,1/4/2023 9:00,SOUTH,262.842
1/4/2023 15:00,1/4/2023 10:00,SOUTH,367.25
1/4/2023 16:00,1/4/2023 11:00,SOUTH,427.525
1/4/2023 17:00,1/4/2023 12:00,SOUTH,446.4
1/4/2023 18:00,1/4/2023 13:00,SOUTH,344.776
1/4/2023 19:00,1/4/2023 14:00,SOUTH,170.34
1/4/2023 20:00,1/4/2023 15:00,SOUTH,149.956
1/4/2023 21:00,1/4/2023 16:00,SOUTH,64.225
1/4/2023 22:00,1/4/2023 17:00,SOUTH,-2.139
1/4/2023 23:00,1/4/2023 18:00,SOUTH,-4.066
1/5/2023 0:00,1/4/2023 19:00,SOUTH,-4.245
1/5/2023 1:00,1/4/2023 20:00,SOUTH,-4.076
1/5/2023 2:00,1/4/2023 21:00,SOUTH,-5.106
1/5/2023 3:00,1/4/2023 22:00,SOUTH,-4.191
1/5/2023 4:00,1/4/2023 23:00,SOUTH,-4.417
1/5/2023 5:00,1/5/2023 0:00,SOUTH,-4.075
1/5/2023 6:00,1/5/2023 1:00,SOUTH,-4.177
1/5/2023 7:00,1/5/2023 2:00,SOUTH,-4.263
1/5/2023 8:00,1/5/2023 3:00,SOUTH,-4.161
1/5/2023 9:00,1/5/2023 4:00,SOUTH,-5.166
1/5/2023 10:00,1/5/2023 5:00,SOUTH,-4.108
1/5/2023 11:00,1/5/2023 6:00,SOUTH,-4.186
1/5/2023 12:00,1/5/2023 7:00,SOUTH,7.825
1/5/2023 13:00,1/5/2023 8:00,SOUTH,282.268
1/5/2023 14:00,1/5/2023 9:00,SOUTH,814.43
1/5/2023 15:00,1/5/2023 10:00,SOUTH,1031.617
1/5/2023 16:00,1/5/2023 11:00,SOUTH,1118.364
1/5/2023 17:00,1/5/2023 12:00,SOUTH,1170.859
1/5/2023 18:00,1/5/2023 13:00,SOUTH,1368.823
1/5/2023 19:00,1/5/2023 14:00,SOUTH,1483.493
1/5/2023 20:00,1/5/2023 15:00,SOUTH,1100.216
1/5/2023 21:00,1/5/2023 16:00,SOUTH,256.285
1/5/2023 22:00,1/5/2023 17:00,SOUTH,-2.809
1/5/2023 23:00,1/5/2023 18:00,SOUTH,-4.277
1/6/2023 0:00,1/5/2023 19:00,SOUTH,-4.072
1/6/2023 1:00,1/5/2023 20:00,SOUTH,-5.132
1/6/2023 2:00,1/5/2023 21:00,SOUTH,-4.103
1/6/2023 3:00,1/5/2023 22:00,SOUTH,-4.148
1/6/2023 4:00,1/5/2023 23:00,SOUTH,-4.268
1/6/2023 5:00,1/6/2023 0:00,SOUTH,-4.028
1/6/2023 6:00,1/6/2023 1:00,SOUTH,-4.225
1/6/2023 7:00,1/6/2023 2:00,SOUTH,-4.093
1/6/2023 8:00,1/6/2023 3:00,SOUTH,-4.122
1/6/2023 9:00,1/6/2023 4:00,SOUTH,-5.287
1/6/2023 10:00,1/6/2023 5:00,SOUTH,-3.967
1/6/2023 11:00,1/6/2023 6:00,SOUTH,-4.256
1/6/2023 12:00,1/6/2023 7:00,SOUTH,47.722
1/6/2023 13:00,1/6/2023 8:00,SOUTH,784.67
1/6/2023 14:00,1/6/2023 9:00,SOUTH,1701.571
1/6/2023 15:00,1/6/2023 10:00,SOUTH,1685.191
1/6/2023 16:00,1/6/2023 11:00,SOUTH,1620.561
1/6/2023 17:00,1/6/2023 12:00,SOUTH,1594.763
1/6/2023 18:00,1/6/2023 13:00,SOUTH,1607.12
1/6/2023 19:00,1/6/2023 14:00,SOUTH,1577.001
1/6/2023 20:00,1/6/2023 15:00,SOUTH,1120.933
1/6/2023 21:00,1/6/2023 16:00,SOUTH,258.586
1/6/2023 22:00,1/6/2023 17:00,SOUTH,-3.17
1/6/2023 23:00,1/6/2023 18:00,SOUTH,-4.187
1/7/2023 0:00,1/6/2023 19:00,SOUTH,-4.168
1/7/2023 1:00,1/6/2023 20:00,SOUTH,-4.061
1/7/2023 2:00,1/6/2023 21:00,SOUTH,-5.318
1/7/2023 3:00,1/6/2023 22:00,SOUTH,-4.023
1/7/2023 4:00,1/6/2023 23:00,SOUTH,-4.077
1/7/2023 5:00,1/7/2023 0:00,SOUTH,-4.128
1/7/2023 6:00,1/7/2023 1:00,SOUTH,-4.287
1/7/2023 7:00,1/7/2023 2:00,SOUTH,-3.983
1/7/2023 8:00,1/7/2023 3:00,SOUTH,-4.204
1/7/2023 9:00,1/7/2023 4:00,SOUTH,-4.176
1/7/2023 10:00,1/7/2023 5:00,SOUTH,-5.057
1/7/2023 11:00,1/7/2023 6:00,SOUTH,-4.179
1/7/2023 12:00,1/7/2023 7:00,SOUTH,31.473
1/7/2023 13:00,1/7/2023 8:00,SOUTH,412.36
1/7/2023 14:00,1/7/2023 9:00,SOUTH,1013.645
1/7/2023 15:00,1/7/2023 10:00,SOUTH,1200.335
1/7/2023 16:00,1/7/2023 11:00,SOUTH,1246.235
1/7/2023 17:00,1/7/2023 12:00,SOUTH,1287.581
1/7/2023 18:00,1/7/2023 13:00,SOUTH,1401.079
1/7/2023 19:00,1/7/2023 14:00,SOUTH,1615.676
1/7/2023 20:00,1/7/2023 15:00,SOUTH,1373.455
1/7/2023 21:00,1/7/2023 16:00,SOUTH,306.385
1/7/2023 22:00,1/7/2023 17:00,SOUTH,-2.853
1/7/2023 23:00,1/7/2023 18:00,SOUTH,-4.114
1/8/2023 0:00,1/7/2023 19:00,SOUTH,-4.204
1/8/2023 1:00,1/7/2023 20:00,SOUTH,-4.253
1/8/2023 2:00,1/7/2023 21:00,SOUTH,-5.102
1/8/2023 3:00,1/7/2023 22:00,SOUTH,-4.188
1/8/2023 4:00,1/7/2023 23:00,SOUTH,-4.039
1/8/2023 5:00,1/8/2023 0:00,SOUTH,-4.268
1/8/2023 6:00,1/8/2023 1:00,SOUTH,-4.139
1/8/2023 7:00,1/8/2023 2:00,SOUTH,-4.208
1/8/2023 8:00,1/8/2023 3:00,SOUTH,-4.253
1/8/2023 9:00,1/8/2023 4:00,SOUTH,-4.236
1/8/2023 10:00,1/8/2023 5:00,SOUTH,-5.219
1/8/2023 11:00,1/8/2023 6:00,SOUTH,-4.049
1/8/2023 12:00,1/8/2023 7:00,SOUTH,42.847
1/8/2023 13:00,1/8/2023 8:00,SOUTH,410.517
1/8/2023 14:00,1/8/2023 9:00,SOUTH,691.255
1/8/2023 15:00,1/8/2023 10:00,SOUTH,603.588
1/8/2023 16:00,1/8/2023 11:00,SOUTH,617.133
1/8/2023 17:00,1/8/2023 12:00,SOUTH,448.424
1/8/2023 18:00,1/8/2023 13:00,SOUTH,302.227
1/8/2023 19:00,1/8/2023 14:00,SOUTH,219.629
1/8/2023 20:00,1/8/2023 15:00,SOUTH,83.918
1/8/2023 21:00,1/8/2023 16:00,SOUTH,17.81
1/8/2023 22:00,1/8/2023 17:00,SOUTH,-4.099
1/8/2023 23:00,1/8/2023 18:00,SOUTH,-4.234
1/9/2023 0:00,1/8/2023 19:00,SOUTH,-4.34
1/9/2023 1:00,1/8/2023 20:00,SOUTH,-4.265
1/9/2023 2:00,1/8/2023 21:00,SOUTH,-4.289
1/9/2023 3:00,1/8/2023 22:00,SOUTH,-5.026
1/9/2023 4:00,1/8/2023 23:00,SOUTH,-4.338
1/9/2023 5:00,1/9/2023 0:00,SOUTH,-4.214
1/9/2023 6:00,1/9/2023 1:00,SOUTH,-4.136
1/9/2023 7:00,1/9/2023 2:00,SOUTH,-4.345
1/9/2023 8:00,1/9/2023 3:00,SOUTH,-4.185
1/9/2023 9:00,1/9/2023 4:00,SOUTH,-4.248
1/9/2023 10:00,1/9/2023 5:00,SOUTH,-4.069
1/9/2023 11:00,1/9/2023 6:00,SOUTH,-5.221
1/9/2023 12:00,1/9/2023 7:00,SOUTH,22.974
1/9/2023 13:00,1/9/2023 8:00,SOUTH,631.044
1/9/2023 14:00,1/9/2023 9:00,SOUTH,1475.537
1/9/2023 15:00,1/9/2023 10:00,SOUTH,1749.731
1/9/2023 16:00,1/9/2023 11:00,SOUTH,1758.979
1/9/2023 17:00,1/9/2023 12:00,SOUTH,1772.589
1/9/2023 18:00,1/9/2023 13:00,SOUTH,1897.272
1/9/2023 19:00,1/9/2023 14:00,SOUTH,2023.387
1/9/2023 20:00,1/9/2023 15:00,SOUTH,1603.75
1/9/2023 21:00,1/9/2023 16:00,SOUTH,393.164
1/9/2023 22:00,1/9/2023 17:00,SOUTH,-1.579
1/9/2023 23:00,1/9/2023 18:00,SOUTH,-4.08
1/10/2023 0:00,1/9/2023 19:00,SOUTH,-4.103
1/10/2023 1:00,1/9/2023 20:00,SOUTH,-4.112
1/10/2023 2:00,1/9/2023 21:00,SOUTH,-4.29
1/10/2023 3:00,1/9/2023 22:00,SOUTH,-4.143
1/10/2023 4:00,1/9/2023 23:00,SOUTH,-4.988
1/10/2023 5:00,1/10/2023 0:00,SOUTH,-4.116
1/10/2023 6:00,1/10/2023 1:00,SOUTH,-4.174
1/10/2023 7:00,1/10/2023 2:00,SOUTH,-4.143
1/10/2023 8:00,1/10/2023 3:00,SOUTH,-4.198
1/10/2023 9:00,1/10/2023 4:00,SOUTH,-4.041
1/10/2023 10:00,1/10/2023 5:00,SOUTH,-4.2
1/10/2023 11:00,1/10/2023 6:00,SOUTH,-5.048
1/10/2023 12:00,1/10/2023 7:00,SOUTH,54.297
1/10/2023 13:00,1/10/2023 8:00,SOUTH,587.448
1/10/2023 14:00,1/10/2023 9:00,SOUTH,1117.811
1/10/2023 15:00,1/10/2023 10:00,SOUTH,1204.484
1/10/2023 16:00,1/10/2023 11:00,SOUTH,1168.948
1/10/2023 17:00,1/10/2023 12:00,SOUTH,1130.618
1/10/2023 18:00,1/10/2023 13:00,SOUTH,1289.148
1/10/2023 19:00,1/10/2023 14:00,SOUTH,1284.884
1/10/2023 20:00,1/10/2023 15:00,SOUTH,792.894
1/10/2023 21:00,1/10/2023 16:00,SOUTH,161.339
1/10/2023 22:00,1/10/2023 17:00,SOUTH,-2.339
1/10/2023 23:00,1/10/2023 18:00,SOUTH,-4.254
1/11/2023 0:00,1/10/2023 19:00,SOUTH,-4.104
1/11/2023 1:00,1/10/2023 20:00,SOUTH,-4.057
1/11/2023 2:00,1/10/2023 21:00,SOUTH,-4.138
1/11/2023 3:00,1/10/2023 22:00,SOUTH,-4.164
1/11/2023 4:00,1/10/2023 23:00,SOUTH,-5.042
1/11/2023 5:00,1/11/2023 0:00,SOUTH,-4.253
1/11/2023 6:00,1/11/2023 1:00,SOUTH,-4.185
1/11/2023 7:00,1/11/2023 2:00,SOUTH,-4.212
1/11/2023 8:00,1/11/2023 3:00,SOUTH,-4.416
1/11/2023 9:00,1/11/2023 4:00,SOUTH,-4.345
1/11/2023 10:00,1/11/2023 5:00,SOUTH,-4.403
1/11/2023 11:00,1/11/2023 6:00,SOUTH,-4.292
1/11/2023 12:00,1/11/2023 7:00,SOUTH,61.142
1/11/2023 13:00,1/11/2023 8:00,SOUTH,529.261
1/11/2023 14:00,1/11/2023 9:00,SOUTH,965.527
1/11/2023 15:00,1/11/2023 10:00,SOUTH,1226.978
1/11/2023 16:00,1/11/2023 11:00,SOUTH,1204.48
1/11/2023 17:00,1/11/2023 12:00,SOUTH,1034.302
1/11/2023 18:00,1/11/2023 13:00,SOUTH,880.896
1/11/2023 19:00,1/11/2023 14:00,SOUTH,886.951
1/11/2023 20:00,1/11/2023 15:00,SOUTH,900.594
1/11/2023 21:00,1/11/2023 16:00,SOUTH,254.351
1/11/2023 22:00,1/11/2023 17:00,SOUTH,-1.848
1/11/2023 23:00,1/11/2023 18:00,SOUTH,-4.226
1/12/2023 0:00,1/11/2023 19:00,SOUTH,-4.171
1/12/2023 1:00,1/11/2023 20:00,SOUTH,-4.31
1/12/2023 2:00,1/11/2023 21:00,SOUTH,-4.069
1/12/2023 3:00,1/11/2023 22:00,SOUTH,-3.941
1/12/2023 4:00,1/11/2023 23:00,SOUTH,-4.203
1/12/2023 5:00,1/12/2023 0:00,SOUTH,-4.656
1/12/2023 6:00,1/12/2023 1:00,SOUTH,-4.749
1/12/2023 7:00,1/12/2023 2:00,SOUTH,-4.431
1/12/2023 8:00,1/12/2023 3:00,SOUTH,-4.566
1/12/2023 9:00,1/12/2023 4:00,SOUTH,-4.357
1/12/2023 10:00,1/12/2023 5:00,SOUTH,-4.659
1/12/2023 11:00,1/12/2023 6:00,SOUTH,-4.588
1/12/2023 12:00,1/12/2023 7:00,SOUTH,19.999
1/12/2023 13:00,1/12/2023 8:00,SOUTH,175.692
1/12/2023 14:00,1/12/2023 9:00,SOUTH,389.173
1/12/2023 15:00,1/12/2023 10:00,SOUTH,709.383
1/12/2023 16:00,1/12/2023 11:00,SOUTH,990.895
1/12/2023 17:00,1/12/2023 12:00,SOUTH,940.177
1/12/2023 18:00,1/12/2023 13:00,SOUTH,842.555
1/12/2023 19:00,1/12/2023 14:00,SOUTH,640.721
1/12/2023 20:00,1/12/2023 15:00,SOUTH,374.318
1/12/2023 21:00,1/12/2023 16:00,SOUTH,77.823
1/12/2023 22:00,1/12/2023 17:00,SOUTH,-4.682
1/12/2023 23:00,1/12/2023 18:00,SOUTH,-4.582
1/13/2023 0:00,1/12/2023 19:00,SOUTH,-4.512
1/13/2023 1:00,1/12/2023 20:00,SOUTH,-4.677
1/13/2023 2:00,1/12/2023 21:00,SOUTH,-4.678
1/13/2023 3:00,1/12/2023 22:00,SOUTH,-4.332
1/13/2023 4:00,1/12/2023 23:00,SOUTH,-4.619
1/13/2023 5:00,1/13/2023 0:00,SOUTH,-4.605
1/13/2023 6:00,1/13/2023 1:00,SOUTH,-4.611
1/13/2023 7:00,1/13/2023 2:00,SOUTH,-4.072
1/13/2023 8:00,1/13/2023 3:00,SOUTH,-4.163
1/13/2023 9:00,1/13/2023 4:00,SOUTH,-3.938
1/13/2023 10:00,1/13/2023 5:00,SOUTH,-4.344
1/13/2023 11:00,1/13/2023 6:00,SOUTH,-4.422
1/13/2023 12:00,1/13/2023 7:00,SOUTH,13.713
1/13/2023 13:00,1/13/2023 8:00,SOUTH,313.381
1/13/2023 14:00,1/13/2023 9:00,SOUTH,1127.482
1/13/2023 15:00,1/13/2023 10:00,SOUTH,1403.566
1/13/2023 16:00,1/13/2023 11:00,SOUTH,1336.849
1/13/2023 17:00,1/13/2023 12:00,SOUTH,1293.566
1/13/2023 18:00,1/13/2023 13:00,SOUTH,1081.106
1/13/2023 19:00,1/13/2023 14:00,SOUTH,899.166
1/13/2023 20:00,1/13/2023 15:00,SOUTH,587.958
1/13/2023 21:00,1/13/2023 16:00,SOUTH,194.742
1/13/2023 22:00,1/13/2023 17:00,SOUTH,-1.835
1/13/2023 23:00,1/13/2023 18:00,SOUTH,-4.591
1/14/2023 0:00,1/13/2023 19:00,SOUTH,-4.604
1/14/2023 1:00,1/13/2023 20:00,SOUTH,-4.89
1/14/2023 2:00,1/13/2023 21:00,SOUTH,-4.589
1/14/2023 3:00,1/13/2023 22:00,SOUTH,-4.482
1/14/2023 4:00,1/13/2023 23:00,SOUTH,-4.714
1/14/2023 5:00,1/14/2023 0:00,SOUTH,-4.802
1/14/2023 6:00,1/14/2023 1:00,SOUTH,-4.78
1/14/2023 7:00,1/14/2023 2:00,SOUTH,-4.603
1/14/2023 8:00,1/14/2023 3:00,SOUTH,-4.637
1/14/2023 9:00,1/14/2023 4:00,SOUTH,-4.885
1/14/2023 10:00,1/14/2023 5:00,SOUTH,-4.683
1/14/2023 11:00,1/14/2023 6:00,SOUTH,-4.879
1/14/2023 12:00,1/14/2023 7:00,SOUTH,7.262
1/14/2023 13:00,1/14/2023 8:00,SOUTH,96.749
1/14/2023 14:00,1/14/2023 9:00,SOUTH,220.848
1/14/2023 15:00,1/14/2023 10:00,SOUTH,375.543
1/14/2023 16:00,1/14/2023 11:00,SOUTH,426.969
1/14/2023 17:00,1/14/2023 12:00,SOUTH,484.31
1/14/2023 18:00,1/14/2023 13:00,SOUTH,437.204
1/14/2023 19:00,1/14/2023 14:00,SOUTH,412.373
1/14/2023 20:00,1/14/2023 15:00,SOUTH,492.983
1/14/2023 21:00,1/14/2023 16:00,SOUTH,266.776
1/14/2023 22:00,1/14/2023 17:00,SOUTH,-0.745
1/14/2023 23:00,1/14/2023 18:00,SOUTH,-4.808
1/15/2023 0:00,1/14/2023 19:00,SOUTH,-4.854
1/15/2023 1:00,1/14/2023 20:00,SOUTH,-4.776
1/15/2023 2:00,1/14/2023 21:00,SOUTH,-4.757
1/15/2023 3:00,1/14/2023 22:00,SOUTH,-4.79
1/15/2023 4:00,1/14/2023 23:00,SOUTH,-4.752
1/15/2023 5:00,1/15/2023 0:00,SOUTH,-4.674
1/15/2023 6:00,1/15/2023 1:00,SOUTH,-4.669
1/15/2023 7:00,1/15/2023 2:00,SOUTH,-4.425
1/15/2023 8:00,1/15/2023 3:00,SOUTH,-4.85
1/15/2023 9:00,1/15/2023 4:00,SOUTH,-4.717
1/15/2023 10:00,1/15/2023 5:00,SOUTH,-4.905
1/15/2023 11:00,1/15/2023 6:00,SOUTH,-4.736
1/15/2023 12:00,1/15/2023 7:00,SOUTH,58.965
1/15/2023 13:00,1/15/2023 8:00,SOUTH,985.048
1/15/2023 14:00,1/15/2023 9:00,SOUTH,2180.837
1/15/2023 15:00,1/15/2023 10:00,SOUTH,2293.255
1/15/2023 16:00,1/15/2023 11:00,SOUTH,2153.616
1/15/2023 17:00,1/15/2023 12:00,SOUTH,2083.42
1/15/2023 18:00,1/15/2023 13:00,SOUTH,2175.887
1/15/2023 19:00,1/15/2023 14:00,SOUTH,2304.018
1/15/2023 20:00,1/15/2023 15:00,SOUTH,1925.489
1/15/2023 21:00,1/15/2023 16:00,SOUTH,559.148
1/15/2023 22:00,1/15/2023 17:00,SOUTH,0.655
1/15/2023 23:00,1/15/2023 18:00,SOUTH,-4.909
1/16/2023 0:00,1/15/2023 19:00,SOUTH,-4.535
1/16/2023 1:00,1/15/2023 20:00,SOUTH,-4.578
1/16/2023 2:00,1/15/2023 21:00,SOUTH,-4.739
1/16/2023 3:00,1/15/2023 22:00,SOUTH,-4.527
1/16/2023 4:00,1/15/2023 23:00,SOUTH,-4.871
1/16/2023 5:00,1/16/2023 0:00,SOUTH,-4.637
1/16/2023 6:00,1/16/2023 1:00,SOUTH,-4.634
1/16/2023 7:00,1/16/2023 2:00,SOUTH,-4.574
1/16/2023 8:00,1/16/2023 3:00,SOUTH,-4.797
1/16/2023 9:00,1/16/2023 4:00,SOUTH,-4.835
1/16/2023 10:00,1/16/2023 5:00,SOUTH,-4.613
1/16/2023 11:00,1/16/2023 6:00,SOUTH,-4.924
1/16/2023 12:00,1/16/2023 7:00,SOUTH,82.252
1/16/2023 13:00,1/16/2023 8:00,SOUTH,1114.165
1/16/2023 14:00,1/16/2023 9:00,SOUTH,2183.221
1/16/2023 15:00,1/16/2023 10:00,SOUTH,2220.793
1/16/2023 16:00,1/16/2023 11:00,SOUTH,2054.151
1/16/2023 17:00,1/16/2023 12:00,SOUTH,1986.29
1/16/2023 18:00,1/16/2023 13:00,SOUTH,1978.197
1/16/2023 19:00,1/16/2023 14:00,SOUTH,2022.857
1/16/2023 20:00,1/16/2023 15:00,SOUTH,1385.188
1/16/2023 21:00,1/16/2023 16:00,SOUTH,260.653
1/16/2023 22:00,1/16/2023 17:00,SOUTH,-1.836
1/16/2023 23:00,1/16/2023 18:00,SOUTH,-4.908
1/17/2023 0:00,1/16/2023 19:00,SOUTH,-4.673
1/17/2023 1:00,1/16/2023 20:00,SOUTH,-4.831
1/17/2023 2:00,1/16/2023 21:00,SOUTH,-4.795
1/17/2023 3:00,1/16/2023 22:00,SOUTH,-4.751
1/17/2023 4:00,1/16/2023 23:00,SOUTH,-4.827
1/17/2023 5:00,1/17/2023 0:00,SOUTH,-4.797
1/17/2023 6:00,1/17/2023 1:00,SOUTH,-4.868
1/17/2023 7:00,1/17/2023 2:00,SOUTH,-4.725
1/17/2023 8:00,1/17/2023 3:00,SOUTH,-4.633
1/17/2023 9:00,1/17/2023 4:00,SOUTH,-5.034
1/17/2023 10:00,1/17/2023 5:00,SOUTH,-4.698
1/17/2023 11:00,1/17/2023 6:00,SOUTH,-4.896
1/17/2023 12:00,1/17/2023 7:00,SOUTH,18.913
1/17/2023 13:00,1/17/2023 8:00,SOUTH,194.395
1/17/2023 14:00,1/17/2023 9:00,SOUTH,280.069
1/17/2023 15:00,1/17/2023 10:00,SOUTH,320.057
1/17/2023 16:00,1/17/2023 11:00,SOUTH,438.136
1/17/2023 17:00,1/17/2023 12:00,SOUTH,546.244
1/17/2023 18:00,1/17/2023 13:00,SOUTH,333.555
1/17/2023 19:00,1/17/2023 14:00,SOUTH,319.469
1/17/2023 20:00,1/17/2023 15:00,SOUTH,261.873
1/17/2023 21:00,1/17/2023 16:00,SOUTH,179.16
1/17/2023 22:00,1/17/2023 17:00,SOUTH,-0.737
1/17/2023 23:00,1/17/2023 18:00,SOUTH,-4.798
1/18/2023 0:00,1/17/2023 19:00,SOUTH,-4.851
1/18/2023 1:00,1/17/2023 20:00,SOUTH,-4.849
1/18/2023 2:00,1/17/2023 21:00,SOUTH,-4.565
1/18/2023 3:00,1/17/2023 22:00,SOUTH,-4.782
1/18/2023 4:00,1/17/2023 23:00,SOUTH,-4.824
1/18/2023 5:00,1/18/2023 0:00,SOUTH,-4.584
1/18/2023 6:00,1/18/2023 1:00,SOUTH,-4.816
1/18/2023 7:00,1/18/2023 2:00,SOUTH,-4.595
1/18/2023 8:00,1/18/2023 3:00,SOUTH,-4.791
1/18/2023 9:00,1/18/2023 4:00,SOUTH,-4.827
1/18/2023 10:00,1/18/2023 5:00,SOUTH,-4.804
1/18/2023 11:00,1/18/2023 6:00,SOUTH,-4.898
1/18/2023 12:00,1/18/2023 7:00,SOUTH,56.67
1/18/2023 13:00,1/18/2023 8:00,SOUTH,667.342
1/18/2023 14:00,1/18/2023 9:00,SOUTH,1648.596
1/18/2023 15:00,1/18/2023 10:00,SOUTH,1808.103
1/18/2023 16:00,1/18/2023 11:00,SOUTH,1774.77
1/18/2023 17:00,1/18/2023 12:00,SOUTH,1770.795
1/18/2023 18:00,1/18/2023 13:00,SOUTH,1704.484
1/18/2023 19:00,1/18/2023 14:00,SOUTH,1285.984
1/18/2023 20:00,1/18/2023 15:00,SOUTH,981.288
1/18/2023 21:00,1/18/2023 16:00,SOUTH,293.561
1/18/2023 22:00,1/18/2023 17:00,SOUTH,0.827
1/18/2023 23:00,1/18/2023 18:00,SOUTH,-4.801
1/19/2023 0:00,1/18/2023 19:00,SOUTH,-4.586
1/19/2023 1:00,1/18/2023 20:00,SOUTH,-4.782
1/19/2023 2:00,1/18/2023 21:00,SOUTH,-4.551
1/19/2023 3:00,1/18/2023 22:00,SOUTH,-4.818
1/19/2023 4:00,1/18/2023 23:00,SOUTH,-4.899
1/19/2023 5:00,1/19/2023 0:00,SOUTH,-4.582
1/19/2023 6:00,1/19/2023 1:00,SOUTH,-4.732
1/19/2023 7:00,1/19/2023 2:00,SOUTH,-4.842
1/19/2023 8:00,1/19/2023 3:00,SOUTH,-4.702
1/19/2023 9:00,1/19/2023 4:00,SOUTH,-4.754
1/19/2023 10:00,1/19/2023 5:00,SOUTH,-4.619
1/19/2023 11:00,1/19/2023 6:00,SOUTH,-4.842
1/19/2023 12:00,1/19/2023 7:00,SOUTH,20.687
1/19/2023 13:00,1/19/2023 8:00,SOUTH,228.747
1/19/2023 14:00,1/19/2023 9:00,SOUTH,511.243
1/19/2023 15:00,1/19/2023 10:00,SOUTH,815.566
1/19/2023 16:00,1/19/2023 11:00,SOUTH,940.98
1/19/2023 17:00,1/19/2023 12:00,SOUTH,904.321
1/19/2023 18:00,1/19/2023 13:00,SOUTH,835.41
1/19/2023 19:00,1/19/2023 14:00,SOUTH,685.441
1/19/2023 20:00,1/19/2023 15:00,SOUTH,504.382
1/19/2023 21:00,1/19/2023 16:00,SOUTH,221.648
1/19/2023 22:00,1/19/2023 17:00,SOUTH,1.921
1/19/2023 23:00,1/19/2023 18:00,SOUTH,-4.661
1/20/2023 0:00,1/19/2023 19:00,SOUTH,-4.923
1/20/2023 1:00,1/19/2023 20:00,SOUTH,-4.994
1/20/2023 2:00,1/19/2023 21:00,SOUTH,-4.832
1/20/2023 3:00,1/19/2023 22:00,SOUTH,-4.796
1/20/2023 4:00,1/19/2023 23:00,SOUTH,-4.968
1/20/2023 5:00,1/20/2023 0:00,SOUTH,-4.804
1/20/2023 6:00,1/20/2023 1:00,SOUTH,-4.776
1/20/2023 7:00,1/20/2023 2:00,SOUTH,-4.86
1/20/2023 8:00,1/20/2023 3:00,SOUTH,-4.848
1/20/2023 9:00,1/20/2023 4:00,SOUTH,-4.841
1/20/2023 10:00,1/20/2023 5:00,SOUTH,-4.851
1/20/2023 11:00,1/20/2023 6:00,SOUTH,-4.741
1/20/2023 12:00,1/20/2023 7:00,SOUTH,60.298
1/20/2023 13:00,1/20/2023 8:00,SOUTH,869.505
1/20/2023 14:00,1/20/2023 9:00,SOUTH,1761.024
1/20/2023 15:00,1/20/2023 10:00,SOUTH,1862.172
1/20/2023 16:00,1/20/2023 11:00,SOUTH,1854.275
1/20/2023 17:00,1/20/2023 12:00,SOUTH,1896.305
1/20/2023 18:00,1/20/2023 13:00,SOUTH,1836.496
1/20/2023 19:00,1/20/2023 14:00,SOUTH,1740.297
1/20/2023 20:00,1/20/2023 15:00,SOUTH,1455.363
1/20/2023 21:00,1/20/2023 16:00,SOUTH,485.932
1/20/2023 22:00,1/20/2023 17:00,SOUTH,7.94
1/20/2023 23:00,1/20/2023 18:00,SOUTH,-5.066
1/21/2023 0:00,1/20/2023 19:00,SOUTH,-5.221
1/21/2023 1:00,1/20/2023 20:00,SOUTH,-4.955
1/21/2023 2:00,1/20/2023 21:00,SOUTH,-4.842
1/21/2023 3:00,1/20/2023 22:00,SOUTH,-5.093
1/21/2023 4:00,1/20/2023 23:00,SOUTH,-4.958
1/21/2023 5:00,1/21/2023 0:00,SOUTH,-5.015
1/21/2023 6:00,1/21/2023 1:00,SOUTH,-4.946
1/21/2023 7:00,1/21/2023 2:00,SOUTH,-4.839
1/21/2023 8:00,1/21/2023 3:00,SOUTH,-4.912
1/21/2023 9:00,1/21/2023 4:00,SOUTH,-5.104
1/21/2023 10:00,1/21/2023 5:00,SOUTH,-5.044
1/21/2023 11:00,1/21/2023 6:00,SOUTH,-4.972
1/21/2023 12:00,1/21/2023 7:00,SOUTH,96.355
1/21/2023 13:00,1/21/2023 8:00,SOUTH,1051.868
1/21/2023 14:00,1/21/2023 9:00,SOUTH,1887.895
1/21/2023 15:00,1/21/2023 10:00,SOUTH,1967.752
1/21/2023 16:00,1/21/2023 11:00,SOUTH,1889.558
1/21/2023 17:00,1/21/2023 12:00,SOUTH,1850.013
1/21/2023 18:00,1/21/2023 13:00,SOUTH,1868.01
1/21/2023 19:00,1/21/2023 14:00,SOUTH,1815.847
1/21/2023 20:00,1/21/2023 15:00,SOUTH,1428.727
1/21/2023 21:00,1/21/2023 16:00,SOUTH,456.47
1/21/2023 22:00,1/21/2023 17:00,SOUTH,7.387
1/21/2023 23:00,1/21/2023 18:00,SOUTH,-5.147
1/22/2023 0:00,1/21/2023 19:00,SOUTH,-5.063
1/22/2023 1:00,1/21/2023 20:00,SOUTH,-5.095
1/22/2023 2:00,1/21/2023 21:00,SOUTH,-4.859
1/22/2023 3:00,1/21/2023 22:00,SOUTH,-5.157
1/22/2023 4:00,1/21/2023 23:00,SOUTH,-4.886
1/22/2023 5:00,1/22/2023 0:00,SOUTH,-4.898
1/22/2023 6:00,1/22/2023 1:00,SOUTH,-5
1/22/2023 7:00,1/22/2023 2:00,SOUTH,-4.885
1/22/2023 8:00,1/22/2023 3:00,SOUTH,-5.103
1/22/2023 9:00,1/22/2023 4:00,SOUTH,-4.992
1/22/2023 10:00,1/22/2023 5:00,SOUTH,-5.269
1/22/2023 11:00,1/22/2023 6:00,SOUTH,-4.806
1/22/2023 12:00,1/22/2023 7:00,SOUTH,0.641
1/22/2023 13:00,1/22/2023 8:00,SOUTH,42.773
1/22/2023 14:00,1/22/2023 9:00,SOUTH,90.849
1/22/2023 15:00,1/22/2023 10:00,SOUTH,165.612
1/22/2023 16:00,1/22/2023 11:00,SOUTH,290.973
1/22/2023 17:00,1/22/2023 12:00,SOUTH,374.127
1/22/2023 18:00,1/22/2023 13:00,SOUTH,316.072
1/22/2023 19:00,1/22/2023 14:00,SOUTH,157.273
1/22/2023 20:00,1/22/2023 15:00,SOUTH,87.551
1/22/2023 21:00,1/22/2023 16:00,SOUTH,25.766
1/22/2023 22:00,1/22/2023 17:00,SOUTH,-4.863
1/22/2023 23:00,1/22/2023 18:00,SOUTH,-5.051
1/23/2023 0:00,1/22/2023 19:00,SOUTH,-5.151
1/23/2023 1:00,1/22/2023 20:00,SOUTH,-4.988
1/23/2023 2:00,1/22/2023 21:00,SOUTH,-5.27
1/23/2023 3:00,1/22/2023 22:00,SOUTH,-4.946
1/23/2023 4:00,1/22/2023 23:00,SOUTH,-5.111
1/23/2023 5:00,1/23/2023 0:00,SOUTH,-5.046
1/23/2023 6:00,1/23/2023 1:00,SOUTH,-5.052
1/23/2023 7:00,1/23/2023 2:00,SOUTH,-5.105
1/23/2023 8:00,1/23/2023 3:00,SOUTH,-4.833
1/23/2023 9:00,1/23/2023 4:00,SOUTH,-5.052
1/23/2023 10:00,1/23/2023 5:00,SOUTH,-5.195
1/23/2023 11:00,1/23/2023 6:00,SOUTH,-4.893
1/23/2023 12:00,1/23/2023 7:00,SOUTH,19.247
1/23/2023 13:00,1/23/2023 8:00,SOUTH,274.038
1/23/2023 14:00,1/23/2023 9:00,SOUTH,812.023
1/23/2023 15:00,1/23/2023 10:00,SOUTH,1668.363
1/23/2023 16:00,1/23/2023 11:00,SOUTH,1708.851
1/23/2023 17:00,1/23/2023 12:00,SOUTH,1608.45
1/23/2023 18:00,1/23/2023 13:00,SOUTH,1310.33
1/23/2023 19:00,1/23/2023 14:00,SOUTH,1165.994
1/23/2023 20:00,1/23/2023 15:00,SOUTH,1075.227
1/23/2023 21:00,1/23/2023 16:00,SOUTH,357.347
1/23/2023 22:00,1/23/2023 17:00,SOUTH,8.603
1/23/2023 23:00,1/23/2023 18:00,SOUTH,-4.907
1/24/2023 0:00,1/23/2023 19:00,SOUTH,-5.094
1/24/2023 1:00,1/23/2023 20:00,SOUTH,-4.896
1/24/2023 2:00,1/23/2023 21:00,SOUTH,-5
1/24/2023 3:00,1/23/2023 22:00,SOUTH,-4.927
1/24/2023 4:00,1/23/2023 23:00,SOUTH,-4.927
1/24/2023 5:00,1/24/2023 0:00,SOUTH,-4.92
1/24/2023 6:00,1/24/2023 1:00,SOUTH,-4.963
1/24/2023 7:00,1/24/2023 2:00,SOUTH,-5.067
1/24/2023 8:00,1/24/2023 3:00,SOUTH,-5.001
1/24/2023 9:00,1/24/2023 4:00,SOUTH,-5.146
1/24/2023 10:00,1/24/2023 5:00,SOUTH,-5.059
1/24/2023 11:00,1/24/2023 6:00,SOUTH,-4.971
1/24/2023 12:00,1/24/2023 7:00,SOUTH,128.721
1/24/2023 13:00,1/24/2023 8:00,SOUTH,1257.956
1/24/2023 14:00,1/24/2023 9:00,SOUTH,2346
1/24/2023 15:00,1/24/2023 10:00,SOUTH,2339.653
1/24/2023 16:00,1/24/2023 11:00,SOUTH,2219.239
1/24/2023 17:00,1/24/2023 12:00,SOUTH,2179.013
1/24/2023 18:00,1/24/2023 13:00,SOUTH,2218.153
1/24/2023 19:00,1/24/2023 14:00,SOUTH,2419.983
1/24/2023 20:00,1/24/2023 15:00,SOUTH,2154.687
1/24/2023 21:00,1/24/2023 16:00,SOUTH,810.817
1/24/2023 22:00,1/24/2023 17:00,SOUTH,17.683
1/24/2023 23:00,1/24/2023 18:00,SOUTH,-5.202
1/25/2023 0:00,1/24/2023 19:00,SOUTH,-4.651
1/25/2023 1:00,1/24/2023 20:00,SOUTH,-4.934
1/25/2023 2:00,1/24/2023 21:00,SOUTH,-4.906
1/25/2023 3:00,1/24/2023 22:00,SOUTH,-4.976
1/25/2023 4:00,1/24/2023 23:00,SOUTH,-5.077
1/25/2023 5:00,1/25/2023 0:00,SOUTH,-4.956
1/25/2023 6:00,1/25/2023 1:00,SOUTH,-4.947
1/25/2023 7:00,1/25/2023 2:00,SOUTH,-4.827
1/25/2023 8:00,1/25/2023 3:00,SOUTH,-5.245
1/25/2023 9:00,1/25/2023 4:00,SOUTH,-5.089
1/25/2023 10:00,1/25/2023 5:00,SOUTH,-5.134
1/25/2023 11:00,1/25/2023 6:00,SOUTH,-4.886
1/25/2023 12:00,1/25/2023 7:00,SOUTH,44.298
1/25/2023 13:00,1/25/2023 8:00,SOUTH,238.923
1/25/2023 14:00,1/25/2023 9:00,SOUTH,145.357
1/25/2023 15:00,1/25/2023 10:00,SOUTH,150.543
1/25/2023 16:00,1/25/2023 11:00,SOUTH,280.785
1/25/2023 17:00,1/25/2023 12:00,SOUTH,298.265
1/25/2023 18:00,1/25/2023 13:00,SOUTH,174.346
1/25/2023 19:00,1/25/2023 14:00,SOUTH,161.048
1/25/2023 20:00,1/25/2023 15:00,SOUTH,74.83
1/25/2023 21:00,1/25/2023 16:00,SOUTH,24.428
1/25/2023 22:00,1/25/2023 17:00,SOUTH,-5.134
1/25/2023 23:00,1/25/2023 18:00,SOUTH,-4.846
1/26/2023 0:00,1/25/2023 19:00,SOUTH,-5.131
1/26/2023 1:00,1/25/2023 20:00,SOUTH,-4.839
1/26/2023 2:00,1/25/2023 21:00,SOUTH,-4.919
1/26/2023 3:00,1/25/2023 22:00,SOUTH,-5.1
1/26/2023 4:00,1/25/2023 23:00,SOUTH,-4.884
1/26/2023 5:00,1/26/2023 0:00,SOUTH,-4.895
1/26/2023 6:00,1/26/2023 1:00,SOUTH,-4.897
1/26/2023 7:00,1/26/2023 2:00,SOUTH,-4.858
1/26/2023 8:00,1/26/2023 3:00,SOUTH,-4.952
1/26/2023 9:00,1/26/2023 4:00,SOUTH,-4.883
1/26/2023 10:00,1/26/2023 5:00,SOUTH,-4.924
1/26/2023 11:00,1/26/2023 6:00,SOUTH,-4.794
1/26/2023 12:00,1/26/2023 7:00,SOUTH,90.631
1/26/2023 13:00,1/26/2023 8:00,SOUTH,1192.168
1/26/2023 14:00,1/26/2023 9:00,SOUTH,2092.239
1/26/2023 15:00,1/26/2023 10:00,SOUTH,1938.689
1/26/2023 16:00,1/26/2023 11:00,SOUTH,1825.202
1/26/2023 17:00,1/26/2023 12:00,SOUTH,1617.795
1/26/2023 18:00,1/26/2023 13:00,SOUTH,1436.933
1/26/2023 19:00,1/26/2023 14:00,SOUTH,1389.919
1/26/2023 20:00,1/26/2023 15:00,SOUTH,1115.223
1/26/2023 21:00,1/26/2023 16:00,SOUTH,506.87
1/26/2023 22:00,1/26/2023 17:00,SOUTH,16.587
1/26/2023 23:00,1/26/2023 18:00,SOUTH,-4.961
1/27/2023 0:00,1/26/2023 19:00,SOUTH,-4.74
1/27/2023 1:00,1/26/2023 20:00,SOUTH,-4.958
1/27/2023 2:00,1/26/2023 21:00,SOUTH,-5.044
1/27/2023 3:00,1/26/2023 22:00,SOUTH,-4.937
1/27/2023 4:00,1/26/2023 23:00,SOUTH,-4.91
1/27/2023 5:00,1/27/2023 0:00,SOUTH,-4.719
1/27/2023 6:00,1/27/2023 1:00,SOUTH,-4.962
1/27/2023 7:00,1/27/2023 2:00,SOUTH,-5.144
1/27/2023 8:00,1/27/2023 3:00,SOUTH,-5.101
1/27/2023 9:00,1/27/2023 4:00,SOUTH,-5.075
1/27/2023 10:00,1/27/2023 5:00,SOUTH,-4.985
1/27/2023 11:00,1/27/2023 6:00,SOUTH,-5.072
1/27/2023 12:00,1/27/2023 7:00,SOUTH,118.991
1/27/2023 13:00,1/27/2023 8:00,SOUTH,1263.644
1/27/2023 14:00,1/27/2023 9:00,SOUTH,2259.327
1/27/2023 15:00,1/27/2023 10:00,SOUTH,2204.747
1/27/2023 16:00,1/27/2023 11:00,SOUTH,2079.065
1/27/2023 17:00,1/27/2023 12:00,SOUTH,1832.552
1/27/2023 18:00,1/27/2023 13:00,SOUTH,2046.951
1/27/2023 19:00,1/27/2023 14:00,SOUTH,2343.155
1/27/2023 20:00,1/27/2023 15:00,SOUTH,2210.762
1/27/2023 21:00,1/27/2023 16:00,SOUTH,900.316
1/27/2023 22:00,1/27/2023 17:00,SOUTH,27.074
1/27/2023 23:00,1/27/2023 18:00,SOUTH,-5.238
1/28/2023 0:00,1/27/2023 19:00,SOUTH,-5.039
1/28/2023 1:00,1/27/2023 20:00,SOUTH,-5.009
1/28/2023 2:00,1/27/2023 21:00,SOUTH,-5.187
1/28/2023 3:00,1/27/2023 22:00,SOUTH,-5.02
1/28/2023 4:00,1/27/2023 23:00,SOUTH,-5.13
1/28/2023 5:00,1/28/2023 0:00,SOUTH,-4.795
1/28/2023 6:00,1/28/2023 1:00,SOUTH,-5.106
1/28/2023 7:00,1/28/2023 2:00,SOUTH,-5.091
1/28/2023 8:00,1/28/2023 3:00,SOUTH,-5.148
1/28/2023 9:00,1/28/2023 4:00,SOUTH,-4.991
1/28/2023 10:00,1/28/2023 5:00,SOUTH,-5.06
1/28/2023 11:00,1/28/2023 6:00,SOUTH,-5.052
1/28/2023 12:00,1/28/2023 7:00,SOUTH,130.068
1/28/2023 13:00,1/28/2023 8:00,SOUTH,1306.95
1/28/2023 14:00,1/28/2023 9:00,SOUTH,2257.615
1/28/2023 15:00,1/28/2023 10:00,SOUTH,2193.677
1/28/2023 16:00,1/28/2023 11:00,SOUTH,2134.887
1/28/2023 17:00,1/28/2023 12:00,SOUTH,2176.266
1/28/2023 18:00,1/28/2023 13:00,SOUTH,2269.623
1/28/2023 19:00,1/28/2023 14:00,SOUTH,2308.618
1/28/2023 20:00,1/28/2023 15:00,SOUTH,2064.114
1/28/2023 21:00,1/28/2023 16:00,SOUTH,716.102
1/28/2023 22:00,1/28/2023 17:00,SOUTH,26.689
1/28/2023 23:00,1/28/2023 18:00,SOUTH,-5.169
1/29/2023 0:00,1/28/2023 19:00,SOUTH,-5.231
1/29/2023 1:00,1/28/2023 20:00,SOUTH,-4.999
1/29/2023 2:00,1/28/2023 21:00,SOUTH,-5.171
1/29/2023 3:00,1/28/2023 22:00,SOUTH,-4.86
1/29/2023 4:00,1/28/2023 23:00,SOUTH,-4.988
1/29/2023 5:00,1/29/2023 0:00,SOUTH,-5.152
1/29/2023 6:00,1/29/2023 1:00,SOUTH,-4.881
1/29/2023 7:00,1/29/2023 2:00,SOUTH,-5.167
1/29/2023 8:00,1/29/2023 3:00,SOUTH,-5.147
1/29/2023 9:00,1/29/2023 4:00,SOUTH,-4.99
1/29/2023 10:00,1/29/2023 5:00,SOUTH,-4.822
1/29/2023 11:00,1/29/2023 6:00,SOUTH,-5.064
1/29/2023 12:00,1/29/2023 7:00,SOUTH,115.788
1/29/2023 13:00,1/29/2023 8:00,SOUTH,1004.782
1/29/2023 14:00,1/29/2023 9:00,SOUTH,1501.762
1/29/2023 15:00,1/29/2023 10:00,SOUTH,1218.881
1/29/2023 16:00,1/29/2023 11:00,SOUTH,946.808
1/29/2023 17:00,1/29/2023 12:00,SOUTH,984.318
1/29/2023 18:00,1/29/2023 13:00,SOUTH,886.362
1/29/2023 19:00,1/29/2023 14:00,SOUTH,687.006
1/29/2023 20:00,1/29/2023 15:00,SOUTH,487.556
1/29/2023 21:00,1/29/2023 16:00,SOUTH,226.867
1/29/2023 22:00,1/29/2023 17:00,SOUTH,9.59
1/29/2023 23:00,1/29/2023 18:00,SOUTH,-4.923
1/30/2023 0:00,1/29/2023 19:00,SOUTH,-5.167
1/30/2023 1:00,1/29/2023 20:00,SOUTH,-5.05
1/30/2023 2:00,1/29/2023 21:00,SOUTH,-4.951
1/30/2023 3:00,1/29/2023 22:00,SOUTH,-5.144
1/30/2023 4:00,1/29/2023 23:00,SOUTH,-5.085
1/30/2023 5:00,1/30/2023 0:00,SOUTH,-4.989
1/30/2023 6:00,1/30/2023 1:00,SOUTH,-5.051
1/30/2023 7:00,1/30/2023 2:00,SOUTH,-5.142
1/30/2023 8:00,1/30/2023 3:00,SOUTH,-4.972
1/30/2023 9:00,1/30/2023 4:00,SOUTH,-5.009
1/30/2023 10:00,1/30/2023 5:00,SOUTH,-4.991
1/30/2023 11:00,1/30/2023 6:00,SOUTH,-5.031
1/30/2023 12:00,1/30/2023 7:00,SOUTH,11.828
1/30/2023 13:00,1/30/2023 8:00,SOUTH,145.486
1/30/2023 14:00,1/30/2023 9:00,SOUTH,434.192
1/30/2023 15:00,1/30/2023 10:00,SOUTH,784.826
1/30/2023 16:00,1/30/2023 11:00,SOUTH,1088.909
1/30/2023 17:00,1/30/2023 12:00,SOUTH,1298.719
1/30/2023 18:00,1/30/2023 13:00,SOUTH,1152.603
1/30/2023 19:00,1/30/2023 14:00,SOUTH,1048.399
1/30/2023 20:00,1/30/2023 15:00,SOUTH,983.095
1/30/2023 21:00,1/30/2023 16:00,SOUTH,413.289
1/30/2023 22:00,1/30/2023 17:00,SOUTH,21.64
1/30/2023 23:00,1/30/2023 18:00,SOUTH,-4.745
1/31/2023 0:00,1/30/2023 19:00,SOUTH,-4.965
1/31/2023 1:00,1/30/2023 20:00,SOUTH,-4.99
1/31/2023 2:00,1/30/2023 21:00,SOUTH,-4.873
1/31/2023 3:00,1/30/2023 22:00,SOUTH,-4.979
1/31/2023 4:00,1/30/2023 23:00,SOUTH,-4.815
1/31/2023 5:00,1/31/2023 0:00,SOUTH,-5.043
1/31/2023 6:00,1/31/2023 1:00,SOUTH,-4.964
1/31/2023 7:00,1/31/2023 2:00,SOUTH,-4.963
1/31/2023 8:00,1/31/2023 3:00,SOUTH,-5.027
1/31/2023 9:00,1/31/2023 4:00,SOUTH,-4.888
1/31/2023 10:00,1/31/2023 5:00,SOUTH,-4.896
1/31/2023 11:00,1/31/2023 6:00,SOUTH,-4.955
1/31/2023 12:00,1/31/2023 7:00,SOUTH,13.687
1/31/2023 13:00,1/31/2023 8:00,SOUTH,96.862
1/31/2023 14:00,1/31/2023 9:00,SOUTH,220.226
1/31/2023 15:00,1/31/2023 10:00,SOUTH,343.058
1/31/2023 16:00,1/31/2023 11:00,SOUTH,399.403
1/31/2023 17:00,1/31/2023 12:00,SOUTH,380.705
1/31/2023 18:00,1/31/2023 13:00,SOUTH,269.235
1/31/2023 19:00,1/31/2023 14:00,SOUTH,185.094
1/31/2023 20:00,1/31/2023 15:00,SOUTH,113.919
1/31/2023 21:00,1/31/2023 16:00,SOUTH,35.409
1/31/2023 22:00,1/31/2023 17:00,SOUTH,-3.118
1/31/2023 23:00,1/31/2023 18:00,SOUTH,-4.978
2/1/2023 0:00,1/31/2023 19:00,SOUTH,-5.034
2/1/2023 1:00,1/31/2023 20:00,SOUTH,-5.013
2/1/2023 2:00,1/31/2023 21:00,SOUTH,-4.97
2/1/2023 3:00,1/31/2023 22:00,SOUTH,-5.006
2/1/2023 4:00,1/31/2023 23:00,SOUTH,-4.948
2/1/2023 5:00,2/1/2023 0:00,SOUTH,-4.989
2/1/2023 6:00,2/1/2023 1:00,SOUTH,-4.979
2/1/2023 7:00,2/1/2023 2:00,SOUTH,-4.896
2/1/2023 8:00,2/1/2023 3:00,SOUTH,-5.22
2/1/2023 9:00,2/1/2023 4:00,SOUTH,-5.048
2/1/2023 10:00,2/1/2023 5:00,SOUTH,-5.195
2/1/2023 11:00,2/1/2023 6:00,SOUTH,-5.026
2/1/2023 12:00,2/1/2023 7:00,SOUTH,1.985
2/1/2023 13:00,2/1/2023 8:00,SOUTH,87.895
2/1/2023 14:00,2/1/2023 9:00,SOUTH,227.346
2/1/2023 15:00,2/1/2023 10:00,SOUTH,579.397
2/1/2023 16:00,2/1/2023 11:00,SOUTH,960.097
2/1/2023 17:00,2/1/2023 12:00,SOUTH,978.124
2/1/2023 18:00,2/1/2023 13:00,SOUTH,878.29
2/1/2023 19:00,2/1/2023 14:00,SOUTH,989.183
2/1/2023 20:00,2/1/2023 15:00,SOUTH,794.708
2/1/2023 21:00,2/1/2023 16:00,SOUTH,357.772
2/1/2023 22:00,2/1/2023 17:00,SOUTH,21.136
2/1/2023 23:00,2/1/2023 18:00,SOUTH,-5.282
2/2/2023 0:00,2/1/2023 19:00,SOUTH,-4.898
2/2/2023 1:00,2/1/2023 20:00,SOUTH,-5.116
2/2/2023 2:00,2/1/2023 21:00,SOUTH,-5.119
2/2/2023 3:00,2/1/2023 22:00,SOUTH,-5.17
2/2/2023 4:00,2/1/2023 23:00,SOUTH,-5.04
2/2/2023 5:00,2/2/2023 0:00,SOUTH,-4.783
2/2/2023 6:00,2/2/2023 1:00,SOUTH,-5.021
2/2/2023 7:00,2/2/2023 2:00,SOUTH,-5.009
2/2/2023 8:00,2/2/2023 3:00,SOUTH,-5.122
2/2/2023 9:00,2/2/2023 4:00,SOUTH,-5.094
2/2/2023 10:00,2/2/2023 5:00,SOUTH,-4.965
2/2/2023 11:00,2/2/2023 6:00,SOUTH,-5.056
2/2/2023 12:00,2/2/2023 7:00,SOUTH,12.579
2/2/2023 13:00,2/2/2023 8:00,SOUTH,111.537
2/2/2023 14:00,2/2/2023 9:00,SOUTH,180.925
2/2/2023 15:00,2/2/2023 10:00,SOUTH,351.096
2/2/2023 16:00,2/2/2023 11:00,SOUTH,545.453
2/2/2023 17:00,2/2/2023 12:00,SOUTH,687.662
2/2/2023 18:00,2/2/2023 13:00,SOUTH,684.698
2/2/2023 19:00,2/2/2023 14:00,SOUTH,403.75
2/2/2023 20:00,2/2/2023 15:00,SOUTH,220.963
2/2/2023 21:00,2/2/2023 16:00,SOUTH,108.92
2/2/2023 22:00,2/2/2023 17:00,SOUTH,3.941
2/2/2023 23:00,2/2/2023 18:00,SOUTH,-4.775
2/3/2023 0:00,2/2/2023 19:00,SOUTH,-5.111
2/3/2023 1:00,2/2/2023 20:00,SOUTH,-5.109
2/3/2023 2:00,2/2/2023 21:00,SOUTH,-4.868
2/3/2023 3:00,2/2/2023 22:00,SOUTH,-5.156
2/3/2023 4:00,2/2/2023 23:00,SOUTH,-4.883
2/3/2023 5:00,2/3/2023 0:00,SOUTH,-5.127
2/3/2023 6:00,2/3/2023 1:00,SOUTH,-5.065
2/3/2023 7:00,2/3/2023 2:00,SOUTH,-5.028
2/3/2023 8:00,2/3/2023 3:00,SOUTH,-5.067
2/3/2023 9:00,2/3/2023 4:00,SOUTH,-5.105
2/3/2023 10:00,2/3/2023 5:00,SOUTH,-5.042
2/3/2023 11:00,2/3/2023 6:00,SOUTH,-4.915
2/3/2023 12:00,2/3/2023 7:00,SOUTH,30.36
2/3/2023 13:00,2/3/2023 8:00,SOUTH,288.207
2/3/2023 14:00,2/3/2023 9:00,SOUTH,775.978
2/3/2023 15:00,2/3/2023 10:00,SOUTH,1250.443
2/3/2023 16:00,2/3/2023 11:00,SOUTH,1633.027
2/3/2023 17:00,2/3/2023 12:00,SOUTH,1915.054
2/3/2023 18:00,2/3/2023 13:00,SOUTH,2134.827
2/3/2023 19:00,2/3/2023 14:00,SOUTH,2301.381
2/3/2023 20:00,2/3/2023 15:00,SOUTH,2199.547
2/3/2023 21:00,2/3/2023 16:00,SOUTH,1095.741
2/3/2023 22:00,2/3/2023 17:00,SOUTH,63.75
2/3/2023 23:00,2/3/2023 18:00,SOUTH,-5.366
2/4/2023 0:00,2/3/2023 19:00,SOUTH,-5.142
2/4/2023 1:00,2/3/2023 20:00,SOUTH,-5.45
2/4/2023 2:00,2/3/2023 21:00,SOUTH,-5.073
2/4/2023 3:00,2/3/2023 22:00,SOUTH,-4.946
2/4/2023 4:00,2/3/2023 23:00,SOUTH,-5.247
2/4/2023 5:00,2/4/2023 0:00,SOUTH,-4.868
2/4/2023 6:00,2/4/2023 1:00,SOUTH,-5.248
2/4/2023 7:00,2/4/2023 2:00,SOUTH,-5.05
2/4/2023 8:00,2/4/2023 3:00,SOUTH,-5.256
2/4/2023 9:00,2/4/2023 4:00,SOUTH,-5.282
2/4/2023 10:00,2/4/2023 5:00,SOUTH,-5.295
2/4/2023 11:00,2/4/2023 6:00,SOUTH,-4.186
2/4/2023 12:00,2/4/2023 7:00,SOUTH,195.305
2/4/2023 13:00,2/4/2023 8:00,SOUTH,1517.913
2/4/2023 14:00,2/4/2023 9:00,SOUTH,2571.141
2/4/2023 15:00,2/4/2023 10:00,SOUTH,2599.636
2/4/2023 16:00,2/4/2023 11:00,SOUTH,2484.829
2/4/2023 17:00,2/4/2023 12:00,SOUTH,2423.486
2/4/2023 18:00,2/4/2023 13:00,SOUTH,2478.847
2/4/2023 19:00,2/4/2023 14:00,SOUTH,2600.733
2/4/2023 20:00,2/4/2023 15:00,SOUTH,2449.949
2/4/2023 21:00,2/4/2023 16:00,SOUTH,1153.168
2/4/2023 22:00,2/4/2023 17:00,SOUTH,62.311
2/4/2023 23:00,2/4/2023 18:00,SOUTH,-5.342
2/5/2023 0:00,2/4/2023 19:00,SOUTH,-5.085
2/5/2023 1:00,2/4/2023 20:00,SOUTH,-5.118
2/5/2023 2:00,2/4/2023 21:00,SOUTH,-5.019
2/5/2023 3:00,2/4/2023 22:00,SOUTH,-5.23
2/5/2023 4:00,2/4/2023 23:00,SOUTH,-5.113
2/5/2023 5:00,2/5/2023 0:00,SOUTH,-5.071
2/5/2023 6:00,2/5/2023 1:00,SOUTH,-4.945
2/5/2023 7:00,2/5/2023 2:00,SOUTH,-5.098
2/5/2023 8:00,2/5/2023 3:00,SOUTH,-5.271
2/5/2023 9:00,2/5/2023 4:00,SOUTH,-5.192
2/5/2023 10:00,2/5/2023 5:00,SOUTH,-5.236
2/5/2023 11:00,2/5/2023 6:00,SOUTH,-4.998
2/5/2023 12:00,2/5/2023 7:00,SOUTH,103.735
2/5/2023 13:00,2/5/2023 8:00,SOUTH,616.192
2/5/2023 14:00,2/5/2023 9:00,SOUTH,1199.943
2/5/2023 15:00,2/5/2023 10:00,SOUTH,1656.178
2/5/2023 16:00,2/5/2023 11:00,SOUTH,1785.89
2/5/2023 17:00,2/5/2023 12:00,SOUTH,1583.86
2/5/2023 18:00,2/5/2023 13:00,SOUTH,1325.334
2/5/2023 19:00,2/5/2023 14:00,SOUTH,1013.22
2/5/2023 20:00,2/5/2023 15:00,SOUTH,731.788
2/5/2023 21:00,2/5/2023 16:00,SOUTH,353.355
2/5/2023 22:00,2/5/2023 17:00,SOUTH,30.714
2/5/2023 23:00,2/5/2023 18:00,SOUTH,-5.007
2/6/2023 0:00,2/5/2023 19:00,SOUTH,-5.114
2/6/2023 1:00,2/5/2023 20:00,SOUTH,-4.874
2/6/2023 2:00,2/5/2023 21:00,SOUTH,-5.016
2/6/2023 3:00,2/5/2023 22:00,SOUTH,-4.879
2/6/2023 4:00,2/5/2023 23:00,SOUTH,-4.961
2/6/2023 5:00,2/6/2023 0:00,SOUTH,-5.103
2/6/2023 6:00,2/6/2023 1:00,SOUTH,-4.944
2/6/2023 7:00,2/6/2023 2:00,SOUTH,-5.032
2/6/2023 8:00,2/6/2023 3:00,SOUTH,-5.022
2/6/2023 9:00,2/6/2023 4:00,SOUTH,-4.868
2/6/2023 10:00,2/6/2023 5:00,SOUTH,-5.088
2/6/2023 11:00,2/6/2023 6:00,SOUTH,-4.65
2/6/2023 12:00,2/6/2023 7:00,SOUTH,188.609
2/6/2023 13:00,2/6/2023 8:00,SOUTH,1286.91
2/6/2023 14:00,2/6/2023 9:00,SOUTH,1914.436
2/6/2023 15:00,2/6/2023 10:00,SOUTH,2076.167
2/6/2023 16:00,2/6/2023 11:00,SOUTH,1899.291
2/6/2023 17:00,2/6/2023 12:00,SOUTH,1676.414
2/6/2023 18:00,2/6/2023 13:00,SOUTH,1783.892
2/6/2023 19:00,2/6/2023 14:00,SOUTH,2087.61
2/6/2023 20:00,2/6/2023 15:00,SOUTH,2166.221
2/6/2023 21:00,2/6/2023 16:00,SOUTH,1122.406
2/6/2023 22:00,2/6/2023 17:00,SOUTH,79.434
2/6/2023 23:00,2/6/2023 18:00,SOUTH,-5.201
2/7/2023 0:00,2/6/2023 19:00,SOUTH,-4.814
2/7/2023 1:00,2/6/2023 20:00,SOUTH,-5.108
2/7/2023 2:00,2/6/2023 21:00,SOUTH,-5.139
2/7/2023 3:00,2/6/2023 22:00,SOUTH,-4.916
2/7/2023 4:00,2/6/2023 23:00,SOUTH,-4.998
2/7/2023 5:00,2/7/2023 0:00,SOUTH,-5.031
2/7/2023 6:00,2/7/2023 1:00,SOUTH,-5.134
2/7/2023 7:00,2/7/2023 2:00,SOUTH,-4.615
2/7/2023 8:00,2/7/2023 3:00,SOUTH,-5.088
2/7/2023 9:00,2/7/2023 4:00,SOUTH,-4.682
2/7/2023 10:00,2/7/2023 5:00,SOUTH,-5.147
2/7/2023 11:00,2/7/2023 6:00,SOUTH,-4.723
2/7/2023 12:00,2/7/2023 7:00,SOUTH,230.29
2/7/2023 13:00,2/7/2023 8:00,SOUTH,1394.002
2/7/2023 14:00,2/7/2023 9:00,SOUTH,2174.133
2/7/2023 15:00,2/7/2023 10:00,SOUTH,2240.088
2/7/2023 16:00,2/7/2023 11:00,SOUTH,2273.522
2/7/2023 17:00,2/7/2023 12:00,SOUTH,2156.512
2/7/2023 18:00,2/7/2023 13:00,SOUTH,2103.903
2/7/2023 19:00,2/7/2023 14:00,SOUTH,1853.397
2/7/2023 20:00,2/7/2023 15:00,SOUTH,1567.38
2/7/2023 21:00,2/7/2023 16:00,SOUTH,698.566
2/7/2023 22:00,2/7/2023 17:00,SOUTH,62.509
2/7/2023 23:00,2/7/2023 18:00,SOUTH,-5.041
2/8/2023 0:00,2/7/2023 19:00,SOUTH,-5.133
2/8/2023 1:00,2/7/2023 20:00,SOUTH,-4.893
2/8/2023 2:00,2/7/2023 21:00,SOUTH,-5.081
2/8/2023 3:00,2/7/2023 22:00,SOUTH,-4.998
2/8/2023 4:00,2/7/2023 23:00,SOUTH,-4.841
2/8/2023 5:00,2/8/2023 0:00,SOUTH,-4.711
2/8/2023 6:00,2/8/2023 1:00,SOUTH,-4.941
2/8/2023 7:00,2/8/2023 2:00,SOUTH,-5.02
2/8/2023 8:00,2/8/2023 3:00,SOUTH,-4.929
2/8/2023 9:00,2/8/2023 4:00,SOUTH,-5.154
2/8/2023 10:00,2/8/2023 5:00,SOUTH,-4.858
2/8/2023 11:00,2/8/2023 6:00,SOUTH,-4.809
2/8/2023 12:00,2/8/2023 7:00,SOUTH,148.614
2/8/2023 13:00,2/8/2023 8:00,SOUTH,986.224
2/8/2023 14:00,2/8/2023 9:00,SOUTH,1760.774
2/8/2023 15:00,2/8/2023 10:00,SOUTH,2190.691
2/8/2023 16:00,2/8/2023 11:00,SOUTH,2133.376
2/8/2023 17:00,2/8/2023 12:00,SOUTH,2126.332
2/8/2023 18:00,2/8/2023 13:00,SOUTH,2138.751
2/8/2023 19:00,2/8/2023 14:00,SOUTH,2216.397
2/8/2023 20:00,2/8/2023 15:00,SOUTH,2084.916
2/8/2023 21:00,2/8/2023 16:00,SOUTH,1023.246
2/8/2023 22:00,2/8/2023 17:00,SOUTH,77.363
2/8/2023 23:00,2/8/2023 18:00,SOUTH,-4.937
2/9/2023 0:00,2/8/2023 19:00,SOUTH,-5.096
2/9/2023 1:00,2/8/2023 20:00,SOUTH,-4.895
2/9/2023 2:00,2/8/2023 21:00,SOUTH,-5.034
2/9/2023 3:00,2/8/2023 22:00,SOUTH,-4.958
2/9/2023 4:00,2/8/2023 23:00,SOUTH,-5.027
2/9/2023 5:00,2/9/2023 0:00,SOUTH,-4.897
2/9/2023 6:00,2/9/2023 1:00,SOUTH,-4.841
2/9/2023 7:00,2/9/2023 2:00,SOUTH,-5.093
2/9/2023 8:00,2/9/2023 3:00,SOUTH,-4.987
2/9/2023 9:00,2/9/2023 4:00,SOUTH,-4.981
2/9/2023 10:00,2/9/2023 5:00,SOUTH,-5.044
2/9/2023 11:00,2/9/2023 6:00,SOUTH,-4.609
2/9/2023 12:00,2/9/2023 7:00,SOUTH,123.649
2/9/2023 13:00,2/9/2023 8:00,SOUTH,678.761
2/9/2023 14:00,2/9/2023 9:00,SOUTH,1137.497
2/9/2023 15:00,2/9/2023 10:00,SOUTH,1335.576
2/9/2023 16:00,2/9/2023 11:00,SOUTH,1574.069
2/9/2023 17:00,2/9/2023 12:00,SOUTH,1703.151
2/9/2023 18:00,2/9/2023 13:00,SOUTH,1695.422
2/9/2023 19:00,2/9/2023 14:00,SOUTH,1104.586
2/9/2023 20:00,2/9/2023 15:00,SOUTH,1017.257
2/9/2023 21:00,2/9/2023 16:00,SOUTH,389.769
2/9/2023 22:00,2/9/2023 17:00,SOUTH,32.076
2/9/2023 23:00,2/9/2023 18:00,SOUTH,-4.986
2/10/2023 0:00,2/9/2023 19:00,SOUTH,-4.954
2/10/2023 1:00,2/9/2023 20:00,SOUTH,-4.672
2/10/2023 2:00,2/9/2023 21:00,SOUTH,-4.872
2/10/2023 3:00,2/9/2023 22:00,SOUTH,-4.937
2/10/2023 4:00,2/9/2023 23:00,SOUTH,-4.889
2/10/2023 5:00,2/10/2023 0:00,SOUTH,-5.024
2/10/2023 6:00,2/10/2023 1:00,SOUTH,-5.015
2/10/2023 7:00,2/10/2023 2:00,SOUTH,-4.742
2/10/2023 8:00,2/10/2023 3:00,SOUTH,-5.028
2/10/2023 9:00,2/10/2023 4:00,SOUTH,-4.976
2/10/2023 10:00,2/10/2023 5:00,SOUTH,-5.07
2/10/2023 11:00,2/10/2023 6:00,SOUTH,-4.912
2/10/2023 12:00,2/10/2023 7:00,SOUTH,82.618
2/10/2023 13:00,2/10/2023 8:00,SOUTH,756.963
2/10/2023 14:00,2/10/2023 9:00,SOUTH,1419.927
2/10/2023 15:00,2/10/2023 10:00,SOUTH,2013.584
2/10/2023 16:00,2/10/2023 11:00,SOUTH,2068.53
2/10/2023 17:00,2/10/2023 12:00,SOUTH,2106.622
2/10/2023 18:00,2/10/2023 13:00,SOUTH,2143.742
2/10/2023 19:00,2/10/2023 14:00,SOUTH,1837.679
2/10/2023 20:00,2/10/2023 15:00,SOUTH,1365.914
2/10/2023 21:00,2/10/2023 16:00,SOUTH,608.757
2/10/2023 22:00,2/10/2023 17:00,SOUTH,59.989
2/10/2023 23:00,2/10/2023 18:00,SOUTH,-5.297
2/11/2023 0:00,2/10/2023 19:00,SOUTH,-4.931
2/11/2023 1:00,2/10/2023 20:00,SOUTH,-4.983
2/11/2023 2:00,2/10/2023 21:00,SOUTH,-4.958
2/11/2023 3:00,2/10/2023 22:00,SOUTH,-5.035
2/11/2023 4:00,2/10/2023 23:00,SOUTH,-4.988
2/11/2023 5:00,2/11/2023 0:00,SOUTH,-4.986
2/11/2023 6:00,2/11/2023 1:00,SOUTH,-4.977
2/11/2023 7:00,2/11/2023 2:00,SOUTH,-4.93
2/11/2023 8:00,2/11/2023 3:00,SOUTH,-4.999
2/11/2023 9:00,2/11/2023 4:00,SOUTH,-4.936
2/11/2023 10:00,2/11/2023 5:00,SOUTH,-4.974
2/11/2023 11:00,2/11/2023 6:00,SOUTH,-5.076
2/11/2023 12:00,2/11/2023 7:00,SOUTH,83.318
2/11/2023 13:00,2/11/2023 8:00,SOUTH,633.588
2/11/2023 14:00,2/11/2023 9:00,SOUTH,1402.536
2/11/2023 15:00,2/11/2023 10:00,SOUTH,1871.922
2/11/2023 16:00,2/11/2023 11:00,SOUTH,2096.411
2/11/2023 17:00,2/11/2023 12:00,SOUTH,2062.698
2/11/2023 18:00,2/11/2023 13:00,SOUTH,2006.425
2/11/2023 19:00,2/11/2023 14:00,SOUTH,1519.938
2/11/2023 20:00,2/11/2023 15:00,SOUTH,923.629
2/11/2023 21:00,2/11/2023 16:00,SOUTH,315.245
2/11/2023 22:00,2/11/2023 17:00,SOUTH,29.176
2/11/2023 23:00,2/11/2023 18:00,SOUTH,-5.054
2/12/2023 0:00,2/11/2023 19:00,SOUTH,-5.067
2/12/2023 1:00,2/11/2023 20:00,SOUTH,-4.922
2/12/2023 2:00,2/11/2023 21:00,SOUTH,-5.033
2/12/2023 3:00,2/11/2023 22:00,SOUTH,-4.994
2/12/2023 4:00,2/11/2023 23:00,SOUTH,-5.055
2/12/2023 5:00,2/12/2023 0:00,SOUTH,-4.865
2/12/2023 6:00,2/12/2023 1:00,SOUTH,-5.059
2/12/2023 7:00,2/12/2023 2:00,SOUTH,-4.935
2/12/2023 8:00,2/12/2023 3:00,SOUTH,-5.091
2/12/2023 9:00,2/12/2023 4:00,SOUTH,-5.253
2/12/2023 10:00,2/12/2023 5:00,SOUTH,-5
2/12/2023 11:00,2/12/2023 6:00,SOUTH,-5.162
2/12/2023 12:00,2/12/2023 7:00,SOUTH,4.162
2/12/2023 13:00,2/12/2023 8:00,SOUTH,42.796
2/12/2023 14:00,2/12/2023 9:00,SOUTH,95.916
2/12/2023 15:00,2/12/2023 10:00,SOUTH,194.902
2/12/2023 16:00,2/12/2023 11:00,SOUTH,300.761
2/12/2023 17:00,2/12/2023 12:00,SOUTH,315.39
2/12/2023 18:00,2/12/2023 13:00,SOUTH,352.965
2/12/2023 19:00,2/12/2023 14:00,SOUTH,266.878
2/12/2023 20:00,2/12/2023 15:00,SOUTH,185.701
2/12/2023 21:00,2/12/2023 16:00,SOUTH,111.683
2/12/2023 22:00,2/12/2023 17:00,SOUTH,12.606
2/12/2023 23:00,2/12/2023 18:00,SOUTH,-5.247
2/13/2023 0:00,2/12/2023 19:00,SOUTH,-5.028
2/13/2023 1:00,2/12/2023 20:00,SOUTH,-4.949
2/13/2023 2:00,2/12/2023 21:00,SOUTH,-5.264
2/13/2023 3:00,2/12/2023 22:00,SOUTH,-5.091
2/13/2023 4:00,2/12/2023 23:00,SOUTH,-5.245
2/13/2023 5:00,2/13/2023 0:00,SOUTH,-5.1
2/13/2023 6:00,2/13/2023 1:00,SOUTH,-5.1
2/13/2023 7:00,2/13/2023 2:00,SOUTH,-5.068
2/13/2023 8:00,2/13/2023 3:00,SOUTH,-5.231
2/13/2023 9:00,2/13/2023 4:00,SOUTH,-5.185
2/13/2023 10:00,2/13/2023 5:00,SOUTH,-5.065
2/13/2023 11:00,2/13/2023 6:00,SOUTH,-4.925
2/13/2023 12:00,2/13/2023 7:00,SOUTH,296.241
2/13/2023 13:00,2/13/2023 8:00,SOUTH,1771.605
2/13/2023 14:00,2/13/2023 9:00,SOUTH,2590.355
2/13/2023 15:00,2/13/2023 10:00,SOUTH,2489.607
2/13/2023 16:00,2/13/2023 11:00,SOUTH,2327.18
2/13/2023 17:00,2/13/2023 12:00,SOUTH,2204.367
2/13/2023 18:00,2/13/2023 13:00,SOUTH,2020.658
2/13/2023 19:00,2/13/2023 14:00,SOUTH,2029.123
2/13/2023 20:00,2/13/2023 15:00,SOUTH,2018.19
2/13/2023 21:00,2/13/2023 16:00,SOUTH,1190.906
2/13/2023 22:00,2/13/2023 17:00,SOUTH,137.899
2/13/2023 23:00,2/13/2023 18:00,SOUTH,-5.276
2/14/2023 0:00,2/13/2023 19:00,SOUTH,-5.117
2/14/2023 1:00,2/13/2023 20:00,SOUTH,-4.955
2/14/2023 2:00,2/13/2023 21:00,SOUTH,-4.878
2/14/2023 3:00,2/13/2023 22:00,SOUTH,-4.963
2/14/2023 4:00,2/13/2023 23:00,SOUTH,-4.968
2/14/2023 5:00,2/14/2023 0:00,SOUTH,-4.319
2/14/2023 6:00,2/14/2023 1:00,SOUTH,-4.361
2/14/2023 7:00,2/14/2023 2:00,SOUTH,-4.524
2/14/2023 8:00,2/14/2023 3:00,SOUTH,-4.33
2/14/2023 9:00,2/14/2023 4:00,SOUTH,-4.479
2/14/2023 10:00,2/14/2023 5:00,SOUTH,-5.052
2/14/2023 11:00,2/14/2023 6:00,SOUTH,-3.789
2/14/2023 12:00,2/14/2023 7:00,SOUTH,364.796
2/14/2023 13:00,2/14/2023 8:00,SOUTH,1787.231
2/14/2023 14:00,2/14/2023 9:00,SOUTH,2611.153
2/14/2023 15:00,2/14/2023 10:00,SOUTH,2601.924
2/14/2023 16:00,2/14/2023 11:00,SOUTH,2507.385
2/14/2023 17:00,2/14/2023 12:00,SOUTH,2454.351
2/14/2023 18:00,2/14/2023 13:00,SOUTH,2507.455
2/14/2023 19:00,2/14/2023 14:00,SOUTH,2599.687
2/14/2023 20:00,2/14/2023 15:00,SOUTH,2369.13
2/14/2023 21:00,2/14/2023 16:00,SOUTH,1070.258
2/14/2023 22:00,2/14/2023 17:00,SOUTH,98.459
2/14/2023 23:00,2/14/2023 18:00,SOUTH,-4.725
2/15/2023 0:00,2/14/2023 19:00,SOUTH,-4.241
2/15/2023 1:00,2/14/2023 20:00,SOUTH,-4.242
2/15/2023 2:00,2/14/2023 21:00,SOUTH,-4.212
2/15/2023 3:00,2/14/2023 22:00,SOUTH,-4.105
2/15/2023 4:00,2/14/2023 23:00,SOUTH,-4.278
2/15/2023 5:00,2/15/2023 0:00,SOUTH,-4.722
2/15/2023 6:00,2/15/2023 1:00,SOUTH,-4.806
2/15/2023 7:00,2/15/2023 2:00,SOUTH,-4.647
2/15/2023 8:00,2/15/2023 3:00,SOUTH,-4.768
2/15/2023 9:00,2/15/2023 4:00,SOUTH,-4.67
2/15/2023 10:00,2/15/2023 5:00,SOUTH,-4.497
2/15/2023 11:00,2/15/2023 6:00,SOUTH,-4.589
2/15/2023 12:00,2/15/2023 7:00,SOUTH,102.926
2/15/2023 13:00,2/15/2023 8:00,SOUTH,546.569
2/15/2023 14:00,2/15/2023 9:00,SOUTH,870.993
2/15/2023 15:00,2/15/2023 10:00,SOUTH,1275.934
2/15/2023 16:00,2/15/2023 11:00,SOUTH,1521.618
2/15/2023 17:00,2/15/2023 12:00,SOUTH,1678.867
2/15/2023 18:00,2/15/2023 13:00,SOUTH,1799.904
2/15/2023 19:00,2/15/2023 14:00,SOUTH,1805.007
2/15/2023 20:00,2/15/2023 15:00,SOUTH,1549.306
2/15/2023 21:00,2/15/2023 16:00,SOUTH,928.348
2/15/2023 22:00,2/15/2023 17:00,SOUTH,120.999
2/15/2023 23:00,2/15/2023 18:00,SOUTH,-4.785
2/16/2023 0:00,2/15/2023 19:00,SOUTH,-4.601
2/16/2023 1:00,2/15/2023 20:00,SOUTH,-4.543
2/16/2023 2:00,2/15/2023 21:00,SOUTH,-4.727
2/16/2023 3:00,2/15/2023 22:00,SOUTH,-4.611
2/16/2023 4:00,2/15/2023 23:00,SOUTH,-4.573
2/16/2023 5:00,2/16/2023 0:00,SOUTH,-4.576
2/16/2023 6:00,2/16/2023 1:00,SOUTH,-4.626
2/16/2023 7:00,2/16/2023 2:00,SOUTH,-4.649
2/16/2023 8:00,2/16/2023 3:00,SOUTH,-4.5
2/16/2023 9:00,2/16/2023 4:00,SOUTH,-4.688
2/16/2023 10:00,2/16/2023 5:00,SOUTH,-4.443
2/16/2023 11:00,2/16/2023 6:00,SOUTH,-3.755
2/16/2023 12:00,2/16/2023 7:00,SOUTH,167.111
2/16/2023 13:00,2/16/2023 8:00,SOUTH,693.401
2/16/2023 14:00,2/16/2023 9:00,SOUTH,1101.986
2/16/2023 15:00,2/16/2023 10:00,SOUTH,1344.53
2/16/2023 16:00,2/16/2023 11:00,SOUTH,1500.447
2/16/2023 17:00,2/16/2023 12:00,SOUTH,1439.007
2/16/2023 18:00,2/16/2023 13:00,SOUTH,1175.653
2/16/2023 19:00,2/16/2023 14:00,SOUTH,1160.929
2/16/2023 20:00,2/16/2023 15:00,SOUTH,1025.26
2/16/2023 21:00,2/16/2023 16:00,SOUTH,547.07
2/16/2023 22:00,2/16/2023 17:00,SOUTH,75.134
2/16/2023 23:00,2/16/2023 18:00,SOUTH,-4.811
2/17/2023 0:00,2/16/2023 19:00,SOUTH,-4.626
2/17/2023 1:00,2/16/2023 20:00,SOUTH,-4.737
2/17/2023 2:00,2/16/2023 21:00,SOUTH,-4.655
2/17/2023 3:00,2/16/2023 22:00,SOUTH,-4.852
2/17/2023 4:00,2/16/2023 23:00,SOUTH,-4.656
2/17/2023 5:00,2/17/2023 0:00,SOUTH,-4.747
2/17/2023 6:00,2/17/2023 1:00,SOUTH,-4.762
2/17/2023 7:00,2/17/2023 2:00,SOUTH,-4.633
2/17/2023 8:00,2/17/2023 3:00,SOUTH,-4.763
2/17/2023 9:00,2/17/2023 4:00,SOUTH,-4.76
2/17/2023 10:00,2/17/2023 5:00,SOUTH,-4.843
2/17/2023 11:00,2/17/2023 6:00,SOUTH,-4.386
2/17/2023 12:00,2/17/2023 7:00,SOUTH,28.51
2/17/2023 13:00,2/17/2023 8:00,SOUTH,113.18
2/17/2023 14:00,2/17/2023 9:00,SOUTH,187.378
2/17/2023 15:00,2/17/2023 10:00,SOUTH,348.822
2/17/2023 16:00,2/17/2023 11:00,SOUTH,463.953
2/17/2023 17:00,2/17/2023 12:00,SOUTH,468.752
2/17/2023 18:00,2/17/2023 13:00,SOUTH,419.176
2/17/2023 19:00,2/17/2023 14:00,SOUTH,296.122
2/17/2023 20:00,2/17/2023 15:00,SOUTH,281.321
2/17/2023 21:00,2/17/2023 16:00,SOUTH,195.244
2/17/2023 22:00,2/17/2023 17:00,SOUTH,55.397
2/17/2023 23:00,2/17/2023 18:00,SOUTH,-5.001
2/18/2023 0:00,2/17/2023 19:00,SOUTH,-4.941
2/18/2023 1:00,2/17/2023 20:00,SOUTH,-4.864
2/18/2023 2:00,2/17/2023 21:00,SOUTH,-4.961
2/18/2023 3:00,2/17/2023 22:00,SOUTH,-4.926
2/18/2023 4:00,2/17/2023 23:00,SOUTH,-4.967
2/18/2023 5:00,2/18/2023 0:00,SOUTH,-4.983
2/18/2023 6:00,2/18/2023 1:00,SOUTH,-5.003
2/18/2023 7:00,2/18/2023 2:00,SOUTH,-4.77
2/18/2023 8:00,2/18/2023 3:00,SOUTH,-5.055
2/18/2023 9:00,2/18/2023 4:00,SOUTH,-5.092
2/18/2023 10:00,2/18/2023 5:00,SOUTH,-5.004
2/18/2023 11:00,2/18/2023 6:00,SOUTH,-3.008
2/18/2023 12:00,2/18/2023 7:00,SOUTH,448.078
2/18/2023 13:00,2/18/2023 8:00,SOUTH,2005.232
2/18/2023 14:00,2/18/2023 9:00,SOUTH,2743.491
2/18/2023 15:00,2/18/2023 10:00,SOUTH,2747.242
2/18/2023 16:00,2/18/2023 11:00,SOUTH,2667.631
2/18/2023 17:00,2/18/2023 12:00,SOUTH,2622.204
2/18/2023 18:00,2/18/2023 13:00,SOUTH,2655.415
2/18/2023 19:00,2/18/2023 14:00,SOUTH,2731.829
2/18/2023 20:00,2/18/2023 15:00,SOUTH,2674.488
2/18/2023 21:00,2/18/2023 16:00,SOUTH,1644.002
2/18/2023 22:00,2/18/2023 17:00,SOUTH,222.255
2/18/2023 23:00,2/18/2023 18:00,SOUTH,-5.303
2/19/2023 0:00,2/18/2023 19:00,SOUTH,-5.219
2/19/2023 1:00,2/18/2023 20:00,SOUTH,-5.019
2/19/2023 2:00,2/18/2023 21:00,SOUTH,-5.02
2/19/2023 3:00,2/18/2023 22:00,SOUTH,-4.93
2/19/2023 4:00,2/18/2023 23:00,SOUTH,-5.166
2/19/2023 5:00,2/19/2023 0:00,SOUTH,-5.032
2/19/2023 6:00,2/19/2023 1:00,SOUTH,-5.054
2/19/2023 7:00,2/19/2023 2:00,SOUTH,-5.04
2/19/2023 8:00,2/19/2023 3:00,SOUTH,-5.028
2/19/2023 9:00,2/19/2023 4:00,SOUTH,-5.013
2/19/2023 10:00,2/19/2023 5:00,SOUTH,-5.094
2/19/2023 11:00,2/19/2023 6:00,SOUTH,-3.71
2/19/2023 12:00,2/19/2023 7:00,SOUTH,151.917
2/19/2023 13:00,2/19/2023 8:00,SOUTH,792.633
2/19/2023 14:00,2/19/2023 9:00,SOUTH,2056.26
2/19/2023 15:00,2/19/2023 10:00,SOUTH,2354.82
2/19/2023 16:00,2/19/2023 11:00,SOUTH,2310.017
2/19/2023 17:00,2/19/2023 12:00,SOUTH,2384.579
2/19/2023 18:00,2/19/2023 13:00,SOUTH,2371.23
2/19/2023 19:00,2/19/2023 14:00,SOUTH,1937.314
2/19/2023 20:00,2/19/2023 15:00,SOUTH,1287.034
2/19/2023 21:00,2/19/2023 16:00,SOUTH,627.482
2/19/2023 22:00,2/19/2023 17:00,SOUTH,73.722
2/19/2023 23:00,2/19/2023 18:00,SOUTH,-5.155
2/20/2023 0:00,2/19/2023 19:00,SOUTH,-4.809
2/20/2023 1:00,2/19/2023 20:00,SOUTH,-5.007
2/20/2023 2:00,2/19/2023 21:00,SOUTH,-4.825
2/20/2023 3:00,2/19/2023 22:00,SOUTH,-4.939
2/20/2023 4:00,2/19/2023 23:00,SOUTH,-4.847
2/20/2023 5:00,2/20/2023 0:00,SOUTH,-4.798
2/20/2023 6:00,2/20/2023 1:00,SOUTH,-5.114
2/20/2023 7:00,2/20/2023 2:00,SOUTH,-4.859
2/20/2023 8:00,2/20/2023 3:00,SOUTH,-4.985
2/20/2023 9:00,2/20/2023 4:00,SOUTH,-4.71
2/20/2023 10:00,2/20/2023 5:00,SOUTH,-4.929
2/20/2023 11:00,2/20/2023 6:00,SOUTH,-4.221
2/20/2023 12:00,2/20/2023 7:00,SOUTH,110.089
2/20/2023 13:00,2/20/2023 8:00,SOUTH,393.181
2/20/2023 14:00,2/20/2023 9:00,SOUTH,573.71
2/20/2023 15:00,2/20/2023 10:00,SOUTH,747.559
2/20/2023 16:00,2/20/2023 11:00,SOUTH,857.9
2/20/2023 17:00,2/20/2023 12:00,SOUTH,767.184
2/20/2023 18:00,2/20/2023 13:00,SOUTH,654.97
2/20/2023 19:00,2/20/2023 14:00,SOUTH,475.06
2/20/2023 20:00,2/20/2023 15:00,SOUTH,314.483
2/20/2023 21:00,2/20/2023 16:00,SOUTH,201.215
2/20/2023 22:00,2/20/2023 17:00,SOUTH,34.196
2/20/2023 23:00,2/20/2023 18:00,SOUTH,-5.015
2/21/2023 0:00,2/20/2023 19:00,SOUTH,-5.038
2/21/2023 1:00,2/20/2023 20:00,SOUTH,-4.912
2/21/2023 2:00,2/20/2023 21:00,SOUTH,-4.856
2/21/2023 3:00,2/20/2023 22:00,SOUTH,-4.881
2/21/2023 4:00,2/20/2023 23:00,SOUTH,-4.86
2/21/2023 5:00,2/21/2023 0:00,SOUTH,-5.117
2/21/2023 6:00,2/21/2023 1:00,SOUTH,-4.907
2/21/2023 7:00,2/21/2023 2:00,SOUTH,-4.917
2/21/2023 8:00,2/21/2023 3:00,SOUTH,-5.016
2/21/2023 9:00,2/21/2023 4:00,SOUTH,-4.838
2/21/2023 10:00,2/21/2023 5:00,SOUTH,-4.881
2/21/2023 11:00,2/21/2023 6:00,SOUTH,-4.163
2/21/2023 12:00,2/21/2023 7:00,SOUTH,193.835
2/21/2023 13:00,2/21/2023 8:00,SOUTH,1242.452
2/21/2023 14:00,2/21/2023 9:00,SOUTH,2246.309
2/21/2023 15:00,2/21/2023 10:00,SOUTH,2522.829
2/21/2023 16:00,2/21/2023 11:00,SOUTH,2454.514
2/21/2023 17:00,2/21/2023 12:00,SOUTH,2094.559
2/21/2023 18:00,2/21/2023 13:00,SOUTH,2017.572
2/21/2023 19:00,2/21/2023 14:00,SOUTH,2136.782
2/21/2023 20:00,2/21/2023 15:00,SOUTH,2147.477
2/21/2023 21:00,2/21/2023 16:00,SOUTH,1425.071
2/21/2023 22:00,2/21/2023 17:00,SOUTH,199.511
2/21/2023 23:00,2/21/2023 18:00,SOUTH,-5.083
2/22/2023 0:00,2/21/2023 19:00,SOUTH,-4.958
2/22/2023 1:00,2/21/2023 20:00,SOUTH,-4.909
2/22/2023 2:00,2/21/2023 21:00,SOUTH,-5.026
2/22/2023 3:00,2/21/2023 22:00,SOUTH,-5.08
2/22/2023 4:00,2/21/2023 23:00,SOUTH,-4.907
2/22/2023 5:00,2/22/2023 0:00,SOUTH,-4.809
2/22/2023 6:00,2/22/2023 1:00,SOUTH,-4.931
2/22/2023 7:00,2/22/2023 2:00,SOUTH,-4.913
2/22/2023 8:00,2/22/2023 3:00,SOUTH,-4.928
2/22/2023 9:00,2/22/2023 4:00,SOUTH,-5.012
2/22/2023 10:00,2/22/2023 5:00,SOUTH,-4.829
2/22/2023 11:00,2/22/2023 6:00,SOUTH,0.259
2/22/2023 12:00,2/22/2023 7:00,SOUTH,294.177
2/22/2023 13:00,2/22/2023 8:00,SOUTH,759.876
2/22/2023 14:00,2/22/2023 9:00,SOUTH,1021.882
2/22/2023 15:00,2/22/2023 10:00,SOUTH,1271.426
2/22/2023 16:00,2/22/2023 11:00,SOUTH,1756.014
2/22/2023 17:00,2/22/2023 12:00,SOUTH,1810.959
2/22/2023 18:00,2/22/2023 13:00,SOUTH,1567.224
2/22/2023 19:00,2/22/2023 14:00,SOUTH,1545.237
2/22/2023 20:00,2/22/2023 15:00,SOUTH,1395.749
2/22/2023 21:00,2/22/2023 16:00,SOUTH,891.678
2/22/2023 22:00,2/22/2023 17:00,SOUTH,151.553
2/22/2023 23:00,2/22/2023 18:00,SOUTH,-4.717
2/23/2023 0:00,2/22/2023 19:00,SOUTH,-4.805
2/23/2023 1:00,2/22/2023 20:00,SOUTH,-4.982
2/23/2023 2:00,2/22/2023 21:00,SOUTH,-5.032
2/23/2023 3:00,2/22/2023 22:00,SOUTH,-5.022
2/23/2023 4:00,2/22/2023 23:00,SOUTH,-4.922
2/23/2023 5:00,2/23/2023 0:00,SOUTH,-5.059
2/23/2023 6:00,2/23/2023 1:00,SOUTH,-4.773
2/23/2023 7:00,2/23/2023 2:00,SOUTH,-4.983
2/23/2023 8:00,2/23/2023 3:00,SOUTH,-4.904
2/23/2023 9:00,2/23/2023 4:00,SOUTH,-5.035
2/23/2023 10:00,2/23/2023 5:00,SOUTH,-5.022
2/23/2023 11:00,2/23/2023 6:00,SOUTH,-2.328
2/23/2023 12:00,2/23/2023 7:00,SOUTH,347.927
2/23/2023 13:00,2/23/2023 8:00,SOUTH,1356.772
2/23/2023 14:00,2/23/2023 9:00,SOUTH,1722.516
2/23/2023 15:00,2/23/2023 10:00,SOUTH,1730.266
2/23/2023 16:00,2/23/2023 11:00,SOUTH,1836.918
2/23/2023 17:00,2/23/2023 12:00,SOUTH,1973.287
2/23/2023 18:00,2/23/2023 13:00,SOUTH,1631.187
2/23/2023 19:00,2/23/2023 14:00,SOUTH,1557.912
2/23/2023 20:00,2/23/2023 15:00,SOUTH,1752.952
2/23/2023 21:00,2/23/2023 16:00,SOUTH,1072.429
2/23/2023 22:00,2/23/2023 17:00,SOUTH,154.499
2/23/2023 23:00,2/23/2023 18:00,SOUTH,-4.97
2/24/2023 0:00,2/23/2023 19:00,SOUTH,-4.875
2/24/2023 1:00,2/23/2023 20:00,SOUTH,-5.042
2/24/2023 2:00,2/23/2023 21:00,SOUTH,-4.808
2/24/2023 3:00,2/23/2023 22:00,SOUTH,-4.791
2/24/2023 4:00,2/23/2023 23:00,SOUTH,-5.134
2/24/2023 5:00,2/24/2023 0:00,SOUTH,-4.883
2/24/2023 6:00,2/24/2023 1:00,SOUTH,-4.995
2/24/2023 7:00,2/24/2023 2:00,SOUTH,-4.999
2/24/2023 8:00,2/24/2023 3:00,SOUTH,-4.889
2/24/2023 9:00,2/24/2023 4:00,SOUTH,-4.917
2/24/2023 10:00,2/24/2023 5:00,SOUTH,-4.862
2/24/2023 11:00,2/24/2023 6:00,SOUTH,-0.157
2/24/2023 12:00,2/24/2023 7:00,SOUTH,375.555
2/24/2023 13:00,2/24/2023 8:00,SOUTH,1418.665
2/24/2023 14:00,2/24/2023 9:00,SOUTH,2112.877
2/24/2023 15:00,2/24/2023 10:00,SOUTH,2471.514
2/24/2023 16:00,2/24/2023 11:00,SOUTH,2441.922
2/24/2023 17:00,2/24/2023 12:00,SOUTH,2341.144
2/24/2023 18:00,2/24/2023 13:00,SOUTH,2161.409
2/24/2023 19:00,2/24/2023 14:00,SOUTH,1940.673
2/24/2023 20:00,2/24/2023 15:00,SOUTH,1582.045
2/24/2023 21:00,2/24/2023 16:00,SOUTH,720.895
2/24/2023 22:00,2/24/2023 17:00,SOUTH,70.131
2/24/2023 23:00,2/24/2023 18:00,SOUTH,-5.162
2/25/2023 0:00,2/24/2023 19:00,SOUTH,-4.943
2/25/2023 1:00,2/24/2023 20:00,SOUTH,-4.945
2/25/2023 2:00,2/24/2023 21:00,SOUTH,-4.86
2/25/2023 3:00,2/24/2023 22:00,SOUTH,-4.866
2/25/2023 4:00,2/24/2023 23:00,SOUTH,-4.955
2/25/2023 5:00,2/25/2023 0:00,SOUTH,-4.968
2/25/2023 6:00,2/25/2023 1:00,SOUTH,-4.936
2/25/2023 7:00,2/25/2023 2:00,SOUTH,-4.833
2/25/2023 8:00,2/25/2023 3:00,SOUTH,-4.795
2/25/2023 9:00,2/25/2023 4:00,SOUTH,-4.809
2/25/2023 10:00,2/25/2023 5:00,SOUTH,-5.017
2/25/2023 11:00,2/25/2023 6:00,SOUTH,0.749
2/25/2023 12:00,2/25/2023 7:00,SOUTH,216.909
2/25/2023 13:00,2/25/2023 8:00,SOUTH,532.881
2/25/2023 14:00,2/25/2023 9:00,SOUTH,381.981
2/25/2023 15:00,2/25/2023 10:00,SOUTH,457.792
2/25/2023 16:00,2/25/2023 11:00,SOUTH,460.777
2/25/2023 17:00,2/25/2023 12:00,SOUTH,361.39
2/25/2023 18:00,2/25/2023 13:00,SOUTH,283.109
2/25/2023 19:00,2/25/2023 14:00,SOUTH,171.537
2/25/2023 20:00,2/25/2023 15:00,SOUTH,97.573
2/25/2023 21:00,2/25/2023 16:00,SOUTH,63.625
2/25/2023 22:00,2/25/2023 17:00,SOUTH,15.08
2/25/2023 23:00,2/25/2023 18:00,SOUTH,-5.018
2/26/2023 0:00,2/25/2023 19:00,SOUTH,-5.165
2/26/2023 1:00,2/25/2023 20:00,SOUTH,-4.984
2/26/2023 2:00,2/25/2023 21:00,SOUTH,-4.86
2/26/2023 3:00,2/25/2023 22:00,SOUTH,-4.872
2/26/2023 4:00,2/25/2023 23:00,SOUTH,-5.104
2/26/2023 5:00,2/26/2023 0:00,SOUTH,-4.877
2/26/2023 6:00,2/26/2023 1:00,SOUTH,-4.957
2/26/2023 7:00,2/26/2023 2:00,SOUTH,-5.015
2/26/2023 8:00,2/26/2023 3:00,SOUTH,-5.172
2/26/2023 9:00,2/26/2023 4:00,SOUTH,-4.981
2/26/2023 10:00,2/26/2023 5:00,SOUTH,-4.689
2/26/2023 11:00,2/26/2023 6:00,SOUTH,-4.341
2/26/2023 12:00,2/26/2023 7:00,SOUTH,64.776
2/26/2023 13:00,2/26/2023 8:00,SOUTH,224.461
2/26/2023 14:00,2/26/2023 9:00,SOUTH,387.511
2/26/2023 15:00,2/26/2023 10:00,SOUTH,643.494
2/26/2023 16:00,2/26/2023 11:00,SOUTH,978.17
2/26/2023 17:00,2/26/2023 12:00,SOUTH,1330.7
2/26/2023 18:00,2/26/2023 13:00,SOUTH,1527.782
2/26/2023 19:00,2/26/2023 14:00,SOUTH,1817.612
2/26/2023 20:00,2/26/2023 15:00,SOUTH,2089.506
2/26/2023 21:00,2/26/2023 16:00,SOUTH,1510.658
2/26/2023 22:00,2/26/2023 17:00,SOUTH,254.505
2/26/2023 23:00,2/26/2023 18:00,SOUTH,-5.226
2/27/2023 0:00,2/26/2023 19:00,SOUTH,-5.082
2/27/2023 1:00,2/26/2023 20:00,SOUTH,-4.799
2/27/2023 2:00,2/26/2023 21:00,SOUTH,-5.007
2/27/2023 3:00,2/26/2023 22:00,SOUTH,-4.95
2/27/2023 4:00,2/26/2023 23:00,SOUTH,-4.852
2/27/2023 5:00,2/27/2023 0:00,SOUTH,-4.96
2/27/2023 6:00,2/27/2023 1:00,SOUTH,-4.941
2/27/2023 7:00,2/27/2023 2:00,SOUTH,-5.049
2/27/2023 8:00,2/27/2023 3:00,SOUTH,-4.826
2/27/2023 9:00,2/27/2023 4:00,SOUTH,-5.061
2/27/2023 10:00,2/27/2023 5:00,SOUTH,-4.89
2/27/2023 11:00,2/27/2023 6:00,SOUTH,2.684
2/27/2023 12:00,2/27/2023 7:00,SOUTH,195.299
2/27/2023 13:00,2/27/2023 8:00,SOUTH,656.603
2/27/2023 14:00,2/27/2023 9:00,SOUTH,1041.947
2/27/2023 15:00,2/27/2023 10:00,SOUTH,1323.3
2/27/2023 16:00,2/27/2023 11:00,SOUTH,1430.876
2/27/2023 17:00,2/27/2023 12:00,SOUTH,1271.682
2/27/2023 18:00,2/27/2023 13:00,SOUTH,1254.417
2/27/2023 19:00,2/27/2023 14:00,SOUTH,1349.811
2/27/2023 20:00,2/27/2023 15:00,SOUTH,1044.842
2/27/2023 21:00,2/27/2023 16:00,SOUTH,735.424
2/27/2023 22:00,2/27/2023 17:00,SOUTH,98.567
2/27/2023 23:00,2/27/2023 18:00,SOUTH,-5.199
2/28/2023 0:00,2/27/2023 19:00,SOUTH,-4.826
2/28/2023 1:00,2/27/2023 20:00,SOUTH,-5.124
2/28/2023 2:00,2/27/2023 21:00,SOUTH,-5.013
2/28/2023 3:00,2/27/2023 22:00,SOUTH,-4.649
2/28/2023 4:00,2/27/2023 23:00,SOUTH,-5.052
2/28/2023 5:00,2/28/2023 0:00,SOUTH,-5.047
2/28/2023 6:00,2/28/2023 1:00,SOUTH,-4.952
2/28/2023 7:00,2/28/2023 2:00,SOUTH,-4.808
2/28/2023 8:00,2/28/2023 3:00,SOUTH,-5.114
2/28/2023 9:00,2/28/2023 4:00,SOUTH,-4.92
2/28/2023 10:00,2/28/2023 5:00,SOUTH,-4.928
2/28/2023 11:00,2/28/2023 6:00,SOUTH,1.145
2/28/2023 12:00,2/28/2023 7:00,SOUTH,369.441
2/28/2023 13:00,2/28/2023 8:00,SOUTH,1096.281
2/28/2023 14:00,2/28/2023 9:00,SOUTH,1456.374
2/28/2023 15:00,2/28/2023 10:00,SOUTH,1727.138
2/28/2023 16:00,2/28/2023 11:00,SOUTH,2150.908
2/28/2023 17:00,2/28/2023 12:00,SOUTH,2432.895
2/28/2023 18:00,2/28/2023 13:00,SOUTH,2697.906
2/28/2023 19:00,2/28/2023 14:00,SOUTH,2752.842
2/28/2023 20:00,2/28/2023 15:00,SOUTH,2678.098
2/28/2023 21:00,2/28/2023 16:00,SOUTH,1785.868
2/28/2023 22:00,2/28/2023 17:00,SOUTH,343.69
2/28/2023 23:00,2/28/2023 18:00,SOUTH,-4.429
3/1/2023 0:00,2/28/2023 19:00,SOUTH,-5.219
3/1/2023 1:00,2/28/2023 20:00,SOUTH,-4.573
3/1/2023 2:00,2/28/2023 21:00,SOUTH,-4.916
3/1/2023 3:00,2/28/2023 22:00,SOUTH,-5.162
3/1/2023 4:00,2/28/2023 23:00,SOUTH,-4.723
3/1/2023 5:00,3/1/2023 0:00,SOUTH,-4.906
3/1/2023 6:00,3/1/2023 1:00,SOUTH,-4.774
3/1/2023 7:00,3/1/2023 2:00,SOUTH,-4.809
3/1/2023 8:00,3/1/2023 3:00,SOUTH,-4.925
3/1/2023 9:00,3/1/2023 4:00,SOUTH,-4.647
3/1/2023 10:00,3/1/2023 5:00,SOUTH,-4.733
3/1/2023 11:00,3/1/2023 6:00,SOUTH,6.608
3/1/2023 12:00,3/1/2023 7:00,SOUTH,486.928
3/1/2023 13:00,3/1/2023 8:00,SOUTH,1552.138
3/1/2023 14:00,3/1/2023 9:00,SOUTH,1888.584
3/1/2023 15:00,3/1/2023 10:00,SOUTH,1742.983
3/1/2023 16:00,3/1/2023 11:00,SOUTH,1465.346
3/1/2023 17:00,3/1/2023 12:00,SOUTH,1361.139
3/1/2023 18:00,3/1/2023 13:00,SOUTH,1296.394
3/1/2023 19:00,3/1/2023 14:00,SOUTH,1483.47
3/1/2023 20:00,3/1/2023 15:00,SOUTH,1495.901
3/1/2023 21:00,3/1/2023 16:00,SOUTH,978.63
3/1/2023 22:00,3/1/2023 17:00,SOUTH,171.028
3/1/2023 23:00,3/1/2023 18:00,SOUTH,-4.934
3/2/2023 0:00,3/1/2023 19:00,SOUTH,-4.727
3/2/2023 1:00,3/1/2023 20:00,SOUTH,-4.833
3/2/2023 2:00,3/1/2023 21:00,SOUTH,-5.113
3/2/2023 3:00,3/1/2023 22:00,SOUTH,-4.7
3/2/2023 4:00,3/1/2023 23:00,SOUTH,-4.769
3/2/2023 5:00,3/2/2023 0:00,SOUTH,-5.863
3/2/2023 6:00,3/2/2023 1:00,SOUTH,-4.744
3/2/2023 7:00,3/2/2023 2:00,SOUTH,-4.706
3/2/2023 8:00,3/2/2023 3:00,SOUTH,-4.744
3/2/2023 9:00,3/2/2023 4:00,SOUTH,-4.834
3/2/2023 10:00,3/2/2023 5:00,SOUTH,-4.703
3/2/2023 11:00,3/2/2023 6:00,SOUTH,-4.461
3/2/2023 12:00,3/2/2023 7:00,SOUTH,43.377
3/2/2023 13:00,3/2/2023 8:00,SOUTH,284.488
3/2/2023 14:00,3/2/2023 9:00,SOUTH,841.983
3/2/2023 15:00,3/2/2023 10:00,SOUTH,1188.394
3/2/2023 16:00,3/2/2023 11:00,SOUTH,1051.745
3/2/2023 17:00,3/2/2023 12:00,SOUTH,1037.971
3/2/2023 18:00,3/2/2023 13:00,SOUTH,818.795
3/2/2023 19:00,3/2/2023 14:00,SOUTH,566.444
3/2/2023 20:00,3/2/2023 15:00,SOUTH,373.278
3/2/2023 21:00,3/2/2023 16:00,SOUTH,242.799
3/2/2023 22:00,3/2/2023 17:00,SOUTH,56.795
3/2/2023 23:00,3/2/2023 18:00,SOUTH,-5.59
3/3/2023 0:00,3/2/2023 19:00,SOUTH,-4.583
3/3/2023 1:00,3/2/2023 20:00,SOUTH,-4.767
3/3/2023 2:00,3/2/2023 21:00,SOUTH,-4.591
3/3/2023 3:00,3/2/2023 22:00,SOUTH,-4.524
3/3/2023 4:00,3/2/2023 23:00,SOUTH,-4.949
3/3/2023 5:00,3/3/2023 0:00,SOUTH,-4.732
3/3/2023 6:00,3/3/2023 1:00,SOUTH,-4.975
3/3/2023 7:00,3/3/2023 2:00,SOUTH,-4.725
3/3/2023 8:00,3/3/2023 3:00,SOUTH,-4.991
3/3/2023 9:00,3/3/2023 4:00,SOUTH,-4.775
3/3/2023 10:00,3/3/2023 5:00,SOUTH,-4.745
3/3/2023 11:00,3/3/2023 6:00,SOUTH,-2.233
3/3/2023 12:00,3/3/2023 7:00,SOUTH,50.55
3/3/2023 13:00,3/3/2023 8:00,SOUTH,149.659
3/3/2023 14:00,3/3/2023 9:00,SOUTH,278.716
3/3/2023 15:00,3/3/2023 10:00,SOUTH,295.426
3/3/2023 16:00,3/3/2023 11:00,SOUTH,226.33
3/3/2023 17:00,3/3/2023 12:00,SOUTH,235.709
3/3/2023 18:00,3/3/2023 13:00,SOUTH,264.518
3/3/2023 19:00,3/3/2023 14:00,SOUTH,441
3/3/2023 20:00,3/3/2023 15:00,SOUTH,457.87
3/3/2023 21:00,3/3/2023 16:00,SOUTH,235.426
3/3/2023 22:00,3/3/2023 17:00,SOUTH,77.28
3/3/2023 23:00,3/3/2023 18:00,SOUTH,-4.79
3/4/2023 0:00,3/3/2023 19:00,SOUTH,-4.848
3/4/2023 1:00,3/3/2023 20:00,SOUTH,-4.803
3/4/2023 2:00,3/3/2023 21:00,SOUTH,-4.81
3/4/2023 3:00,3/3/2023 22:00,SOUTH,-4.631
3/4/2023 4:00,3/3/2023 23:00,SOUTH,-4.604
3/4/2023 5:00,3/4/2023 0:00,SOUTH,-4.81
3/4/2023 6:00,3/4/2023 1:00,SOUTH,-4.792
3/4/2023 7:00,3/4/2023 2:00,SOUTH,-4.835
3/4/2023 8:00,3/4/2023 3:00,SOUTH,-4.721
3/4/2023 9:00,3/4/2023 4:00,SOUTH,-4.676
3/4/2023 10:00,3/4/2023 5:00,SOUTH,-4.759
3/4/2023 11:00,3/4/2023 6:00,SOUTH,13.776
3/4/2023 12:00,3/4/2023 7:00,SOUTH,819.632
3/4/2023 13:00,3/4/2023 8:00,SOUTH,2365.446
3/4/2023 14:00,3/4/2023 9:00,SOUTH,2827.785
3/4/2023 15:00,3/4/2023 10:00,SOUTH,2831.277
3/4/2023 16:00,3/4/2023 11:00,SOUTH,2813.706
3/4/2023 17:00,3/4/2023 12:00,SOUTH,2829.032
3/4/2023 18:00,3/4/2023 13:00,SOUTH,2860.677
3/4/2023 19:00,3/4/2023 14:00,SOUTH,2886.84
3/4/2023 20:00,3/4/2023 15:00,SOUTH,2875.181
3/4/2023 21:00,3/4/2023 16:00,SOUTH,2052.587
3/4/2023 22:00,3/4/2023 17:00,SOUTH,442.535
3/4/2023 23:00,3/4/2023 18:00,SOUTH,-3.708
3/5/2023 0:00,3/4/2023 19:00,SOUTH,-4.89
3/5/2023 1:00,3/4/2023 20:00,SOUTH,-4.898
3/5/2023 2:00,3/4/2023 21:00,SOUTH,-4.872
3/5/2023 3:00,3/4/2023 22:00,SOUTH,-4.837
3/5/2023 4:00,3/4/2023 23:00,SOUTH,-4.831
3/5/2023 5:00,3/5/2023 0:00,SOUTH,-4.594
3/5/2023 6:00,3/5/2023 1:00,SOUTH,-4.967
3/5/2023 7:00,3/5/2023 2:00,SOUTH,-4.74
3/5/2023 8:00,3/5/2023 3:00,SOUTH,-4.943
3/5/2023 9:00,3/5/2023 4:00,SOUTH,-4.844
3/5/2023 10:00,3/5/2023 5:00,SOUTH,-4.628
3/5/2023 11:00,3/5/2023 6:00,SOUTH,23.351
3/5/2023 12:00,3/5/2023 7:00,SOUTH,928.861
3/5/2023 13:00,3/5/2023 8:00,SOUTH,2433.447
3/5/2023 14:00,3/5/2023 9:00,SOUTH,2845.74
3/5/2023 15:00,3/5/2023 10:00,SOUTH,2845.549
3/5/2023 16:00,3/5/2023 11:00,SOUTH,2822.285
3/5/2023 17:00,3/5/2023 12:00,SOUTH,2801.312
3/5/2023 18:00,3/5/2023 13:00,SOUTH,2823.908
3/5/2023 19:00,3/5/2023 14:00,SOUTH,2874.559
3/5/2023 20:00,3/5/2023 15:00,SOUTH,2809.866
3/5/2023 21:00,3/5/2023 16:00,SOUTH,1948.842
3/5/2023 22:00,3/5/2023 17:00,SOUTH,420.178
3/5/2023 23:00,3/5/2023 18:00,SOUTH,-3.397
3/6/2023 0:00,3/5/2023 19:00,SOUTH,-4.792
3/6/2023 1:00,3/5/2023 20:00,SOUTH,-4.847
3/6/2023 2:00,3/5/2023 21:00,SOUTH,-4.771
3/6/2023 3:00,3/5/2023 22:00,SOUTH,-4.976
3/6/2023 4:00,3/5/2023 23:00,SOUTH,-4.758
3/6/2023 5:00,3/6/2023 0:00,SOUTH,-4.659
3/6/2023 6:00,3/6/2023 1:00,SOUTH,-4.9
3/6/2023 7:00,3/6/2023 2:00,SOUTH,-4.997
3/6/2023 8:00,3/6/2023 3:00,SOUTH,-4.678
3/6/2023 9:00,3/6/2023 4:00,SOUTH,-4.865
3/6/2023 10:00,3/6/2023 5:00,SOUTH,-4.697
3/6/2023 11:00,3/6/2023 6:00,SOUTH,29.659
3/6/2023 12:00,3/6/2023 7:00,SOUTH,799.306
3/6/2023 13:00,3/6/2023 8:00,SOUTH,2222.065
3/6/2023 14:00,3/6/2023 9:00,SOUTH,2707.171
3/6/2023 15:00,3/6/2023 10:00,SOUTH,2572.28
3/6/2023 16:00,3/6/2023 11:00,SOUTH,2568.075
3/6/2023 17:00,3/6/2023 12:00,SOUTH,2523.845
3/6/2023 18:00,3/6/2023 13:00,SOUTH,2560.063
3/6/2023 19:00,3/6/2023 14:00,SOUTH,2535.27
3/6/2023 20:00,3/6/2023 15:00,SOUTH,2358.117
3/6/2023 21:00,3/6/2023 16:00,SOUTH,1511.454
3/6/2023 22:00,3/6/2023 17:00,SOUTH,372.742
3/6/2023 23:00,3/6/2023 18:00,SOUTH,-2.767
3/7/2023 0:00,3/6/2023 19:00,SOUTH,-4.801
3/7/2023 1:00,3/6/2023 20:00,SOUTH,-4.759
3/7/2023 2:00,3/6/2023 21:00,SOUTH,-4.937
3/7/2023 3:00,3/6/2023 22:00,SOUTH,-4.566
3/7/2023 4:00,3/6/2023 23:00,SOUTH,-4.712
3/7/2023 5:00,3/7/2023 0:00,SOUTH,-4.754
3/7/2023 6:00,3/7/2023 1:00,SOUTH,-4.776
3/7/2023 7:00,3/7/2023 2:00,SOUTH,-4.48
3/7/2023 8:00,3/7/2023 3:00,SOUTH,-4.918
3/7/2023 9:00,3/7/2023 4:00,SOUTH,-4.545
3/7/2023 10:00,3/7/2023 5:00,SOUTH,-4.896
3/7/2023 11:00,3/7/2023 6:00,SOUTH,20.614
3/7/2023 12:00,3/7/2023 7:00,SOUTH,789.156
3/7/2023 13:00,3/7/2023 8:00,SOUTH,2228.127
3/7/2023 14:00,3/7/2023 9:00,SOUTH,2589.427
3/7/2023 15:00,3/7/2023 10:00,SOUTH,2582.161
3/7/2023 16:00,3/7/2023 11:00,SOUTH,2650.879
3/7/2023 17:00,3/7/2023 12:00,SOUTH,2645.081
3/7/2023 18:00,3/7/2023 13:00,SOUTH,2756.009
3/7/2023 19:00,3/7/2023 14:00,SOUTH,2877.911
3/7/2023 20:00,3/7/2023 15:00,SOUTH,2724.592
3/7/2023 21:00,3/7/2023 16:00,SOUTH,1973.588
3/7/2023 22:00,3/7/2023 17:00,SOUTH,480.984
3/7/2023 23:00,3/7/2023 18:00,SOUTH,-0.994
3/8/2023 0:00,3/7/2023 19:00,SOUTH,-4.917
3/8/2023 1:00,3/7/2023 20:00,SOUTH,-4.819
3/8/2023 2:00,3/7/2023 21:00,SOUTH,-4.536
3/8/2023 3:00,3/7/2023 22:00,SOUTH,-4.803
3/8/2023 4:00,3/7/2023 23:00,SOUTH,-4.608
3/8/2023 5:00,3/8/2023 0:00,SOUTH,-4.88
3/8/2023 6:00,3/8/2023 1:00,SOUTH,-4.558
3/8/2023 7:00,3/8/2023 2:00,SOUTH,-4.744
3/8/2023 8:00,3/8/2023 3:00,SOUTH,-4.823
3/8/2023 9:00,3/8/2023 4:00,SOUTH,-4.739
3/8/2023 10:00,3/8/2023 5:00,SOUTH,-4.596
3/8/2023 11:00,3/8/2023 6:00,SOUTH,34.12
3/8/2023 12:00,3/8/2023 7:00,SOUTH,1065.661
3/8/2023 13:00,3/8/2023 8:00,SOUTH,2602.959
3/8/2023 14:00,3/8/2023 9:00,SOUTH,2970.89
3/8/2023 15:00,3/8/2023 10:00,SOUTH,2959.204
3/8/2023 16:00,3/8/2023 11:00,SOUTH,2900.11
3/8/2023 17:00,3/8/2023 12:00,SOUTH,2874.843
3/8/2023 18:00,3/8/2023 13:00,SOUTH,2940.561
3/8/2023 19:00,3/8/2023 14:00,SOUTH,2924.479
3/8/2023 20:00,3/8/2023 15:00,SOUTH,2835.812
3/8/2023 21:00,3/8/2023 16:00,SOUTH,2089.731
3/8/2023 22:00,3/8/2023 17:00,SOUTH,478.129
3/8/2023 23:00,3/8/2023 18:00,SOUTH,-2.939
3/9/2023 0:00,3/8/2023 19:00,SOUTH,-4.691
3/9/2023 1:00,3/8/2023 20:00,SOUTH,-4.578
3/9/2023 2:00,3/8/2023 21:00,SOUTH,-4.973
3/9/2023 3:00,3/8/2023 22:00,SOUTH,-4.631
3/9/2023 4:00,3/8/2023 23:00,SOUTH,-4.776
3/9/2023 5:00,3/9/2023 0:00,SOUTH,-4.7
3/9/2023 6:00,3/9/2023 1:00,SOUTH,-4.667
3/9/2023 7:00,3/9/2023 2:00,SOUTH,-4.794
3/9/2023 8:00,3/9/2023 3:00,SOUTH,-4.534
3/9/2023 9:00,3/9/2023 4:00,SOUTH,-4.675
3/9/2023 10:00,3/9/2023 5:00,SOUTH,-5.036
3/9/2023 11:00,3/9/2023 6:00,SOUTH,43.072
3/9/2023 12:00,3/9/2023 7:00,SOUTH,1070.418
3/9/2023 13:00,3/9/2023 8:00,SOUTH,2519.566
3/9/2023 14:00,3/9/2023 9:00,SOUTH,2847.56
3/9/2023 15:00,3/9/2023 10:00,SOUTH,2667.449
3/9/2023 16:00,3/9/2023 11:00,SOUTH,2581.041
3/9/2023 17:00,3/9/2023 12:00,SOUTH,2679.735
3/9/2023 18:00,3/9/2023 13:00,SOUTH,2736.619
3/9/2023 19:00,3/9/2023 14:00,SOUTH,2815.715
3/9/2023 20:00,3/9/2023 15:00,SOUTH,2701.563
3/9/2023 21:00,3/9/2023 16:00,SOUTH,1753.908
3/9/2023 22:00,3/9/2023 17:00,SOUTH,401.266
3/9/2023 23:00,3/9/2023 18:00,SOUTH,-1.798
3/10/2023 0:00,3/9/2023 19:00,SOUTH,-4.997
3/10/2023 1:00,3/9/2023 20:00,SOUTH,-4.69
3/10/2023 2:00,3/9/2023 21:00,SOUTH,-4.902
3/10/2023 3:00,3/9/2023 22:00,SOUTH,-4.612
3/10/2023 4:00,3/9/2023 23:00,SOUTH,-5.003
3/10/2023 5:00,3/10/2023 0:00,SOUTH,-4.534
3/10/2023 6:00,3/10/2023 1:00,SOUTH,-4.833
3/10/2023 7:00,3/10/2023 2:00,SOUTH,-4.653
3/10/2023 8:00,3/10/2023 3:00,SOUTH,-4.707
3/10/2023 9:00,3/10/2023 4:00,SOUTH,-4.915
3/10/2023 10:00,3/10/2023 5:00,SOUTH,-4.792
3/10/2023 11:00,3/10/2023 6:00,SOUTH,-0.058
3/10/2023 12:00,3/10/2023 7:00,SOUTH,107.352
3/10/2023 13:00,3/10/2023 8:00,SOUTH,252.181
3/10/2023 14:00,3/10/2023 9:00,SOUTH,319.891
3/10/2023 15:00,3/10/2023 10:00,SOUTH,439.269
3/10/2023 16:00,3/10/2023 11:00,SOUTH,486.412
3/10/2023 17:00,3/10/2023 12:00,SOUTH,501.261
3/10/2023 18:00,3/10/2023 13:00,SOUTH,402.331
3/10/2023 19:00,3/10/2023 14:00,SOUTH,282.11
3/10/2023 20:00,3/10/2023 15:00,SOUTH,186.502
3/10/2023 21:00,3/10/2023 16:00,SOUTH,162.191
3/10/2023 22:00,3/10/2023 17:00,SOUTH,49.608
3/10/2023 23:00,3/10/2023 18:00,SOUTH,-3.962
3/11/2023 0:00,3/10/2023 19:00,SOUTH,-5.002
3/11/2023 1:00,3/10/2023 20:00,SOUTH,-4.941
3/11/2023 2:00,3/10/2023 21:00,SOUTH,-4.633
3/11/2023 3:00,3/10/2023 22:00,SOUTH,-5.074
3/11/2023 4:00,3/10/2023 23:00,SOUTH,-4.957
3/11/2023 5:00,3/11/2023 0:00,SOUTH,-4.733
3/11/2023 6:00,3/11/2023 1:00,SOUTH,-4.673
3/11/2023 7:00,3/11/2023 2:00,SOUTH,-4.882
3/11/2023 8:00,3/11/2023 3:00,SOUTH,-4.765
3/11/2023 9:00,3/11/2023 4:00,SOUTH,-4.851
3/11/2023 10:00,3/11/2023 5:00,SOUTH,-4.806
3/11/2023 11:00,3/11/2023 6:00,SOUTH,45.435
3/11/2023 12:00,3/11/2023 7:00,SOUTH,792.043
3/11/2023 13:00,3/11/2023 8:00,SOUTH,2176.572
3/11/2023 14:00,3/11/2023 9:00,SOUTH,2292.432
3/11/2023 15:00,3/11/2023 10:00,SOUTH,2437.252
3/11/2023 16:00,3/11/2023 11:00,SOUTH,2573.713
3/11/2023 17:00,3/11/2023 12:00,SOUTH,2564.883
3/11/2023 18:00,3/11/2023 13:00,SOUTH,2467.183
3/11/2023 19:00,3/11/2023 14:00,SOUTH,2488.229
3/11/2023 20:00,3/11/2023 15:00,SOUTH,2168.148
3/11/2023 21:00,3/11/2023 16:00,SOUTH,1671.382
3/11/2023 22:00,3/11/2023 17:00,SOUTH,416.417
3/11/2023 23:00,3/11/2023 18:00,SOUTH,-2.682
3/12/2023 0:00,3/11/2023 19:00,SOUTH,-4.926
3/12/2023 1:00,3/11/2023 20:00,SOUTH,-4.696
3/12/2023 2:00,3/11/2023 21:00,SOUTH,-4.71
3/12/2023 3:00,3/11/2023 22:00,SOUTH,-4.988
3/12/2023 4:00,3/11/2023 23:00,SOUTH,-4.493
3/12/2023 5:00,3/12/2023 0:00,SOUTH,-4.937
3/12/2023 6:00,3/12/2023 1:00,SOUTH,-4.557
3/12/2023 7:00,3/12/2023 3:00,SOUTH,-4.845
3/12/2023 8:00,3/12/2023 4:00,SOUTH,-4.671
3/12/2023 9:00,3/12/2023 5:00,SOUTH,-5.031
3/12/2023 10:00,3/12/2023 6:00,SOUTH,-4.674
3/12/2023 11:00,3/12/2023 7:00,SOUTH,16.109
3/12/2023 12:00,3/12/2023 8:00,SOUTH,211.26
3/12/2023 13:00,3/12/2023 9:00,SOUTH,449.701
3/12/2023 14:00,3/12/2023 10:00,SOUTH,532.864
3/12/2023 15:00,3/12/2023 11:00,SOUTH,681.05
3/12/2023 16:00,3/12/2023 12:00,SOUTH,727.746
3/12/2023 17:00,3/12/2023 13:00,SOUTH,638.859
3/12/2023 18:00,3/12/2023 14:00,SOUTH,613.207
3/12/2023 19:00,3/12/2023 15:00,SOUTH,422.799
3/12/2023 20:00,3/12/2023 16:00,SOUTH,260.753
3/12/2023 21:00,3/12/2023 17:00,SOUTH,148.743
3/12/2023 22:00,3/12/2023 18:00,SOUTH,42.165
3/12/2023 23:00,3/12/2023 19:00,SOUTH,-2.868
3/13/2023 0:00,3/12/2023 20:00,SOUTH,-4.745
3/13/2023 1:00,3/12/2023 21:00,SOUTH,-4.933
3/13/2023 2:00,3/12/2023 22:00,SOUTH,-4.977
3/13/2023 3:00,3/12/2023 23:00,SOUTH,-4.767
3/13/2023 4:00,3/13/2023 0:00,SOUTH,-4.987
3/13/2023 5:00,3/13/2023 1:00,SOUTH,-4.963
3/13/2023 6:00,3/13/2023 2:00,SOUTH,-4.88
3/13/2023 7:00,3/13/2023 3:00,SOUTH,-4.874
3/13/2023 8:00,3/13/2023 4:00,SOUTH,-4.943
3/13/2023 9:00,3/13/2023 5:00,SOUTH,-4.661
3/13/2023 10:00,3/13/2023 6:00,SOUTH,-5.026
3/13/2023 11:00,3/13/2023 7:00,SOUTH,5.813
3/13/2023 12:00,3/13/2023 8:00,SOUTH,148.883
3/13/2023 13:00,3/13/2023 9:00,SOUTH,456.986
3/13/2023 14:00,3/13/2023 10:00,SOUTH,660.139
3/13/2023 15:00,3/13/2023 11:00,SOUTH,1017.057
3/13/2023 16:00,3/13/2023 12:00,SOUTH,1394.691
3/13/2023 17:00,3/13/2023 13:00,SOUTH,1378.533
3/13/2023 18:00,3/13/2023 14:00,SOUTH,1108.013
3/13/2023 19:00,3/13/2023 15:00,SOUTH,944.097
3/13/2023 20:00,3/13/2023 16:00,SOUTH,855.549
3/13/2023 21:00,3/13/2023 17:00,SOUTH,726.571
3/13/2023 22:00,3/13/2023 18:00,SOUTH,229.613
3/13/2023 23:00,3/13/2023 19:00,SOUTH,-2.267
3/14/2023 0:00,3/13/2023 20:00,SOUTH,-4.637
3/14/2023 1:00,3/13/2023 21:00,SOUTH,-4.751
3/14/2023 2:00,3/13/2023 22:00,SOUTH,-4.956
3/14/2023 3:00,3/13/2023 23:00,SOUTH,-4.636
3/14/2023 4:00,3/14/2023 0:00,SOUTH,-4.866
3/14/2023 5:00,3/14/2023 1:00,SOUTH,-4.872
3/14/2023 6:00,3/14/2023 2:00,SOUTH,-4.669
3/14/2023 7:00,3/14/2023 3:00,SOUTH,-4.639
3/14/2023 8:00,3/14/2023 4:00,SOUTH,-4.811
3/14/2023 9:00,3/14/2023 5:00,SOUTH,-4.824
3/14/2023 10:00,3/14/2023 6:00,SOUTH,-4.621
3/14/2023 11:00,3/14/2023 7:00,SOUTH,87.179
3/14/2023 12:00,3/14/2023 8:00,SOUTH,1330.598
3/14/2023 13:00,3/14/2023 9:00,SOUTH,2646.117
3/14/2023 14:00,3/14/2023 10:00,SOUTH,2720.092
3/14/2023 15:00,3/14/2023 11:00,SOUTH,2754.714
3/14/2023 16:00,3/14/2023 12:00,SOUTH,2712.539
3/14/2023 17:00,3/14/2023 13:00,SOUTH,2765.203
3/14/2023 18:00,3/14/2023 14:00,SOUTH,2743.24
3/14/2023 19:00,3/14/2023 15:00,SOUTH,2720.274
3/14/2023 20:00,3/14/2023 16:00,SOUTH,2653.101
3/14/2023 21:00,3/14/2023 17:00,SOUTH,2030.823
3/14/2023 22:00,3/14/2023 18:00,SOUTH,593.727
3/14/2023 23:00,3/14/2023 19:00,SOUTH,2.134
3/15/2023 0:00,3/14/2023 20:00,SOUTH,-4.695
3/15/2023 1:00,3/14/2023 21:00,SOUTH,-4.658
3/15/2023 2:00,3/14/2023 22:00,SOUTH,-3.538
3/15/2023 3:00,3/14/2023 23:00,SOUTH,-3.487
3/15/2023 4:00,3/15/2023 0:00,SOUTH,-3.567
3/15/2023 5:00,3/15/2023 1:00,SOUTH,-4.574
3/15/2023 6:00,3/15/2023 2:00,SOUTH,-4.81
3/15/2023 7:00,3/15/2023 3:00,SOUTH,-4.6
3/15/2023 8:00,3/15/2023 4:00,SOUTH,-3.536
3/15/2023 9:00,3/15/2023 5:00,SOUTH,-5.034
3/15/2023 10:00,3/15/2023 6:00,SOUTH,-4.706
3/15/2023 11:00,3/15/2023 7:00,SOUTH,91.155
3/15/2023 12:00,3/15/2023 8:00,SOUTH,1357.755
3/15/2023 13:00,3/15/2023 9:00,SOUTH,2738.229
3/15/2023 14:00,3/15/2023 10:00,SOUTH,2992.625
3/15/2023 15:00,3/15/2023 11:00,SOUTH,3010.539
3/15/2023 16:00,3/15/2023 12:00,SOUTH,3007.111
3/15/2023 17:00,3/15/2023 13:00,SOUTH,3009.26
3/15/2023 18:00,3/15/2023 14:00,SOUTH,3039.606
3/15/2023 19:00,3/15/2023 15:00,SOUTH,3053.528
3/15/2023 20:00,3/15/2023 16:00,SOUTH,3020.39
3/15/2023 21:00,3/15/2023 17:00,SOUTH,2404.47
3/15/2023 22:00,3/15/2023 18:00,SOUTH,705.247
3/15/2023 23:00,3/15/2023 19:00,SOUTH,3.885
3/16/2023 0:00,3/15/2023 20:00,SOUTH,-3.742
3/16/2023 1:00,3/15/2023 21:00,SOUTH,-5.027
3/16/2023 2:00,3/15/2023 22:00,SOUTH,-4.585
3/16/2023 3:00,3/15/2023 23:00,SOUTH,-4.905
3/16/2023 4:00,3/16/2023 0:00,SOUTH,-3.908
3/16/2023 5:00,3/16/2023 1:00,SOUTH,-4.646
3/16/2023 6:00,3/16/2023 2:00,SOUTH,-4.725
3/16/2023 7:00,3/16/2023 3:00,SOUTH,-4.654
3/16/2023 8:00,3/16/2023 4:00,SOUTH,-4.713
3/16/2023 9:00,3/16/2023 5:00,SOUTH,-4.791
3/16/2023 10:00,3/16/2023 6:00,SOUTH,-1.746
3/16/2023 11:00,3/16/2023 7:00,SOUTH,154.15
3/16/2023 12:00,3/16/2023 8:00,SOUTH,1313.633
3/16/2023 13:00,3/16/2023 9:00,SOUTH,2678.839
3/16/2023 14:00,3/16/2023 10:00,SOUTH,2910.661
3/16/2023 15:00,3/16/2023 11:00,SOUTH,2922.679
3/16/2023 16:00,3/16/2023 12:00,SOUTH,2914.138
3/16/2023 17:00,3/16/2023 13:00,SOUTH,2917.992
3/16/2023 18:00,3/16/2023 14:00,SOUTH,2929.262
3/16/2023 19:00,3/16/2023 15:00,SOUTH,2893.5
3/16/2023 20:00,3/16/2023 16:00,SOUTH,2618.587
3/16/2023 21:00,3/16/2023 17:00,SOUTH,1815.687
3/16/2023 22:00,3/16/2023 18:00,SOUTH,449.573
3/16/2023 23:00,3/16/2023 19:00,SOUTH,0.887
3/17/2023 0:00,3/16/2023 20:00,SOUTH,-4.898
3/17/2023 1:00,3/16/2023 21:00,SOUTH,-4.896
3/17/2023 2:00,3/16/2023 22:00,SOUTH,-4.883
3/17/2023 3:00,3/16/2023 23:00,SOUTH,-4.704
3/17/2023 4:00,3/17/2023 0:00,SOUTH,-4.758
3/17/2023 5:00,3/17/2023 1:00,SOUTH,-4.875
3/17/2023 6:00,3/17/2023 2:00,SOUTH,-4.599
3/17/2023 7:00,3/17/2023 3:00,SOUTH,-4.384
3/17/2023 8:00,3/17/2023 4:00,SOUTH,-4.849
3/17/2023 9:00,3/17/2023 5:00,SOUTH,-4.66
3/17/2023 10:00,3/17/2023 6:00,SOUTH,-4.571
3/17/2023 11:00,3/17/2023 7:00,SOUTH,99.334
3/17/2023 12:00,3/17/2023 8:00,SOUTH,763.55
3/17/2023 13:00,3/17/2023 9:00,SOUTH,1089.515
3/17/2023 14:00,3/17/2023 10:00,SOUTH,907.013
3/17/2023 15:00,3/17/2023 11:00,SOUTH,1114.859
3/17/2023 16:00,3/17/2023 12:00,SOUTH,1456.302
3/17/2023 17:00,3/17/2023 13:00,SOUTH,1604.834
3/17/2023 18:00,3/17/2023 14:00,SOUTH,1201.621
3/17/2023 19:00,3/17/2023 15:00,SOUTH,809.158
3/17/2023 20:00,3/17/2023 16:00,SOUTH,509.213
3/17/2023 21:00,3/17/2023 17:00,SOUTH,459.612
3/17/2023 22:00,3/17/2023 18:00,SOUTH,93.007
3/17/2023 23:00,3/17/2023 19:00,SOUTH,-3.98
3/18/2023 0:00,3/17/2023 20:00,SOUTH,-4.741
3/18/2023 1:00,3/17/2023 21:00,SOUTH,-4.812
3/18/2023 2:00,3/17/2023 22:00,SOUTH,-4.816
3/18/2023 3:00,3/17/2023 23:00,SOUTH,-5.038
3/18/2023 4:00,3/18/2023 0:00,SOUTH,-4.521
3/18/2023 5:00,3/18/2023 1:00,SOUTH,-4.916
3/18/2023 6:00,3/18/2023 2:00,SOUTH,-4.864
3/18/2023 7:00,3/18/2023 3:00,SOUTH,-4.953
3/18/2023 8:00,3/18/2023 4:00,SOUTH,-4.676
3/18/2023 9:00,3/18/2023 5:00,SOUTH,-4.565
3/18/2023 10:00,3/18/2023 6:00,SOUTH,-4.963
3/18/2023 11:00,3/18/2023 7:00,SOUTH,17.936
3/18/2023 12:00,3/18/2023 8:00,SOUTH,269.566
3/18/2023 13:00,3/18/2023 9:00,SOUTH,716.294
3/18/2023 14:00,3/18/2023 10:00,SOUTH,1293.225
3/18/2023 15:00,3/18/2023 11:00,SOUTH,1806.951
3/18/2023 16:00,3/18/2023 12:00,SOUTH,2322.875
3/18/2023 17:00,3/18/2023 13:00,SOUTH,2457.321
3/18/2023 18:00,3/18/2023 14:00,SOUTH,2589.021
3/18/2023 19:00,3/18/2023 15:00,SOUTH,2524.545
3/18/2023 20:00,3/18/2023 16:00,SOUTH,2588.911
3/18/2023 21:00,3/18/2023 17:00,SOUTH,2161.853
3/18/2023 22:00,3/18/2023 18:00,SOUTH,700.026
3/18/2023 23:00,3/18/2023 19:00,SOUTH,7.545
3/19/2023 0:00,3/18/2023 20:00,SOUTH,-4.697
3/19/2023 1:00,3/18/2023 21:00,SOUTH,-5.009
3/19/2023 2:00,3/18/2023 22:00,SOUTH,-4.523
3/19/2023 3:00,3/18/2023 23:00,SOUTH,-4.977
3/19/2023 4:00,3/19/2023 0:00,SOUTH,-4.708
3/19/2023 5:00,3/19/2023 1:00,SOUTH,-4.921
3/19/2023 6:00,3/19/2023 2:00,SOUTH,-4.906
3/19/2023 7:00,3/19/2023 3:00,SOUTH,-4.619
3/19/2023 8:00,3/19/2023 4:00,SOUTH,-4.969
3/19/2023 9:00,3/19/2023 5:00,SOUTH,-4.7
3/19/2023 10:00,3/19/2023 6:00,SOUTH,-4.859
3/19/2023 11:00,3/19/2023 7:00,SOUTH,105.606
3/19/2023 12:00,3/19/2023 8:00,SOUTH,1398.578
3/19/2023 13:00,3/19/2023 9:00,SOUTH,2787.936
3/19/2023 14:00,3/19/2023 10:00,SOUTH,2983.175
3/19/2023 15:00,3/19/2023 11:00,SOUTH,3002.509
3/19/2023 16:00,3/19/2023 12:00,SOUTH,2983.62
3/19/2023 17:00,3/19/2023 13:00,SOUTH,2987.574
3/19/2023 18:00,3/19/2023 14:00,SOUTH,2987.969
3/19/2023 19:00,3/19/2023 15:00,SOUTH,3018.059
3/19/2023 20:00,3/19/2023 16:00,SOUTH,2998.146
3/19/2023 21:00,3/19/2023 17:00,SOUTH,2437.97
3/19/2023 22:00,3/19/2023 18:00,SOUTH,776.832
3/19/2023 23:00,3/19/2023 19:00,SOUTH,9.691
3/20/2023 0:00,3/19/2023 20:00,SOUTH,-4.987
3/20/2023 1:00,3/19/2023 21:00,SOUTH,-4.933
3/20/2023 2:00,3/19/2023 22:00,SOUTH,-5.025
3/20/2023 3:00,3/19/2023 23:00,SOUTH,-4.804
3/20/2023 4:00,3/20/2023 0:00,SOUTH,-4.797
3/20/2023 5:00,3/20/2023 1:00,SOUTH,-4.738
3/20/2023 6:00,3/20/2023 2:00,SOUTH,-4.942
3/20/2023 7:00,3/20/2023 3:00,SOUTH,-4.778
3/20/2023 8:00,3/20/2023 4:00,SOUTH,-4.961
3/20/2023 9:00,3/20/2023 5:00,SOUTH,-4.741
3/20/2023 10:00,3/20/2023 6:00,SOUTH,-5.136
3/20/2023 11:00,3/20/2023 7:00,SOUTH,173.51
3/20/2023 12:00,3/20/2023 8:00,SOUTH,1589.471
3/20/2023 13:00,3/20/2023 9:00,SOUTH,2824.671
3/20/2023 14:00,3/20/2023 10:00,SOUTH,2980.467
3/20/2023 15:00,3/20/2023 11:00,SOUTH,2971.74
3/20/2023 16:00,3/20/2023 12:00,SOUTH,2956.331
3/20/2023 17:00,3/20/2023 13:00,SOUTH,2908.344
3/20/2023 18:00,3/20/2023 14:00,SOUTH,2881.494
3/20/2023 19:00,3/20/2023 15:00,SOUTH,2829.77
3/20/2023 20:00,3/20/2023 16:00,SOUTH,2749.01
3/20/2023 21:00,3/20/2023 17:00,SOUTH,2322.501
3/20/2023 22:00,3/20/2023 18:00,SOUTH,755.624
3/20/2023 23:00,3/20/2023 19:00,SOUTH,10.829
3/21/2023 0:00,3/20/2023 20:00,SOUTH,-4.986
3/21/2023 1:00,3/20/2023 21:00,SOUTH,-4.818
3/21/2023 2:00,3/20/2023 22:00,SOUTH,-4.648
3/21/2023 3:00,3/20/2023 23:00,SOUTH,-4.924
3/21/2023 4:00,3/21/2023 0:00,SOUTH,-4.641
3/21/2023 5:00,3/21/2023 1:00,SOUTH,-4.804
3/21/2023 6:00,3/21/2023 2:00,SOUTH,-4.842
3/21/2023 7:00,3/21/2023 3:00,SOUTH,-4.632
3/21/2023 8:00,3/21/2023 4:00,SOUTH,-4.904
3/21/2023 9:00,3/21/2023 5:00,SOUTH,-4.799
3/21/2023 10:00,3/21/2023 6:00,SOUTH,-4.911
3/21/2023 11:00,3/21/2023 7:00,SOUTH,182.052
3/21/2023 12:00,3/21/2023 8:00,SOUTH,1599.058
3/21/2023 13:00,3/21/2023 9:00,SOUTH,2721.793
3/21/2023 14:00,3/21/2023 10:00,SOUTH,2893.268
3/21/2023 15:00,3/21/2023 11:00,SOUTH,2926.055
3/21/2023 16:00,3/21/2023 12:00,SOUTH,2945.636
3/21/2023 17:00,3/21/2023 13:00,SOUTH,2941.631
3/21/2023 18:00,3/21/2023 14:00,SOUTH,2989.525
3/21/2023 19:00,3/21/2023 15:00,SOUTH,2939.399
3/21/2023 20:00,3/21/2023 16:00,SOUTH,2720.281
3/21/2023 21:00,3/21/2023 17:00,SOUTH,1961.459
3/21/2023 22:00,3/21/2023 18:00,SOUTH,583.934
3/21/2023 23:00,3/21/2023 19:00,SOUTH,13.771
3/22/2023 0:00,3/21/2023 20:00,SOUTH,-4.939
3/22/2023 1:00,3/21/2023 21:00,SOUTH,-4.843
3/22/2023 2:00,3/21/2023 22:00,SOUTH,-4.925
3/22/2023 3:00,3/21/2023 23:00,SOUTH,-4.875
3/22/2023 4:00,3/22/2023 0:00,SOUTH,-4.833
3/22/2023 5:00,3/22/2023 1:00,SOUTH,-4.974
3/22/2023 6:00,3/22/2023 2:00,SOUTH,-4.642
3/22/2023 7:00,3/22/2023 3:00,SOUTH,-4.98
3/22/2023 8:00,3/22/2023 4:00,SOUTH,-5.002
3/22/2023 9:00,3/22/2023 5:00,SOUTH,-4.716
3/22/2023 10:00,3/22/2023 6:00,SOUTH,-4.927
3/22/2023 11:00,3/22/2023 7:00,SOUTH,43.282
3/22/2023 12:00,3/22/2023 8:00,SOUTH,339.696
3/22/2023 13:00,3/22/2023 9:00,SOUTH,931.321
3/22/2023 14:00,3/22/2023 10:00,SOUTH,1602.997
3/22/2023 15:00,3/22/2023 11:00,SOUTH,1749.009
3/22/2023 16:00,3/22/2023 12:00,SOUTH,1666.203
3/22/2023 17:00,3/22/2023 13:00,SOUTH,1398.581
3/22/2023 18:00,3/22/2023 14:00,SOUTH,1066.432
3/22/2023 19:00,3/22/2023 15:00,SOUTH,1130.224
3/22/2023 20:00,3/22/2023 16:00,SOUTH,1207.545
3/22/2023 21:00,3/22/2023 17:00,SOUTH,988.226
3/22/2023 22:00,3/22/2023 18:00,SOUTH,420.934
3/22/2023 23:00,3/22/2023 19:00,SOUTH,10.804
3/23/2023 0:00,3/22/2023 20:00,SOUTH,-4.999
3/23/2023 1:00,3/22/2023 21:00,SOUTH,-4.749
3/23/2023 2:00,3/22/2023 22:00,SOUTH,-4.935
3/23/2023 3:00,3/22/2023 23:00,SOUTH,-5.032
3/23/2023 4:00,3/23/2023 0:00,SOUTH,-4.853
3/23/2023 5:00,3/23/2023 1:00,SOUTH,-4.871
3/23/2023 6:00,3/23/2023 2:00,SOUTH,-5.17
3/23/2023 7:00,3/23/2023 3:00,SOUTH,-5.065
3/23/2023 8:00,3/23/2023 4:00,SOUTH,-5.029
3/23/2023 9:00,3/23/2023 5:00,SOUTH,-4.765
3/23/2023 10:00,3/23/2023 6:00,SOUTH,-4.912
3/23/2023 11:00,3/23/2023 7:00,SOUTH,70.2
3/23/2023 12:00,3/23/2023 8:00,SOUTH,438.517
3/23/2023 13:00,3/23/2023 9:00,SOUTH,946.046
3/23/2023 14:00,3/23/2023 10:00,SOUTH,1546.593
3/23/2023 15:00,3/23/2023 11:00,SOUTH,2389.797
3/23/2023 16:00,3/23/2023 12:00,SOUTH,2546.086
3/23/2023 17:00,3/23/2023 13:00,SOUTH,2670.276
3/23/2023 18:00,3/23/2023 14:00,SOUTH,2736.902
3/23/2023 19:00,3/23/2023 15:00,SOUTH,2593.837
3/23/2023 20:00,3/23/2023 16:00,SOUTH,2286.794
3/23/2023 21:00,3/23/2023 17:00,SOUTH,1754.622
3/23/2023 22:00,3/23/2023 18:00,SOUTH,446.507
3/23/2023 23:00,3/23/2023 19:00,SOUTH,12.418
3/24/2023 0:00,3/23/2023 20:00,SOUTH,-4.697
3/24/2023 1:00,3/23/2023 21:00,SOUTH,-4.91
3/24/2023 2:00,3/23/2023 22:00,SOUTH,-4.917
3/24/2023 3:00,3/23/2023 23:00,SOUTH,-4.797
3/24/2023 4:00,3/24/2023 0:00,SOUTH,-4.957
3/24/2023 5:00,3/24/2023 1:00,SOUTH,-5.06
3/24/2023 6:00,3/24/2023 2:00,SOUTH,-4.967
3/24/2023 7:00,3/24/2023 3:00,SOUTH,-5.03
3/24/2023 8:00,3/24/2023 4:00,SOUTH,-5.107
3/24/2023 9:00,3/24/2023 5:00,SOUTH,-4.989
3/24/2023 10:00,3/24/2023 6:00,SOUTH,-3.312
3/24/2023 11:00,3/24/2023 7:00,SOUTH,154.516
3/24/2023 12:00,3/24/2023 8:00,SOUTH,907.851
3/24/2023 13:00,3/24/2023 9:00,SOUTH,1507.711
3/24/2023 14:00,3/24/2023 10:00,SOUTH,1888.016
3/24/2023 15:00,3/24/2023 11:00,SOUTH,1984.438
3/24/2023 16:00,3/24/2023 12:00,SOUTH,2254.816
3/24/2023 17:00,3/24/2023 13:00,SOUTH,2275.501
3/24/2023 18:00,3/24/2023 14:00,SOUTH,2110.539
3/24/2023 19:00,3/24/2023 15:00,SOUTH,2115.419
3/24/2023 20:00,3/24/2023 16:00,SOUTH,1968.632
3/24/2023 21:00,3/24/2023 17:00,SOUTH,1384.789
3/24/2023 22:00,3/24/2023 18:00,SOUTH,406.914
3/24/2023 23:00,3/24/2023 19:00,SOUTH,3.153
3/25/2023 0:00,3/24/2023 20:00,SOUTH,-3.215
3/25/2023 1:00,3/24/2023 21:00,SOUTH,-2.978
3/25/2023 2:00,3/24/2023 22:00,SOUTH,-2.966
3/25/2023 3:00,3/24/2023 23:00,SOUTH,-3.051
3/25/2023 4:00,3/25/2023 0:00,SOUTH,-2.956
3/25/2023 5:00,3/25/2023 1:00,SOUTH,-3.048
3/25/2023 6:00,3/25/2023 2:00,SOUTH,-3.24
3/25/2023 7:00,3/25/2023 3:00,SOUTH,-2.955
3/25/2023 8:00,3/25/2023 4:00,SOUTH,-3.051
3/25/2023 9:00,3/25/2023 5:00,SOUTH,-2.959
3/25/2023 10:00,3/25/2023 6:00,SOUTH,-3.061
3/25/2023 11:00,3/25/2023 7:00,SOUTH,52.159
3/25/2023 12:00,3/25/2023 8:00,SOUTH,522.174
3/25/2023 13:00,3/25/2023 9:00,SOUTH,970.425
3/25/2023 14:00,3/25/2023 10:00,SOUTH,982.057
3/25/2023 15:00,3/25/2023 11:00,SOUTH,915.508
3/25/2023 16:00,3/25/2023 12:00,SOUTH,1025.947
3/25/2023 17:00,3/25/2023 13:00,SOUTH,988.622
3/25/2023 18:00,3/25/2023 14:00,SOUTH,944.181
3/25/2023 19:00,3/25/2023 15:00,SOUTH,1127.006
3/25/2023 20:00,3/25/2023 16:00,SOUTH,1349.966
3/25/2023 21:00,3/25/2023 17:00,SOUTH,1720.245
3/25/2023 22:00,3/25/2023 18:00,SOUTH,771.59
3/25/2023 23:00,3/25/2023 19:00,SOUTH,21.12
3/26/2023 0:00,3/25/2023 20:00,SOUTH,-2.854
3/26/2023 1:00,3/25/2023 21:00,SOUTH,-3.003
3/26/2023 2:00,3/25/2023 22:00,SOUTH,-2.99
3/26/2023 3:00,3/25/2023 23:00,SOUTH,-3.094
3/26/2023 4:00,3/26/2023 0:00,SOUTH,-2.998
3/26/2023 5:00,3/26/2023 1:00,SOUTH,-3.087
3/26/2023 6:00,3/26/2023 2:00,SOUTH,-2.994
3/26/2023 7:00,3/26/2023 3:00,SOUTH,-3.09
3/26/2023 8:00,3/26/2023 4:00,SOUTH,-2.785
3/26/2023 9:00,3/26/2023 5:00,SOUTH,-2.775
3/26/2023 10:00,3/26/2023 6:00,SOUTH,-2.883
3/26/2023 11:00,3/26/2023 7:00,SOUTH,203.497
3/26/2023 12:00,3/26/2023 8:00,SOUTH,1426.373
3/26/2023 13:00,3/26/2023 9:00,SOUTH,2478.779
3/26/2023 14:00,3/26/2023 10:00,SOUTH,2320.176
3/26/2023 15:00,3/26/2023 11:00,SOUTH,1814.032
3/26/2023 16:00,3/26/2023 12:00,SOUTH,1490.305
3/26/2023 17:00,3/26/2023 13:00,SOUTH,1199.878
3/26/2023 18:00,3/26/2023 14:00,SOUTH,1357.308
3/26/2023 19:00,3/26/2023 15:00,SOUTH,1796.477
3/26/2023 20:00,3/26/2023 16:00,SOUTH,1956.207
3/26/2023 21:00,3/26/2023 17:00,SOUTH,1843.303
3/26/2023 22:00,3/26/2023 18:00,SOUTH,759.625
3/26/2023 23:00,3/26/2023 19:00,SOUTH,26.597
3/27/2023 0:00,3/26/2023 20:00,SOUTH,-2.962
3/27/2023 1:00,3/26/2023 21:00,SOUTH,-3.192
3/27/2023 2:00,3/26/2023 22:00,SOUTH,-3.074
3/27/2023 3:00,3/26/2023 23:00,SOUTH,-3.177
3/27/2023 4:00,3/27/2023 0:00,SOUTH,-4.906
3/27/2023 5:00,3/27/2023 1:00,SOUTH,-5.139
3/27/2023 6:00,3/27/2023 2:00,SOUTH,-5.084
3/27/2023 7:00,3/27/2023 3:00,SOUTH,-4.985
3/27/2023 8:00,3/27/2023 4:00,SOUTH,-5.01
3/27/2023 9:00,3/27/2023 5:00,SOUTH,-4.532
3/27/2023 10:00,3/27/2023 6:00,SOUTH,-4.78
3/27/2023 11:00,3/27/2023 7:00,SOUTH,29.959
3/27/2023 12:00,3/27/2023 8:00,SOUTH,203.504
3/27/2023 13:00,3/27/2023 9:00,SOUTH,395.139
3/27/2023 14:00,3/27/2023 10:00,SOUTH,589.913
3/27/2023 15:00,3/27/2023 11:00,SOUTH,696.671
3/27/2023 16:00,3/27/2023 12:00,SOUTH,855.423
3/27/2023 17:00,3/27/2023 13:00,SOUTH,1151.948
3/27/2023 18:00,3/27/2023 14:00,SOUTH,1543.91
3/27/2023 19:00,3/27/2023 15:00,SOUTH,1892.693
3/27/2023 20:00,3/27/2023 16:00,SOUTH,2201.02
3/27/2023 21:00,3/27/2023 17:00,SOUTH,1820.351
3/27/2023 22:00,3/27/2023 18:00,SOUTH,541.187
3/27/2023 23:00,3/27/2023 19:00,SOUTH,23.327
3/28/2023 0:00,3/27/2023 20:00,SOUTH,-4.86
3/28/2023 1:00,3/27/2023 21:00,SOUTH,-5.078
3/28/2023 2:00,3/27/2023 22:00,SOUTH,-4.766
3/28/2023 3:00,3/27/2023 23:00,SOUTH,-5.047
3/28/2023 4:00,3/28/2023 0:00,SOUTH,-4.748
3/28/2023 5:00,3/28/2023 1:00,SOUTH,-4.888
3/28/2023 6:00,3/28/2023 2:00,SOUTH,-4.598
3/28/2023 7:00,3/28/2023 3:00,SOUTH,-4.908
3/28/2023 8:00,3/28/2023 4:00,SOUTH,-4.746
3/28/2023 9:00,3/28/2023 5:00,SOUTH,-4.87
3/28/2023 10:00,3/28/2023 6:00,SOUTH,-4.472
3/28/2023 11:00,3/28/2023 7:00,SOUTH,156.476
3/28/2023 12:00,3/28/2023 8:00,SOUTH,883.844
3/28/2023 13:00,3/28/2023 9:00,SOUTH,1485.915
3/28/2023 14:00,3/28/2023 10:00,SOUTH,1538.664
3/28/2023 15:00,3/28/2023 11:00,SOUTH,1933.126
3/28/2023 16:00,3/28/2023 12:00,SOUTH,2141.845
3/28/2023 17:00,3/28/2023 13:00,SOUTH,2033.286
3/28/2023 18:00,3/28/2023 14:00,SOUTH,1678.92
3/28/2023 19:00,3/28/2023 15:00,SOUTH,1276.205
3/28/2023 20:00,3/28/2023 16:00,SOUTH,985.113
3/28/2023 21:00,3/28/2023 17:00,SOUTH,516.702
3/28/2023 22:00,3/28/2023 18:00,SOUTH,152.432
3/28/2023 23:00,3/28/2023 19:00,SOUTH,2.173
3/29/2023 0:00,3/28/2023 20:00,SOUTH,-4.638
3/29/2023 1:00,3/28/2023 21:00,SOUTH,-4.676
3/29/2023 2:00,3/28/2023 22:00,SOUTH,-4.604
3/29/2023 3:00,3/28/2023 23:00,SOUTH,-4.902
3/29/2023 4:00,3/29/2023 0:00,SOUTH,-4.808
3/29/2023 5:00,3/29/2023 1:00,SOUTH,-4.573
3/29/2023 6:00,3/29/2023 2:00,SOUTH,-5.018
3/29/2023 7:00,3/29/2023 3:00,SOUTH,-4.635
3/29/2023 8:00,3/29/2023 4:00,SOUTH,-5.004
3/29/2023 9:00,3/29/2023 5:00,SOUTH,-4.781
3/29/2023 10:00,3/29/2023 6:00,SOUTH,-3.864
3/29/2023 11:00,3/29/2023 7:00,SOUTH,206.134
3/29/2023 12:00,3/29/2023 8:00,SOUTH,1404.304
3/29/2023 13:00,3/29/2023 9:00,SOUTH,2443.501
3/29/2023 14:00,3/29/2023 10:00,SOUTH,2444.914
3/29/2023 15:00,3/29/2023 11:00,SOUTH,2369.646
3/29/2023 16:00,3/29/2023 12:00,SOUTH,2323.321
3/29/2023 17:00,3/29/2023 13:00,SOUTH,2275.72
3/29/2023 18:00,3/29/2023 14:00,SOUTH,2106.728
3/29/2023 19:00,3/29/2023 15:00,SOUTH,2219.533
3/29/2023 20:00,3/29/2023 16:00,SOUTH,2294.383
3/29/2023 21:00,3/29/2023 17:00,SOUTH,2048.742
3/29/2023 22:00,3/29/2023 18:00,SOUTH,844.667
3/29/2023 23:00,3/29/2023 19:00,SOUTH,29.418
3/30/2023 0:00,3/29/2023 20:00,SOUTH,-4.941
3/30/2023 1:00,3/29/2023 21:00,SOUTH,-4.624
3/30/2023 2:00,3/29/2023 22:00,SOUTH,-4.744
3/30/2023 3:00,3/29/2023 23:00,SOUTH,-4.567
3/30/2023 4:00,3/30/2023 0:00,SOUTH,-4.755
3/30/2023 5:00,3/30/2023 1:00,SOUTH,-4.649
3/30/2023 6:00,3/30/2023 2:00,SOUTH,-4.885
3/30/2023 7:00,3/30/2023 3:00,SOUTH,-4.568
3/30/2023 8:00,3/30/2023 4:00,SOUTH,-4.739
3/30/2023 9:00,3/30/2023 5:00,SOUTH,-4.753
3/30/2023 10:00,3/30/2023 6:00,SOUTH,-4.327
3/30/2023 11:00,3/30/2023 7:00,SOUTH,321.152
3/30/2023 12:00,3/30/2023 8:00,SOUTH,1805.835
3/30/2023 13:00,3/30/2023 9:00,SOUTH,2809.501
3/30/2023 14:00,3/30/2023 10:00,SOUTH,2950.277
3/30/2023 15:00,3/30/2023 11:00,SOUTH,2873.496
3/30/2023 16:00,3/30/2023 12:00,SOUTH,2794.547
3/30/2023 17:00,3/30/2023 13:00,SOUTH,2881.218
3/30/2023 18:00,3/30/2023 14:00,SOUTH,2918.452
3/30/2023 19:00,3/30/2023 15:00,SOUTH,2943.819
3/30/2023 20:00,3/30/2023 16:00,SOUTH,2843.801
3/30/2023 21:00,3/30/2023 17:00,SOUTH,2327.983
3/30/2023 22:00,3/30/2023 18:00,SOUTH,869.743
3/30/2023 23:00,3/30/2023 19:00,SOUTH,30.435
3/31/2023 0:00,3/30/2023 20:00,SOUTH,-4.992
3/31/2023 1:00,3/30/2023 21:00,SOUTH,-4.755
3/31/2023 2:00,3/30/2023 22:00,SOUTH,-4.741
3/31/2023 3:00,3/30/2023 23:00,SOUTH,-4.62
3/31/2023 4:00,3/31/2023 0:00,SOUTH,-4.843
3/31/2023 5:00,3/31/2023 1:00,SOUTH,-4.637
3/31/2023 6:00,3/31/2023 2:00,SOUTH,-4.72
3/31/2023 7:00,3/31/2023 3:00,SOUTH,-4.851
3/31/2023 8:00,3/31/2023 4:00,SOUTH,-4.576
3/31/2023 9:00,3/31/2023 5:00,SOUTH,-4.714
3/31/2023 10:00,3/31/2023 6:00,SOUTH,-3.765
3/31/2023 11:00,3/31/2023 7:00,SOUTH,170.886
3/31/2023 12:00,3/31/2023 8:00,SOUTH,783.178
3/31/2023 13:00,3/31/2023 9:00,SOUTH,1091.386
3/31/2023 14:00,3/31/2023 10:00,SOUTH,1356.736
3/31/2023 15:00,3/31/2023 11:00,SOUTH,2015.434
3/31/2023 16:00,3/31/2023 12:00,SOUTH,2223.136
3/31/2023 17:00,3/31/2023 13:00,SOUTH,1799.045
3/31/2023 18:00,3/31/2023 14:00,SOUTH,1465.666
3/31/2023 19:00,3/31/2023 15:00,SOUTH,886.905
3/31/2023 20:00,3/31/2023 16:00,SOUTH,450.668
3/31/2023 21:00,3/31/2023 17:00,SOUTH,182.907
3/31/2023 22:00,3/31/2023 18:00,SOUTH,49.222
3/31/2023 23:00,3/31/2023 19:00,SOUTH,-3.833
4/1/2023 0:00,3/31/2023 20:00,SOUTH,-4.749
4/1/2023 1:00,3/31/2023 21:00,SOUTH,-4.687
4/1/2023 2:00,3/31/2023 22:00,SOUTH,-4.757
4/1/2023 3:00,3/31/2023 23:00,SOUTH,-4.664
4/1/2023 4:00,4/1/2023 0:00,SOUTH,-4.8
4/1/2023 5:00,4/1/2023 1:00,SOUTH,-4.58
4/1/2023 6:00,4/1/2023 2:00,SOUTH,-4.626
4/1/2023 7:00,4/1/2023 3:00,SOUTH,-4.708
4/1/2023 8:00,4/1/2023 4:00,SOUTH,-4.68
4/1/2023 9:00,4/1/2023 5:00,SOUTH,-4.736
4/1/2023 10:00,4/1/2023 6:00,SOUTH,-4.531
4/1/2023 11:00,4/1/2023 7:00,SOUTH,70.014
4/1/2023 12:00,4/1/2023 8:00,SOUTH,245.647
4/1/2023 13:00,4/1/2023 9:00,SOUTH,430.295
4/1/2023 14:00,4/1/2023 10:00,SOUTH,674.772
4/1/2023 15:00,4/1/2023 11:00,SOUTH,814.628
4/1/2023 16:00,4/1/2023 12:00,SOUTH,1135.956
4/1/2023 17:00,4/1/2023 13:00,SOUTH,1234.812
4/1/2023 18:00,4/1/2023 14:00,SOUTH,1691.553
4/1/2023 19:00,4/1/2023 15:00,SOUTH,1943.564
4/1/2023 20:00,4/1/2023 16:00,SOUTH,2370.346
4/1/2023 21:00,4/1/2023 17:00,SOUTH,2157.58
4/1/2023 22:00,4/1/2023 18:00,SOUTH,612.031
4/1/2023 23:00,4/1/2023 19:00,SOUTH,22.391
4/2/2023 0:00,4/1/2023 20:00,SOUTH,-4.898
4/2/2023 1:00,4/1/2023 21:00,SOUTH,-4.641
4/2/2023 2:00,4/1/2023 22:00,SOUTH,-4.562
4/2/2023 3:00,4/1/2023 23:00,SOUTH,-4.682
4/2/2023 4:00,4/2/2023 0:00,SOUTH,-4.778
4/2/2023 5:00,4/2/2023 1:00,SOUTH,-4.625
4/2/2023 6:00,4/2/2023 2:00,SOUTH,-4.613
4/2/2023 7:00,4/2/2023 3:00,SOUTH,-4.632
4/2/2023 8:00,4/2/2023 4:00,SOUTH,-4.504
4/2/2023 9:00,4/2/2023 5:00,SOUTH,-4.676
4/2/2023 10:00,4/2/2023 6:00,SOUTH,-2.95
4/2/2023 11:00,4/2/2023 7:00,SOUTH,420.218
4/2/2023 12:00,4/2/2023 8:00,SOUTH,1986.711
4/2/2023 13:00,4/2/2023 9:00,SOUTH,2775.048
4/2/2023 14:00,4/2/2023 10:00,SOUTH,2864.477
4/2/2023 15:00,4/2/2023 11:00,SOUTH,2902.304
4/2/2023 16:00,4/2/2023 12:00,SOUTH,2912.751
4/2/2023 17:00,4/2/2023 13:00,SOUTH,2983.853
4/2/2023 18:00,4/2/2023 14:00,SOUTH,2955.865
4/2/2023 19:00,4/2/2023 15:00,SOUTH,2883.744
4/2/2023 20:00,4/2/2023 16:00,SOUTH,2805.328
4/2/2023 21:00,4/2/2023 17:00,SOUTH,2456.979
4/2/2023 22:00,4/2/2023 18:00,SOUTH,1008.182
4/2/2023 23:00,4/2/2023 19:00,SOUTH,42.833
4/3/2023 0:00,4/2/2023 20:00,SOUTH,-4.826
4/3/2023 1:00,4/2/2023 21:00,SOUTH,-4.784
4/3/2023 2:00,4/2/2023 22:00,SOUTH,-4.584
4/3/2023 3:00,4/2/2023 23:00,SOUTH,-4.773
4/3/2023 4:00,4/3/2023 0:00,SOUTH,-4.798
4/3/2023 5:00,4/3/2023 1:00,SOUTH,-4.651
4/3/2023 6:00,4/3/2023 2:00,SOUTH,-4.677
4/3/2023 7:00,4/3/2023 3:00,SOUTH,-4.724
4/3/2023 8:00,4/3/2023 4:00,SOUTH,-4.597
4/3/2023 9:00,4/3/2023 5:00,SOUTH,-4.695
4/3/2023 10:00,4/3/2023 6:00,SOUTH,-1.671
4/3/2023 11:00,4/3/2023 7:00,SOUTH,400.157
4/3/2023 12:00,4/3/2023 8:00,SOUTH,1817.449
4/3/2023 13:00,4/3/2023 9:00,SOUTH,2636.503
4/3/2023 14:00,4/3/2023 10:00,SOUTH,2774.785
4/3/2023 15:00,4/3/2023 11:00,SOUTH,2742.327
4/3/2023 16:00,4/3/2023 12:00,SOUTH,2617.757
4/3/2023 17:00,4/3/2023 13:00,SOUTH,2383.205
4/3/2023 18:00,4/3/2023 14:00,SOUTH,2219.548
4/3/2023 19:00,4/3/2023 15:00,SOUTH,2122.971
4/3/2023 20:00,4/3/2023 16:00,SOUTH,1959.75
4/3/2023 21:00,4/3/2023 17:00,SOUTH,997.8
4/3/2023 22:00,4/3/2023 18:00,SOUTH,265.744
4/3/2023 23:00,4/3/2023 19:00,SOUTH,12.498
4/4/2023 0:00,4/3/2023 20:00,SOUTH,-4.764
4/4/2023 1:00,4/3/2023 21:00,SOUTH,-4.783
4/4/2023 2:00,4/3/2023 22:00,SOUTH,-4.514
4/4/2023 3:00,4/3/2023 23:00,SOUTH,-4.925
4/4/2023 4:00,4/4/2023 0:00,SOUTH,-4.713
4/4/2023 5:00,4/4/2023 1:00,SOUTH,-4.596
4/4/2023 6:00,4/4/2023 2:00,SOUTH,-4.834
4/4/2023 7:00,4/4/2023 3:00,SOUTH,-4.562
4/4/2023 8:00,4/4/2023 4:00,SOUTH,-4.816
4/4/2023 9:00,4/4/2023 5:00,SOUTH,-4.632
4/4/2023 10:00,4/4/2023 6:00,SOUTH,-4.132
4/4/2023 11:00,4/4/2023 7:00,SOUTH,178.271
4/4/2023 12:00,4/4/2023 8:00,SOUTH,885.978
4/4/2023 13:00,4/4/2023 9:00,SOUTH,1782.448
4/4/2023 14:00,4/4/2023 10:00,SOUTH,2286.383
4/4/2023 15:00,4/4/2023 11:00,SOUTH,2575.325
4/4/2023 16:00,4/4/2023 12:00,SOUTH,2518.395
4/4/2023 17:00,4/4/2023 13:00,SOUTH,2503.326
4/4/2023 18:00,4/4/2023 14:00,SOUTH,2589.139
4/4/2023 19:00,4/4/2023 15:00,SOUTH,2675.083
4/4/2023 20:00,4/4/2023 16:00,SOUTH,2629.04
4/4/2023 21:00,4/4/2023 17:00,SOUTH,2253.28
4/4/2023 22:00,4/4/2023 18:00,SOUTH,870.469
4/4/2023 23:00,4/4/2023 19:00,SOUTH,29.09
4/5/2023 0:00,4/4/2023 20:00,SOUTH,-4.871
4/5/2023 1:00,4/4/2023 21:00,SOUTH,-5.023
4/5/2023 2:00,4/4/2023 22:00,SOUTH,-4.774
4/5/2023 3:00,4/4/2023 23:00,SOUTH,-4.63
4/5/2023 4:00,4/5/2023 0:00,SOUTH,-4.776
4/5/2023 5:00,4/5/2023 1:00,SOUTH,-4.746
4/5/2023 6:00,4/5/2023 2:00,SOUTH,-4.973
4/5/2023 7:00,4/5/2023 3:00,SOUTH,-4.702
4/5/2023 8:00,4/5/2023 4:00,SOUTH,-4.858
4/5/2023 9:00,4/5/2023 5:00,SOUTH,-4.558
4/5/2023 10:00,4/5/2023 6:00,SOUTH,-2.984
4/5/2023 11:00,4/5/2023 7:00,SOUTH,354.077
4/5/2023 12:00,4/5/2023 8:00,SOUTH,1637.971
4/5/2023 13:00,4/5/2023 9:00,SOUTH,2520.684
4/5/2023 14:00,4/5/2023 10:00,SOUTH,2706.537
4/5/2023 15:00,4/5/2023 11:00,SOUTH,2679.9
4/5/2023 16:00,4/5/2023 12:00,SOUTH,2521.978
4/5/2023 17:00,4/5/2023 13:00,SOUTH,2518.809
4/5/2023 18:00,4/5/2023 14:00,SOUTH,2399.473
4/5/2023 19:00,4/5/2023 15:00,SOUTH,2318.105
4/5/2023 20:00,4/5/2023 16:00,SOUTH,2159.573
4/5/2023 21:00,4/5/2023 17:00,SOUTH,1844.817
4/5/2023 22:00,4/5/2023 18:00,SOUTH,645.081
4/5/2023 23:00,4/5/2023 19:00,SOUTH,32.808
4/6/2023 0:00,4/5/2023 20:00,SOUTH,-4.976
4/6/2023 1:00,4/5/2023 21:00,SOUTH,-4.862
4/6/2023 2:00,4/5/2023 22:00,SOUTH,-4.585
4/6/2023 3:00,4/5/2023 23:00,SOUTH,-4.724
4/6/2023 4:00,4/6/2023 0:00,SOUTH,-4.48
4/6/2023 5:00,4/6/2023 1:00,SOUTH,-4.74
4/6/2023 6:00,4/6/2023 2:00,SOUTH,-4.656
4/6/2023 7:00,4/6/2023 3:00,SOUTH,-4.658
4/6/2023 8:00,4/6/2023 4:00,SOUTH,-4.692
4/6/2023 9:00,4/6/2023 5:00,SOUTH,-4.787
4/6/2023 10:00,4/6/2023 6:00,SOUTH,-2.563
4/6/2023 11:00,4/6/2023 7:00,SOUTH,190.541
4/6/2023 12:00,4/6/2023 8:00,SOUTH,551.145
4/6/2023 13:00,4/6/2023 9:00,SOUTH,1164.179
4/6/2023 14:00,4/6/2023 10:00,SOUTH,1794.618
4/6/2023 15:00,4/6/2023 11:00,SOUTH,2135.848
4/6/2023 16:00,4/6/2023 12:00,SOUTH,2244.496
4/6/2023 17:00,4/6/2023 13:00,SOUTH,2189.576
4/6/2023 18:00,4/6/2023 14:00,SOUTH,1996.682
4/6/2023 19:00,4/6/2023 15:00,SOUTH,1975.578
4/6/2023 20:00,4/6/2023 16:00,SOUTH,1673.518
4/6/2023 21:00,4/6/2023 17:00,SOUTH,1080.176
4/6/2023 22:00,4/6/2023 18:00,SOUTH,275.56
4/6/2023 23:00,4/6/2023 19:00,SOUTH,12.15
4/7/2023 0:00,4/6/2023 20:00,SOUTH,-4.777
4/7/2023 1:00,4/6/2023 21:00,SOUTH,-4.754
4/7/2023 2:00,4/6/2023 22:00,SOUTH,-4.692
4/7/2023 3:00,4/6/2023 23:00,SOUTH,-4.714
4/7/2023 4:00,4/7/2023 0:00,SOUTH,-4.674
4/7/2023 5:00,4/7/2023 1:00,SOUTH,-4.549
4/7/2023 6:00,4/7/2023 2:00,SOUTH,-4.54
4/7/2023 7:00,4/7/2023 3:00,SOUTH,-4.641
4/7/2023 8:00,4/7/2023 4:00,SOUTH,-4.669
4/7/2023 9:00,4/7/2023 5:00,SOUTH,-4.734
4/7/2023 10:00,4/7/2023 6:00,SOUTH,-4.41
4/7/2023 11:00,4/7/2023 7:00,SOUTH,15.009
4/7/2023 12:00,4/7/2023 8:00,SOUTH,85.2
4/7/2023 13:00,4/7/2023 9:00,SOUTH,231.278
4/7/2023 14:00,4/7/2023 10:00,SOUTH,276.806
4/7/2023 15:00,4/7/2023 11:00,SOUTH,336.891
4/7/2023 16:00,4/7/2023 12:00,SOUTH,369.613
4/7/2023 17:00,4/7/2023 13:00,SOUTH,392.595
4/7/2023 18:00,4/7/2023 14:00,SOUTH,331.263
4/7/2023 19:00,4/7/2023 15:00,SOUTH,250.81
4/7/2023 20:00,4/7/2023 16:00,SOUTH,223.232
4/7/2023 21:00,4/7/2023 17:00,SOUTH,178.13
4/7/2023 22:00,4/7/2023 18:00,SOUTH,62.511
4/7/2023 23:00,4/7/2023 19:00,SOUTH,-0.775
4/8/2023 0:00,4/7/2023 20:00,SOUTH,-4.814
4/8/2023 1:00,4/7/2023 21:00,SOUTH,-4.713
4/8/2023 2:00,4/7/2023 22:00,SOUTH,-4.577
4/8/2023 3:00,4/7/2023 23:00,SOUTH,-4.68
4/8/2023 4:00,4/8/2023 0:00,SOUTH,-4.823
4/8/2023 5:00,4/8/2023 1:00,SOUTH,-4.565
4/8/2023 6:00,4/8/2023 2:00,SOUTH,-4.775
4/8/2023 7:00,4/8/2023 3:00,SOUTH,-4.708
4/8/2023 8:00,4/8/2023 4:00,SOUTH,-4.713
4/8/2023 9:00,4/8/2023 5:00,SOUTH,-4.912
4/8/2023 10:00,4/8/2023 6:00,SOUTH,-3.772
4/8/2023 11:00,4/8/2023 7:00,SOUTH,123.931
4/8/2023 12:00,4/8/2023 8:00,SOUTH,437.482
4/8/2023 13:00,4/8/2023 9:00,SOUTH,741.876
4/8/2023 14:00,4/8/2023 10:00,SOUTH,888.699
4/8/2023 15:00,4/8/2023 11:00,SOUTH,1052.439
4/8/2023 16:00,4/8/2023 12:00,SOUTH,968.445
4/8/2023 17:00,4/8/2023 13:00,SOUTH,843.847
4/8/2023 18:00,4/8/2023 14:00,SOUTH,781.774
4/8/2023 19:00,4/8/2023 15:00,SOUTH,575.314
4/8/2023 20:00,4/8/2023 16:00,SOUTH,333.799
4/8/2023 21:00,4/8/2023 17:00,SOUTH,191.91
4/8/2023 22:00,4/8/2023 18:00,SOUTH,69.884
4/8/2023 23:00,4/8/2023 19:00,SOUTH,-1.174
4/9/2023 0:00,4/8/2023 20:00,SOUTH,-4.812
4/9/2023 1:00,4/8/2023 21:00,SOUTH,-4.802
4/9/2023 2:00,4/8/2023 22:00,SOUTH,-4.689
4/9/2023 3:00,4/8/2023 23:00,SOUTH,-4.832
4/9/2023 4:00,4/9/2023 0:00,SOUTH,-4.745
4/9/2023 5:00,4/9/2023 1:00,SOUTH,-4.831
4/9/2023 6:00,4/9/2023 2:00,SOUTH,-4.834
4/9/2023 7:00,4/9/2023 3:00,SOUTH,-4.795
4/9/2023 8:00,4/9/2023 4:00,SOUTH,-4.746
4/9/2023 9:00,4/9/2023 5:00,SOUTH,-4.85
4/9/2023 10:00,4/9/2023 6:00,SOUTH,-2.173
4/9/2023 11:00,4/9/2023 7:00,SOUTH,308.885
4/9/2023 12:00,4/9/2023 8:00,SOUTH,1702.166
4/9/2023 13:00,4/9/2023 9:00,SOUTH,2645.037
4/9/2023 14:00,4/9/2023 10:00,SOUTH,2905.552
4/9/2023 15:00,4/9/2023 11:00,SOUTH,3004.483
4/9/2023 16:00,4/9/2023 12:00,SOUTH,3019.141
4/9/2023 17:00,4/9/2023 13:00,SOUTH,3035.247
4/9/2023 18:00,4/9/2023 14:00,SOUTH,3039.199
4/9/2023 19:00,4/9/2023 15:00,SOUTH,3017.324
4/9/2023 20:00,4/9/2023 16:00,SOUTH,2970.055
4/9/2023 21:00,4/9/2023 17:00,SOUTH,2610.402
4/9/2023 22:00,4/9/2023 18:00,SOUTH,1168.924
4/9/2023 23:00,4/9/2023 19:00,SOUTH,74.961
4/10/2023 0:00,4/9/2023 20:00,SOUTH,-4.895
4/10/2023 1:00,4/9/2023 21:00,SOUTH,-4.767
4/10/2023 2:00,4/9/2023 22:00,SOUTH,-4.829
4/10/2023 3:00,4/9/2023 23:00,SOUTH,-4.972
4/10/2023 4:00,4/10/2023 0:00,SOUTH,-4.75
4/10/2023 5:00,4/10/2023 1:00,SOUTH,-4.782
4/10/2023 6:00,4/10/2023 2:00,SOUTH,-4.881
4/10/2023 7:00,4/10/2023 3:00,SOUTH,-4.706
4/10/2023 8:00,4/10/2023 4:00,SOUTH,-4.966
4/10/2023 9:00,4/10/2023 5:00,SOUTH,-4.878
4/10/2023 10:00,4/10/2023 6:00,SOUTH,5.006
4/10/2023 11:00,4/10/2023 7:00,SOUTH,675.377
4/10/2023 12:00,4/10/2023 8:00,SOUTH,2280.456
4/10/2023 13:00,4/10/2023 9:00,SOUTH,2939.517
4/10/2023 14:00,4/10/2023 10:00,SOUTH,2988.095
4/10/2023 15:00,4/10/2023 11:00,SOUTH,3033.368
4/10/2023 16:00,4/10/2023 12:00,SOUTH,3003.322
4/10/2023 17:00,4/10/2023 13:00,SOUTH,3027.835
4/10/2023 18:00,4/10/2023 14:00,SOUTH,3036.137
4/10/2023 19:00,4/10/2023 15:00,SOUTH,3021.503
4/10/2023 20:00,4/10/2023 16:00,SOUTH,2981.9
4/10/2023 21:00,4/10/2023 17:00,SOUTH,2647.955
4/10/2023 22:00,4/10/2023 18:00,SOUTH,1225.158
4/10/2023 23:00,4/10/2023 19:00,SOUTH,80.341
4/11/2023 0:00,4/10/2023 20:00,SOUTH,-5.141
4/11/2023 1:00,4/10/2023 21:00,SOUTH,-4.817
4/11/2023 2:00,4/10/2023 22:00,SOUTH,-4.928
4/11/2023 3:00,4/10/2023 23:00,SOUTH,-4.993
4/11/2023 4:00,4/11/2023 0:00,SOUTH,-4.746
4/11/2023 5:00,4/11/2023 1:00,SOUTH,-4.783
4/11/2023 6:00,4/11/2023 2:00,SOUTH,-4.798
4/11/2023 7:00,4/11/2023 3:00,SOUTH,-4.711
4/11/2023 8:00,4/11/2023 4:00,SOUTH,-4.767
4/11/2023 9:00,4/11/2023 5:00,SOUTH,-5.04
4/11/2023 10:00,4/11/2023 6:00,SOUTH,6.998
4/11/2023 11:00,4/11/2023 7:00,SOUTH,708.655
4/11/2023 12:00,4/11/2023 8:00,SOUTH,2296.976
4/11/2023 13:00,4/11/2023 9:00,SOUTH,2924.086
4/11/2023 14:00,4/11/2023 10:00,SOUTH,2955.738
4/11/2023 15:00,4/11/2023 11:00,SOUTH,2955.354
4/11/2023 16:00,4/11/2023 12:00,SOUTH,2942.295
4/11/2023 17:00,4/11/2023 13:00,SOUTH,2938.04
4/11/2023 18:00,4/11/2023 14:00,SOUTH,2931.458
4/11/2023 19:00,4/11/2023 15:00,SOUTH,2926.841
4/11/2023 20:00,4/11/2023 16:00,SOUTH,2899.9
4/11/2023 21:00,4/11/2023 17:00,SOUTH,2558.179
4/11/2023 22:00,4/11/2023 18:00,SOUTH,1165.486
4/11/2023 23:00,4/11/2023 19:00,SOUTH,74.66
4/12/2023 0:00,4/11/2023 20:00,SOUTH,-4.803
4/12/2023 1:00,4/11/2023 21:00,SOUTH,-5.065
4/12/2023 2:00,4/11/2023 22:00,SOUTH,-4.822
4/12/2023 3:00,4/11/2023 23:00,SOUTH,-4.79
4/12/2023 4:00,4/12/2023 0:00,SOUTH,-4.666
4/12/2023 5:00,4/12/2023 1:00,SOUTH,-4.955
4/12/2023 6:00,4/12/2023 2:00,SOUTH,-4.696
4/12/2023 7:00,4/12/2023 3:00,SOUTH,-5.028
4/12/2023 8:00,4/12/2023 4:00,SOUTH,-4.853
4/12/2023 9:00,4/12/2023 5:00,SOUTH,-4.65
4/12/2023 10:00,4/12/2023 6:00,SOUTH,5.584
4/12/2023 11:00,4/12/2023 7:00,SOUTH,582.796
4/12/2023 12:00,4/12/2023 8:00,SOUTH,1936.694
4/12/2023 13:00,4/12/2023 9:00,SOUTH,2617.424
4/12/2023 14:00,4/12/2023 10:00,SOUTH,2836.974
4/12/2023 15:00,4/12/2023 11:00,SOUTH,2895.883
4/12/2023 16:00,4/12/2023 12:00,SOUTH,2912.136
4/12/2023 17:00,4/12/2023 13:00,SOUTH,2917.637
4/12/2023 18:00,4/12/2023 14:00,SOUTH,2899.169
4/12/2023 19:00,4/12/2023 15:00,SOUTH,2891.921
4/12/2023 20:00,4/12/2023 16:00,SOUTH,2857.544
4/12/2023 21:00,4/12/2023 17:00,SOUTH,2501.202
4/12/2023 22:00,4/12/2023 18:00,SOUTH,1130.815
4/12/2023 23:00,4/12/2023 19:00,SOUTH,79.327
4/13/2023 0:00,4/12/2023 20:00,SOUTH,-4.865
4/13/2023 1:00,4/12/2023 21:00,SOUTH,-4.848
4/13/2023 2:00,4/12/2023 22:00,SOUTH,-4.802
4/13/2023 3:00,4/12/2023 23:00,SOUTH,-4.623
4/13/2023 4:00,4/13/2023 0:00,SOUTH,-4.866
4/13/2023 5:00,4/13/2023 1:00,SOUTH,-4.567
4/13/2023 6:00,4/13/2023 2:00,SOUTH,-4.801
4/13/2023 7:00,4/13/2023 3:00,SOUTH,-4.808
4/13/2023 8:00,4/13/2023 4:00,SOUTH,-4.732
4/13/2023 9:00,4/13/2023 5:00,SOUTH,-4.689
4/13/2023 10:00,4/13/2023 6:00,SOUTH,8.051
4/13/2023 11:00,4/13/2023 7:00,SOUTH,636.241
4/13/2023 12:00,4/13/2023 8:00,SOUTH,2029.002
4/13/2023 13:00,4/13/2023 9:00,SOUTH,2508.516
4/13/2023 14:00,4/13/2023 10:00,SOUTH,2463.023
4/13/2023 15:00,4/13/2023 11:00,SOUTH,2494.845
4/13/2023 16:00,4/13/2023 12:00,SOUTH,2586.663
4/13/2023 17:00,4/13/2023 13:00,SOUTH,2598.375
4/13/2023 18:00,4/13/2023 14:00,SOUTH,2585.755
4/13/2023 19:00,4/13/2023 15:00,SOUTH,2568.235
4/13/2023 20:00,4/13/2023 16:00,SOUTH,2603.027
4/13/2023 21:00,4/13/2023 17:00,SOUTH,2247.523
4/13/2023 22:00,4/13/2023 18:00,SOUTH,987.616
4/13/2023 23:00,4/13/2023 19:00,SOUTH,63.295
4/14/2023 0:00,4/13/2023 20:00,SOUTH,-5.28
4/14/2023 1:00,4/13/2023 21:00,SOUTH,-4.761
4/14/2023 2:00,4/13/2023 22:00,SOUTH,-4.891
4/14/2023 3:00,4/13/2023 23:00,SOUTH,-4.769
4/14/2023 4:00,4/14/2023 0:00,SOUTH,-4.866
4/14/2023 5:00,4/14/2023 1:00,SOUTH,-4.988
4/14/2023 6:00,4/14/2023 2:00,SOUTH,-4.753
4/14/2023 7:00,4/14/2023 3:00,SOUTH,-4.937
4/14/2023 8:00,4/14/2023 4:00,SOUTH,-4.527
4/14/2023 9:00,4/14/2023 5:00,SOUTH,-4.752
4/14/2023 10:00,4/14/2023 6:00,SOUTH,7.752
4/14/2023 11:00,4/14/2023 7:00,SOUTH,234.048
4/14/2023 12:00,4/14/2023 8:00,SOUTH,669.761
4/14/2023 13:00,4/14/2023 9:00,SOUTH,838.983
4/14/2023 14:00,4/14/2023 10:00,SOUTH,730.783
4/14/2023 15:00,4/14/2023 11:00,SOUTH,785.311
4/14/2023 16:00,4/14/2023 12:00,SOUTH,1228.573
4/14/2023 17:00,4/14/2023 13:00,SOUTH,1431.849
4/14/2023 18:00,4/14/2023 14:00,SOUTH,1303.775
4/14/2023 19:00,4/14/2023 15:00,SOUTH,1295.747
4/14/2023 20:00,4/14/2023 16:00,SOUTH,1272.506
4/14/2023 21:00,4/14/2023 17:00,SOUTH,1184.22
4/14/2023 22:00,4/14/2023 18:00,SOUTH,482.975
4/14/2023 23:00,4/14/2023 19:00,SOUTH,34.081
4/15/2023 0:00,4/14/2023 20:00,SOUTH,-4.995
4/15/2023 1:00,4/14/2023 21:00,SOUTH,-4.711
4/15/2023 2:00,4/14/2023 22:00,SOUTH,-4.848
4/15/2023 3:00,4/14/2023 23:00,SOUTH,-4.894
4/15/2023 4:00,4/15/2023 0:00,SOUTH,-4.728
4/15/2023 5:00,4/15/2023 1:00,SOUTH,-4.753
4/15/2023 6:00,4/15/2023 2:00,SOUTH,-4.909
4/15/2023 7:00,4/15/2023 3:00,SOUTH,-4.862
4/15/2023 8:00,4/15/2023 4:00,SOUTH,-4.93
4/15/2023 9:00,4/15/2023 5:00,SOUTH,-4.684
4/15/2023 10:00,4/15/2023 6:00,SOUTH,4.836
4/15/2023 11:00,4/15/2023 7:00,SOUTH,214.016
4/15/2023 12:00,4/15/2023 8:00,SOUTH,902.314
4/15/2023 13:00,4/15/2023 9:00,SOUTH,1381.38
4/15/2023 14:00,4/15/2023 10:00,SOUTH,2092.983
4/15/2023 15:00,4/15/2023 11:00,SOUTH,2575.378
4/15/2023 16:00,4/15/2023 12:00,SOUTH,2498.778
4/15/2023 17:00,4/15/2023 13:00,SOUTH,2340.479
4/15/2023 18:00,4/15/2023 14:00,SOUTH,2291.788
4/15/2023 19:00,4/15/2023 15:00,SOUTH,2205.329
4/15/2023 20:00,4/15/2023 16:00,SOUTH,2129.376
4/15/2023 21:00,4/15/2023 17:00,SOUTH,2004.836
4/15/2023 22:00,4/15/2023 18:00,SOUTH,1007.119
4/15/2023 23:00,4/15/2023 19:00,SOUTH,75.237
4/16/2023 0:00,4/15/2023 20:00,SOUTH,-5.167
4/16/2023 1:00,4/15/2023 21:00,SOUTH,-4.724
4/16/2023 2:00,4/15/2023 22:00,SOUTH,-5
4/16/2023 3:00,4/15/2023 23:00,SOUTH,-4.811
4/16/2023 4:00,4/16/2023 0:00,SOUTH,-4.451
4/16/2023 5:00,4/16/2023 1:00,SOUTH,-4.447
4/16/2023 6:00,4/16/2023 2:00,SOUTH,-4.156
4/16/2023 7:00,4/16/2023 3:00,SOUTH,-4.461
4/16/2023 8:00,4/16/2023 4:00,SOUTH,-4.313
4/16/2023 9:00,4/16/2023 5:00,SOUTH,-4.376
4/16/2023 10:00,4/16/2023 6:00,SOUTH,14.642
4/16/2023 11:00,4/16/2023 7:00,SOUTH,715.569
4/16/2023 12:00,4/16/2023 8:00,SOUTH,2070.746
4/16/2023 13:00,4/16/2023 9:00,SOUTH,2573.594
4/16/2023 14:00,4/16/2023 10:00,SOUTH,2375.831
4/16/2023 15:00,4/16/2023 11:00,SOUTH,1862.994
4/16/2023 16:00,4/16/2023 12:00,SOUTH,1561.686
4/16/2023 17:00,4/16/2023 13:00,SOUTH,1393.965
4/16/2023 18:00,4/16/2023 14:00,SOUTH,1389.755
4/16/2023 19:00,4/16/2023 15:00,SOUTH,1229.026
4/16/2023 20:00,4/16/2023 16:00,SOUTH,833.299
4/16/2023 21:00,4/16/2023 17:00,SOUTH,524.998
4/16/2023 22:00,4/16/2023 18:00,SOUTH,351.725
4/16/2023 23:00,4/16/2023 19:00,SOUTH,37.143
4/17/2023 0:00,4/16/2023 20:00,SOUTH,-4.357
4/17/2023 1:00,4/16/2023 21:00,SOUTH,-4.553
4/17/2023 2:00,4/16/2023 22:00,SOUTH,-4.149
4/17/2023 3:00,4/16/2023 23:00,SOUTH,-4.291
4/17/2023 4:00,4/17/2023 0:00,SOUTH,-4.291
4/17/2023 5:00,4/17/2023 1:00,SOUTH,-4.437
4/17/2023 6:00,4/17/2023 2:00,SOUTH,-4.325
4/17/2023 7:00,4/17/2023 3:00,SOUTH,-4.342
4/17/2023 8:00,4/17/2023 4:00,SOUTH,-4.396
4/17/2023 9:00,4/17/2023 5:00,SOUTH,-4.328
4/17/2023 10:00,4/17/2023 6:00,SOUTH,14.734
4/17/2023 11:00,4/17/2023 7:00,SOUTH,453.99
4/17/2023 12:00,4/17/2023 8:00,SOUTH,1485.56
4/17/2023 13:00,4/17/2023 9:00,SOUTH,2461.878
4/17/2023 14:00,4/17/2023 10:00,SOUTH,2698.171
4/17/2023 15:00,4/17/2023 11:00,SOUTH,2786.453
4/17/2023 16:00,4/17/2023 12:00,SOUTH,2768.241
4/17/2023 17:00,4/17/2023 13:00,SOUTH,2714.437
4/17/2023 18:00,4/17/2023 14:00,SOUTH,2751.273
4/17/2023 19:00,4/17/2023 15:00,SOUTH,2689.394
4/17/2023 20:00,4/17/2023 16:00,SOUTH,2471.532
4/17/2023 21:00,4/17/2023 17:00,SOUTH,2265.139
4/17/2023 22:00,4/17/2023 18:00,SOUTH,1138.96
4/17/2023 23:00,4/17/2023 19:00,SOUTH,111.616
4/18/2023 0:00,4/17/2023 20:00,SOUTH,-4.642
4/18/2023 1:00,4/17/2023 21:00,SOUTH,-4.404
4/18/2023 2:00,4/17/2023 22:00,SOUTH,-4.31
4/18/2023 3:00,4/17/2023 23:00,SOUTH,-4.28
4/18/2023 4:00,4/18/2023 0:00,SOUTH,-4.453
4/18/2023 5:00,4/18/2023 1:00,SOUTH,-4.291
4/18/2023 6:00,4/18/2023 2:00,SOUTH,-4.434
4/18/2023 7:00,4/18/2023 3:00,SOUTH,-4.253
4/18/2023 8:00,4/18/2023 4:00,SOUTH,-4.219
4/18/2023 9:00,4/18/2023 5:00,SOUTH,-4.136
4/18/2023 10:00,4/18/2023 6:00,SOUTH,25.607
4/18/2023 11:00,4/18/2023 7:00,SOUTH,868.892
4/18/2023 12:00,4/18/2023 8:00,SOUTH,2337.137
4/18/2023 13:00,4/18/2023 9:00,SOUTH,2802.039
4/18/2023 14:00,4/18/2023 10:00,SOUTH,2729.947
4/18/2023 15:00,4/18/2023 11:00,SOUTH,2751.988
4/18/2023 16:00,4/18/2023 12:00,SOUTH,2782.712
4/18/2023 17:00,4/18/2023 13:00,SOUTH,2791.597
4/18/2023 18:00,4/18/2023 14:00,SOUTH,2897.115
4/18/2023 19:00,4/18/2023 15:00,SOUTH,2904.408
4/18/2023 20:00,4/18/2023 16:00,SOUTH,2855.828
4/18/2023 21:00,4/18/2023 17:00,SOUTH,2537.961
4/18/2023 22:00,4/18/2023 18:00,SOUTH,1214.472
4/18/2023 23:00,4/18/2023 19:00,SOUTH,111.494
4/19/2023 0:00,4/18/2023 20:00,SOUTH,-4.623
4/19/2023 1:00,4/18/2023 21:00,SOUTH,-4.369
4/19/2023 2:00,4/18/2023 22:00,SOUTH,-4.28
4/19/2023 3:00,4/18/2023 23:00,SOUTH,-4.191
4/19/2023 4:00,4/19/2023 0:00,SOUTH,-4.319
4/19/2023 5:00,4/19/2023 1:00,SOUTH,-4.531
4/19/2023 6:00,4/19/2023 2:00,SOUTH,-4.298
4/19/2023 7:00,4/19/2023 3:00,SOUTH,-4.199
4/19/2023 8:00,4/19/2023 4:00,SOUTH,-4.295
4/19/2023 9:00,4/19/2023 5:00,SOUTH,-4.206
4/19/2023 10:00,4/19/2023 6:00,SOUTH,27.582
4/19/2023 11:00,4/19/2023 7:00,SOUTH,788.158
4/19/2023 12:00,4/19/2023 8:00,SOUTH,2210.333
4/19/2023 13:00,4/19/2023 9:00,SOUTH,2764.435
4/19/2023 14:00,4/19/2023 10:00,SOUTH,2824.233
4/19/2023 15:00,4/19/2023 11:00,SOUTH,2842.431
4/19/2023 16:00,4/19/2023 12:00,SOUTH,2844.586
4/19/2023 17:00,4/19/2023 13:00,SOUTH,2837.207
4/19/2023 18:00,4/19/2023 14:00,SOUTH,2822.26
4/19/2023 19:00,4/19/2023 15:00,SOUTH,2801.213
4/19/2023 20:00,4/19/2023 16:00,SOUTH,2738.162
4/19/2023 21:00,4/19/2023 17:00,SOUTH,2368.23
4/19/2023 22:00,4/19/2023 18:00,SOUTH,1113.425
4/19/2023 23:00,4/19/2023 19:00,SOUTH,103.663
4/20/2023 0:00,4/19/2023 20:00,SOUTH,-4.347
4/20/2023 1:00,4/19/2023 21:00,SOUTH,-4.681
4/20/2023 2:00,4/19/2023 22:00,SOUTH,-4.305
4/20/2023 3:00,4/19/2023 23:00,SOUTH,-4.162
4/20/2023 4:00,4/20/2023 0:00,SOUTH,-4.351
4/20/2023 5:00,4/20/2023 1:00,SOUTH,-4.198
4/20/2023 6:00,4/20/2023 2:00,SOUTH,-4.287
4/20/2023 7:00,4/20/2023 3:00,SOUTH,-4.237
4/20/2023 8:00,4/20/2023 4:00,SOUTH,-4.379
4/20/2023 9:00,4/20/2023 5:00,SOUTH,-4.316
4/20/2023 10:00,4/20/2023 6:00,SOUTH,29.427
4/20/2023 11:00,4/20/2023 7:00,SOUTH,660.566
4/20/2023 12:00,4/20/2023 8:00,SOUTH,1832.178
4/20/2023 13:00,4/20/2023 9:00,SOUTH,2335.195
4/20/2023 14:00,4/20/2023 10:00,SOUTH,2543.955
4/20/2023 15:00,4/20/2023 11:00,SOUTH,2639.295
4/20/2023 16:00,4/20/2023 12:00,SOUTH,2701.879
4/20/2023 17:00,4/20/2023 13:00,SOUTH,2776.814
4/20/2023 18:00,4/20/2023 14:00,SOUTH,2712.664
4/20/2023 19:00,4/20/2023 15:00,SOUTH,2662.534
4/20/2023 20:00,4/20/2023 16:00,SOUTH,2555.866
4/20/2023 21:00,4/20/2023 17:00,SOUTH,2195.823
4/20/2023 22:00,4/20/2023 18:00,SOUTH,1077.504
4/20/2023 23:00,4/20/2023 19:00,SOUTH,100.183
4/21/2023 0:00,4/20/2023 20:00,SOUTH,-4.619
4/21/2023 1:00,4/20/2023 21:00,SOUTH,-4.461
4/21/2023 2:00,4/20/2023 22:00,SOUTH,-4.353
4/21/2023 3:00,4/20/2023 23:00,SOUTH,-4.343
4/21/2023 4:00,4/21/2023 0:00,SOUTH,-4.312
4/21/2023 5:00,4/21/2023 1:00,SOUTH,-4.291
4/21/2023 6:00,4/21/2023 2:00,SOUTH,-4.312
4/21/2023 7:00,4/21/2023 3:00,SOUTH,-4.416
4/21/2023 8:00,4/21/2023 4:00,SOUTH,-4.246
4/21/2023 9:00,4/21/2023 5:00,SOUTH,-4.276
4/21/2023 10:00,4/21/2023 6:00,SOUTH,27.311
4/21/2023 11:00,4/21/2023 7:00,SOUTH,732.257
4/21/2023 12:00,4/21/2023 8:00,SOUTH,2023.795
4/21/2023 13:00,4/21/2023 9:00,SOUTH,2578.566
4/21/2023 14:00,4/21/2023 10:00,SOUTH,2702.461
4/21/2023 15:00,4/21/2023 11:00,SOUTH,2732.754
4/21/2023 16:00,4/21/2023 12:00,SOUTH,2734.658
4/21/2023 17:00,4/21/2023 13:00,SOUTH,2693.029
4/21/2023 18:00,4/21/2023 14:00,SOUTH,2622.89
4/21/2023 19:00,4/21/2023 15:00,SOUTH,2509.198
4/21/2023 20:00,4/21/2023 16:00,SOUTH,2383.467
4/21/2023 21:00,4/21/2023 17:00,SOUTH,2023.004
4/21/2023 22:00,4/21/2023 18:00,SOUTH,970.668
4/21/2023 23:00,4/21/2023 19:00,SOUTH,80.278
4/22/2023 0:00,4/21/2023 20:00,SOUTH,-4.634
4/22/2023 1:00,4/21/2023 21:00,SOUTH,-4.57
4/22/2023 2:00,4/21/2023 22:00,SOUTH,-4.281
4/22/2023 3:00,4/21/2023 23:00,SOUTH,-4.428
4/22/2023 4:00,4/22/2023 0:00,SOUTH,-4.419
4/22/2023 5:00,4/22/2023 1:00,SOUTH,-4.343
4/22/2023 6:00,4/22/2023 2:00,SOUTH,-4.511
4/22/2023 7:00,4/22/2023 3:00,SOUTH,-4.199
4/22/2023 8:00,4/22/2023 4:00,SOUTH,-4.483
4/22/2023 9:00,4/22/2023 5:00,SOUTH,-4.342
4/22/2023 10:00,4/22/2023 6:00,SOUTH,21.429
4/22/2023 11:00,4/22/2023 7:00,SOUTH,351.145
4/22/2023 12:00,4/22/2023 8:00,SOUTH,806.034
4/22/2023 13:00,4/22/2023 9:00,SOUTH,1240.734
4/22/2023 14:00,4/22/2023 10:00,SOUTH,1317.023
4/22/2023 15:00,4/22/2023 11:00,SOUTH,1499.134
4/22/2023 16:00,4/22/2023 12:00,SOUTH,1235.384
4/22/2023 17:00,4/22/2023 13:00,SOUTH,1041.742
4/22/2023 18:00,4/22/2023 14:00,SOUTH,1021.384
4/22/2023 19:00,4/22/2023 15:00,SOUTH,724.088
4/22/2023 20:00,4/22/2023 16:00,SOUTH,804.026
4/22/2023 21:00,4/22/2023 17:00,SOUTH,672.998
4/22/2023 22:00,4/22/2023 18:00,SOUTH,211.226
4/22/2023 23:00,4/22/2023 19:00,SOUTH,32.772
4/23/2023 0:00,4/22/2023 20:00,SOUTH,-4.413
4/23/2023 1:00,4/22/2023 21:00,SOUTH,-4.566
4/23/2023 2:00,4/22/2023 22:00,SOUTH,-4.511
4/23/2023 3:00,4/22/2023 23:00,SOUTH,-4.346
4/23/2023 4:00,4/23/2023 0:00,SOUTH,-4.571
4/23/2023 5:00,4/23/2023 1:00,SOUTH,-4.133
4/23/2023 6:00,4/23/2023 2:00,SOUTH,-4.292
4/23/2023 7:00,4/23/2023 3:00,SOUTH,-4.331
4/23/2023 8:00,4/23/2023 4:00,SOUTH,-4.374
4/23/2023 9:00,4/23/2023 5:00,SOUTH,-4.443
4/23/2023 10:00,4/23/2023 6:00,SOUTH,44.793
4/23/2023 11:00,4/23/2023 7:00,SOUTH,920.582
4/23/2023 12:00,4/23/2023 8:00,SOUTH,2287.052
4/23/2023 13:00,4/23/2023 9:00,SOUTH,2796.06
4/23/2023 14:00,4/23/2023 10:00,SOUTH,2874.472
4/23/2023 15:00,4/23/2023 11:00,SOUTH,2814.758
4/23/2023 16:00,4/23/2023 12:00,SOUTH,2517.859
4/23/2023 17:00,4/23/2023 13:00,SOUTH,2436.073
4/23/2023 18:00,4/23/2023 14:00,SOUTH,2215.158
4/23/2023 19:00,4/23/2023 15:00,SOUTH,2300.008
4/23/2023 20:00,4/23/2023 16:00,SOUTH,2153.954
4/23/2023 21:00,4/23/2023 17:00,SOUTH,1794.03
4/23/2023 22:00,4/23/2023 18:00,SOUTH,1093.581
4/23/2023 23:00,4/23/2023 19:00,SOUTH,134.735
4/24/2023 0:00,4/23/2023 20:00,SOUTH,-4.821
4/24/2023 1:00,4/23/2023 21:00,SOUTH,-4.475
4/24/2023 2:00,4/23/2023 22:00,SOUTH,-4.254
4/24/2023 3:00,4/23/2023 23:00,SOUTH,-4.197
4/24/2023 4:00,4/24/2023 0:00,SOUTH,-4.378
4/24/2023 5:00,4/24/2023 1:00,SOUTH,-4.352
4/24/2023 6:00,4/24/2023 2:00,SOUTH,-4.436
4/24/2023 7:00,4/24/2023 3:00,SOUTH,-4.268
4/24/2023 8:00,4/24/2023 4:00,SOUTH,-4.48
4/24/2023 9:00,4/24/2023 5:00,SOUTH,-4.213
4/24/2023 10:00,4/24/2023 6:00,SOUTH,18.827
4/24/2023 11:00,4/24/2023 7:00,SOUTH,280.139
4/24/2023 12:00,4/24/2023 8:00,SOUTH,812.442
4/24/2023 13:00,4/24/2023 9:00,SOUTH,1244.308
4/24/2023 14:00,4/24/2023 10:00,SOUTH,1804.36
4/24/2023 15:00,4/24/2023 11:00,SOUTH,2278.158
4/24/2023 16:00,4/24/2023 12:00,SOUTH,2518.515
4/24/2023 17:00,4/24/2023 13:00,SOUTH,2606.282
4/24/2023 18:00,4/24/2023 14:00,SOUTH,2641.829
4/24/2023 19:00,4/24/2023 15:00,SOUTH,2577.35
4/24/2023 20:00,4/24/2023 16:00,SOUTH,2491.368
4/24/2023 21:00,4/24/2023 17:00,SOUTH,2309.772
4/24/2023 22:00,4/24/2023 18:00,SOUTH,1152.122
4/24/2023 23:00,4/24/2023 19:00,SOUTH,141.522
4/25/2023 0:00,4/24/2023 20:00,SOUTH,-4.736
4/25/2023 1:00,4/24/2023 21:00,SOUTH,-4.456
4/25/2023 2:00,4/24/2023 22:00,SOUTH,-4.345
4/25/2023 3:00,4/24/2023 23:00,SOUTH,-4.302
4/25/2023 4:00,4/25/2023 0:00,SOUTH,-4.322
4/25/2023 5:00,4/25/2023 1:00,SOUTH,-4.316
4/25/2023 6:00,4/25/2023 2:00,SOUTH,-4.261
4/25/2023 7:00,4/25/2023 3:00,SOUTH,-4.287
4/25/2023 8:00,4/25/2023 4:00,SOUTH,-4.218
4/25/2023 9:00,4/25/2023 5:00,SOUTH,-4.333
4/25/2023 10:00,4/25/2023 6:00,SOUTH,45.119
4/25/2023 11:00,4/25/2023 7:00,SOUTH,848.017
4/25/2023 12:00,4/25/2023 8:00,SOUTH,1962.007
4/25/2023 13:00,4/25/2023 9:00,SOUTH,2367.654
4/25/2023 14:00,4/25/2023 10:00,SOUTH,2414.026
4/25/2023 15:00,4/25/2023 11:00,SOUTH,2513.599
4/25/2023 16:00,4/25/2023 12:00,SOUTH,2300.355
4/25/2023 17:00,4/25/2023 13:00,SOUTH,2128.067
4/25/2023 18:00,4/25/2023 14:00,SOUTH,1888.197
4/25/2023 19:00,4/25/2023 15:00,SOUTH,1714.869
4/25/2023 20:00,4/25/2023 16:00,SOUTH,1249.902
4/25/2023 21:00,4/25/2023 17:00,SOUTH,824.978
4/25/2023 22:00,4/25/2023 18:00,SOUTH,508.612
4/25/2023 23:00,4/25/2023 19:00,SOUTH,102.378
4/26/2023 0:00,4/25/2023 20:00,SOUTH,-4.583
4/26/2023 1:00,4/25/2023 21:00,SOUTH,-4.563
4/26/2023 2:00,4/25/2023 22:00,SOUTH,-4.23
4/26/2023 3:00,4/25/2023 23:00,SOUTH,-4.512
4/26/2023 4:00,4/26/2023 0:00,SOUTH,-4.328
4/26/2023 5:00,4/26/2023 1:00,SOUTH,-4.369
4/26/2023 6:00,4/26/2023 2:00,SOUTH,-4.474
4/26/2023 7:00,4/26/2023 3:00,SOUTH,-4.405
4/26/2023 8:00,4/26/2023 4:00,SOUTH,-4.48
4/26/2023 9:00,4/26/2023 5:00,SOUTH,-4.338
4/26/2023 10:00,4/26/2023 6:00,SOUTH,54.547
4/26/2023 11:00,4/26/2023 7:00,SOUTH,897.684
4/26/2023 12:00,4/26/2023 8:00,SOUTH,2075.336
4/26/2023 13:00,4/26/2023 9:00,SOUTH,2522.1
4/26/2023 14:00,4/26/2023 10:00,SOUTH,2600.862
4/26/2023 15:00,4/26/2023 11:00,SOUTH,2529.237
4/26/2023 16:00,4/26/2023 12:00,SOUTH,2330.177
4/26/2023 17:00,4/26/2023 13:00,SOUTH,2088.387
4/26/2023 18:00,4/26/2023 14:00,SOUTH,1769.849
4/26/2023 19:00,4/26/2023 15:00,SOUTH,1335.644
4/26/2023 20:00,4/26/2023 16:00,SOUTH,945.568
4/26/2023 21:00,4/26/2023 17:00,SOUTH,487.611
4/26/2023 22:00,4/26/2023 18:00,SOUTH,232.586
4/26/2023 23:00,4/26/2023 19:00,SOUTH,39.978
4/27/2023 0:00,4/26/2023 20:00,SOUTH,-4.233
4/27/2023 1:00,4/26/2023 21:00,SOUTH,-4.292
4/27/2023 2:00,4/26/2023 22:00,SOUTH,-4.046
4/27/2023 3:00,4/26/2023 23:00,SOUTH,-4.184
4/27/2023 4:00,4/27/2023 0:00,SOUTH,-3.886
4/27/2023 5:00,4/27/2023 1:00,SOUTH,-4.265
4/27/2023 6:00,4/27/2023 2:00,SOUTH,-4.39
4/27/2023 7:00,4/27/2023 3:00,SOUTH,-4.122
4/27/2023 8:00,4/27/2023 4:00,SOUTH,-4.495
4/27/2023 9:00,4/27/2023 5:00,SOUTH,-4.369
4/27/2023 10:00,4/27/2023 6:00,SOUTH,19.934
4/27/2023 11:00,4/27/2023 7:00,SOUTH,324.278
4/27/2023 12:00,4/27/2023 8:00,SOUTH,965.533
4/27/2023 13:00,4/27/2023 9:00,SOUTH,1451.895
4/27/2023 14:00,4/27/2023 10:00,SOUTH,1721.018
4/27/2023 15:00,4/27/2023 11:00,SOUTH,1684.252
4/27/2023 16:00,4/27/2023 12:00,SOUTH,1522.422
4/27/2023 17:00,4/27/2023 13:00,SOUTH,1399.593
4/27/2023 18:00,4/27/2023 14:00,SOUTH,1282.473
4/27/2023 19:00,4/27/2023 15:00,SOUTH,1057.828
4/27/2023 20:00,4/27/2023 16:00,SOUTH,900.786
4/27/2023 21:00,4/27/2023 17:00,SOUTH,516.139
4/27/2023 22:00,4/27/2023 18:00,SOUTH,236.478
4/27/2023 23:00,4/27/2023 19:00,SOUTH,23.796
4/28/2023 0:00,4/27/2023 20:00,SOUTH,-4.554
4/28/2023 1:00,4/27/2023 21:00,SOUTH,-4.266
4/28/2023 2:00,4/27/2023 22:00,SOUTH,-4.245
4/28/2023 3:00,4/27/2023 23:00,SOUTH,-4.314
4/28/2023 4:00,4/28/2023 0:00,SOUTH,-4.37
4/28/2023 5:00,4/28/2023 1:00,SOUTH,-4.255
4/28/2023 6:00,4/28/2023 2:00,SOUTH,-4.158
4/28/2023 7:00,4/28/2023 3:00,SOUTH,-4.393
4/28/2023 8:00,4/28/2023 4:00,SOUTH,-4.304
4/28/2023 9:00,4/28/2023 5:00,SOUTH,-4.463
4/28/2023 10:00,4/28/2023 6:00,SOUTH,-2.822
4/28/2023 11:00,4/28/2023 7:00,SOUTH,35.257
4/28/2023 12:00,4/28/2023 8:00,SOUTH,102.217
4/28/2023 13:00,4/28/2023 9:00,SOUTH,190.029
4/28/2023 14:00,4/28/2023 10:00,SOUTH,289.055
4/28/2023 15:00,4/28/2023 11:00,SOUTH,558.062
4/28/2023 16:00,4/28/2023 12:00,SOUTH,845.077
4/28/2023 17:00,4/28/2023 13:00,SOUTH,1182.745
4/28/2023 18:00,4/28/2023 14:00,SOUTH,1250.705
4/28/2023 19:00,4/28/2023 15:00,SOUTH,1194.127
4/28/2023 20:00,4/28/2023 16:00,SOUTH,1160.068
4/28/2023 21:00,4/28/2023 17:00,SOUTH,889.01
4/28/2023 22:00,4/28/2023 18:00,SOUTH,446.778
4/28/2023 23:00,4/28/2023 19:00,SOUTH,34.109
4/29/2023 0:00,4/28/2023 20:00,SOUTH,-4.295
4/29/2023 1:00,4/28/2023 21:00,SOUTH,-4.207
4/29/2023 2:00,4/28/2023 22:00,SOUTH,-4.32
4/29/2023 3:00,4/28/2023 23:00,SOUTH,-4.216
4/29/2023 4:00,4/29/2023 0:00,SOUTH,-4.09
4/29/2023 5:00,4/29/2023 1:00,SOUTH,-4.337
4/29/2023 6:00,4/29/2023 2:00,SOUTH,-4.264
4/29/2023 7:00,4/29/2023 3:00,SOUTH,-4.238
4/29/2023 8:00,4/29/2023 4:00,SOUTH,-4.242
4/29/2023 9:00,4/29/2023 5:00,SOUTH,-4.315
4/29/2023 10:00,4/29/2023 6:00,SOUTH,13.172
4/29/2023 11:00,4/29/2023 7:00,SOUTH,187.884
4/29/2023 12:00,4/29/2023 8:00,SOUTH,427.445
4/29/2023 13:00,4/29/2023 9:00,SOUTH,800.377
4/29/2023 14:00,4/29/2023 10:00,SOUTH,1486.691
4/29/2023 15:00,4/29/2023 11:00,SOUTH,2213.467
4/29/2023 16:00,4/29/2023 12:00,SOUTH,2560.419
4/29/2023 17:00,4/29/2023 13:00,SOUTH,2555.28
4/29/2023 18:00,4/29/2023 14:00,SOUTH,2376.075
4/29/2023 19:00,4/29/2023 15:00,SOUTH,2207.111
4/29/2023 20:00,4/29/2023 16:00,SOUTH,2069.82
4/29/2023 21:00,4/29/2023 17:00,SOUTH,1538.335
4/29/2023 22:00,4/29/2023 18:00,SOUTH,529.613
4/29/2023 23:00,4/29/2023 19:00,SOUTH,60.382
4/30/2023 0:00,4/29/2023 20:00,SOUTH,-4.526
4/30/2023 1:00,4/29/2023 21:00,SOUTH,-4.318
4/30/2023 2:00,4/29/2023 22:00,SOUTH,-4.049
4/30/2023 3:00,4/29/2023 23:00,SOUTH,-4.176
4/30/2023 4:00,4/30/2023 0:00,SOUTH,-4.379
4/30/2023 5:00,4/30/2023 1:00,SOUTH,-4.157
4/30/2023 6:00,4/30/2023 2:00,SOUTH,-4.387
4/30/2023 7:00,4/30/2023 3:00,SOUTH,-4.068
4/30/2023 8:00,4/30/2023 4:00,SOUTH,-4.456
4/30/2023 9:00,4/30/2023 5:00,SOUTH,-4.346
4/30/2023 10:00,4/30/2023 6:00,SOUTH,3.465
4/30/2023 11:00,4/30/2023 7:00,SOUTH,137.459
4/30/2023 12:00,4/30/2023 8:00,SOUTH,378.243
4/30/2023 13:00,4/30/2023 9:00,SOUTH,571.032
4/30/2023 14:00,4/30/2023 10:00,SOUTH,813.887
4/30/2023 15:00,4/30/2023 11:00,SOUTH,548.612
4/30/2023 16:00,4/30/2023 12:00,SOUTH,543.379
4/30/2023 17:00,4/30/2023 13:00,SOUTH,1267.834
4/30/2023 18:00,4/30/2023 14:00,SOUTH,1478.179
4/30/2023 19:00,4/30/2023 15:00,SOUTH,799.742
4/30/2023 20:00,4/30/2023 16:00,SOUTH,319.501
4/30/2023 21:00,4/30/2023 17:00,SOUTH,274.525
4/30/2023 22:00,4/30/2023 18:00,SOUTH,315.081
4/30/2023 23:00,4/30/2023 19:00,SOUTH,72.784
5/1/2023 0:00,4/30/2023 20:00,SOUTH,-4.463
5/1/2023 1:00,4/30/2023 21:00,SOUTH,-4.182
5/1/2023 2:00,4/30/2023 22:00,SOUTH,-4.372
5/1/2023 3:00,4/30/2023 23:00,SOUTH,-4.186
5/1/2023 4:00,5/1/2023 0:00,SOUTH,-4.365
5/1/2023 5:00,5/1/2023 1:00,SOUTH,-4.121
5/1/2023 6:00,5/1/2023 2:00,SOUTH,-4.216
5/1/2023 7:00,5/1/2023 3:00,SOUTH,-4.108
5/1/2023 8:00,5/1/2023 4:00,SOUTH,-4.203
5/1/2023 9:00,5/1/2023 5:00,SOUTH,-4.154
5/1/2023 10:00,5/1/2023 6:00,SOUTH,101.944
5/1/2023 11:00,5/1/2023 7:00,SOUTH,1158.908
5/1/2023 12:00,5/1/2023 8:00,SOUTH,2361.708
5/1/2023 13:00,5/1/2023 9:00,SOUTH,2398.929
5/1/2023 14:00,5/1/2023 10:00,SOUTH,2410.538
5/1/2023 15:00,5/1/2023 11:00,SOUTH,2240.789
5/1/2023 16:00,5/1/2023 12:00,SOUTH,1914.027
5/1/2023 17:00,5/1/2023 13:00,SOUTH,1648.985
5/1/2023 18:00,5/1/2023 14:00,SOUTH,1668.381
5/1/2023 19:00,5/1/2023 15:00,SOUTH,1536.159
5/1/2023 20:00,5/1/2023 16:00,SOUTH,1336.764
5/1/2023 21:00,5/1/2023 17:00,SOUTH,1001.66
5/1/2023 22:00,5/1/2023 18:00,SOUTH,543.554
5/1/2023 23:00,5/1/2023 19:00,SOUTH,67.981
5/2/2023 0:00,5/1/2023 20:00,SOUTH,-4.507
5/2/2023 1:00,5/1/2023 21:00,SOUTH,-4.414
5/2/2023 2:00,5/1/2023 22:00,SOUTH,-4.29
5/2/2023 3:00,5/1/2023 23:00,SOUTH,-4.27
5/2/2023 4:00,5/2/2023 0:00,SOUTH,-4.335
5/2/2023 5:00,5/2/2023 1:00,SOUTH,-4.278
5/2/2023 6:00,5/2/2023 2:00,SOUTH,-4.473
5/2/2023 7:00,5/2/2023 3:00,SOUTH,-4.376
5/2/2023 8:00,5/2/2023 4:00,SOUTH,-3.965
5/2/2023 9:00,5/2/2023 5:00,SOUTH,-4.416
5/2/2023 10:00,5/2/2023 6:00,SOUTH,73.068
5/2/2023 11:00,5/2/2023 7:00,SOUTH,911.496
5/2/2023 12:00,5/2/2023 8:00,SOUTH,1940.835
5/2/2023 13:00,5/2/2023 9:00,SOUTH,2312.184
5/2/2023 14:00,5/2/2023 10:00,SOUTH,2339.22
5/2/2023 15:00,5/2/2023 11:00,SOUTH,2303.497
5/2/2023 16:00,5/2/2023 12:00,SOUTH,2296.334
5/2/2023 17:00,5/2/2023 13:00,SOUTH,2214.767
5/2/2023 18:00,5/2/2023 14:00,SOUTH,2127.368
5/2/2023 19:00,5/2/2023 15:00,SOUTH,2028.538
5/2/2023 20:00,5/2/2023 16:00,SOUTH,1850.694
5/2/2023 21:00,5/2/2023 17:00,SOUTH,1470.554
5/2/2023 22:00,5/2/2023 18:00,SOUTH,711.235
5/2/2023 23:00,5/2/2023 19:00,SOUTH,98.342
5/3/2023 0:00,5/2/2023 20:00,SOUTH,-4.595
5/3/2023 1:00,5/2/2023 21:00,SOUTH,-4.398
5/3/2023 2:00,5/2/2023 22:00,SOUTH,-4.354
5/3/2023 3:00,5/2/2023 23:00,SOUTH,-4.411
5/3/2023 4:00,5/3/2023 0:00,SOUTH,-4.152
5/3/2023 5:00,5/3/2023 1:00,SOUTH,-4.405
5/3/2023 6:00,5/3/2023 2:00,SOUTH,-4.281
5/3/2023 7:00,5/3/2023 3:00,SOUTH,-4.244
5/3/2023 8:00,5/3/2023 4:00,SOUTH,-4.356
5/3/2023 9:00,5/3/2023 5:00,SOUTH,-4.165
5/3/2023 10:00,5/3/2023 6:00,SOUTH,73.937
5/3/2023 11:00,5/3/2023 7:00,SOUTH,465.358
5/3/2023 12:00,5/3/2023 8:00,SOUTH,1106.449
5/3/2023 13:00,5/3/2023 9:00,SOUTH,1645.368
5/3/2023 14:00,5/3/2023 10:00,SOUTH,1742.706
5/3/2023 15:00,5/3/2023 11:00,SOUTH,1886.871
5/3/2023 16:00,5/3/2023 12:00,SOUTH,1341.695
5/3/2023 17:00,5/3/2023 13:00,SOUTH,1301.923
5/3/2023 18:00,5/3/2023 14:00,SOUTH,1496.11
5/3/2023 19:00,5/3/2023 15:00,SOUTH,1609.079
5/3/2023 20:00,5/3/2023 16:00,SOUTH,1568.641
5/3/2023 21:00,5/3/2023 17:00,SOUTH,1490.784
5/3/2023 22:00,5/3/2023 18:00,SOUTH,859.937
5/3/2023 23:00,5/3/2023 19:00,SOUTH,173.181
5/4/2023 0:00,5/3/2023 20:00,SOUTH,-4.811
5/4/2023 1:00,5/3/2023 21:00,SOUTH,-4.463
5/4/2023 2:00,5/3/2023 22:00,SOUTH,-4.58
5/4/2023 3:00,5/3/2023 23:00,SOUTH,-4.364
5/4/2023 4:00,5/4/2023 0:00,SOUTH,-4.45
5/4/2023 5:00,5/4/2023 1:00,SOUTH,-4.504
5/4/2023 6:00,5/4/2023 2:00,SOUTH,-4.469
5/4/2023 7:00,5/4/2023 3:00,SOUTH,-4.493
5/4/2023 8:00,5/4/2023 4:00,SOUTH,-4.314
5/4/2023 9:00,5/4/2023 5:00,SOUTH,-4.48
5/4/2023 10:00,5/4/2023 6:00,SOUTH,86.32
5/4/2023 11:00,5/4/2023 7:00,SOUTH,759.801
5/4/2023 12:00,5/4/2023 8:00,SOUTH,1534.664
5/4/2023 13:00,5/4/2023 9:00,SOUTH,1986.8
5/4/2023 14:00,5/4/2023 10:00,SOUTH,2281.566
5/4/2023 15:00,5/4/2023 11:00,SOUTH,2586.262
5/4/2023 16:00,5/4/2023 12:00,SOUTH,2236.19
5/4/2023 17:00,5/4/2023 13:00,SOUTH,2254.694
5/4/2023 18:00,5/4/2023 14:00,SOUTH,2208.249
5/4/2023 19:00,5/4/2023 15:00,SOUTH,1969.38
5/4/2023 20:00,5/4/2023 16:00,SOUTH,1670.364
5/4/2023 21:00,5/4/2023 17:00,SOUTH,1550.359
5/4/2023 22:00,5/4/2023 18:00,SOUTH,1072.21
5/4/2023 23:00,5/4/2023 19:00,SOUTH,191.667
5/5/2023 0:00,5/4/2023 20:00,SOUTH,-4.67
5/5/2023 1:00,5/4/2023 21:00,SOUTH,-4.48
5/5/2023 2:00,5/4/2023 22:00,SOUTH,-4.567
5/5/2023 3:00,5/4/2023 23:00,SOUTH,-4.354
5/5/2023 4:00,5/5/2023 0:00,SOUTH,-4.446
5/5/2023 5:00,5/5/2023 1:00,SOUTH,-4.506
5/5/2023 6:00,5/5/2023 2:00,SOUTH,-4.543
5/5/2023 7:00,5/5/2023 3:00,SOUTH,-4.441
5/5/2023 8:00,5/5/2023 4:00,SOUTH,-4.371
5/5/2023 9:00,5/5/2023 5:00,SOUTH,-4.581
5/5/2023 10:00,5/5/2023 6:00,SOUTH,133.142
5/5/2023 11:00,5/5/2023 7:00,SOUTH,1307.408
5/5/2023 12:00,5/5/2023 8:00,SOUTH,2610.454
5/5/2023 13:00,5/5/2023 9:00,SOUTH,2927.571
5/5/2023 14:00,5/5/2023 10:00,SOUTH,2975.114
5/5/2023 15:00,5/5/2023 11:00,SOUTH,2884.507
5/5/2023 16:00,5/5/2023 12:00,SOUTH,2600.752
5/5/2023 17:00,5/5/2023 13:00,SOUTH,2583.998
5/5/2023 18:00,5/5/2023 14:00,SOUTH,2373.819
5/5/2023 19:00,5/5/2023 15:00,SOUTH,2234.819
5/5/2023 20:00,5/5/2023 16:00,SOUTH,2227.797
5/5/2023 21:00,5/5/2023 17:00,SOUTH,2111.627
5/5/2023 22:00,5/5/2023 18:00,SOUTH,1319.727
5/5/2023 23:00,5/5/2023 19:00,SOUTH,230.292
5/6/2023 0:00,5/5/2023 20:00,SOUTH,-4.428
5/6/2023 1:00,5/5/2023 21:00,SOUTH,-4.666
5/6/2023 2:00,5/5/2023 22:00,SOUTH,-4.38
5/6/2023 3:00,5/5/2023 23:00,SOUTH,-4.568
5/6/2023 4:00,5/6/2023 0:00,SOUTH,-4.499
5/6/2023 5:00,5/6/2023 1:00,SOUTH,-4.373
5/6/2023 6:00,5/6/2023 2:00,SOUTH,-4.683
5/6/2023 7:00,5/6/2023 3:00,SOUTH,-4.405
5/6/2023 8:00,5/6/2023 4:00,SOUTH,-4.42
5/6/2023 9:00,5/6/2023 5:00,SOUTH,-4.575
5/6/2023 10:00,5/6/2023 6:00,SOUTH,73.782
5/6/2023 11:00,5/6/2023 7:00,SOUTH,668.347
5/6/2023 12:00,5/6/2023 8:00,SOUTH,1869.42
5/6/2023 13:00,5/6/2023 9:00,SOUTH,2629.148
5/6/2023 14:00,5/6/2023 10:00,SOUTH,2859.939
5/6/2023 15:00,5/6/2023 11:00,SOUTH,2856.548
5/6/2023 16:00,5/6/2023 12:00,SOUTH,2777.974
5/6/2023 17:00,5/6/2023 13:00,SOUTH,2595.906
5/6/2023 18:00,5/6/2023 14:00,SOUTH,2346.944
5/6/2023 19:00,5/6/2023 15:00,SOUTH,2322.651
5/6/2023 20:00,5/6/2023 16:00,SOUTH,2350.91
5/6/2023 21:00,5/6/2023 17:00,SOUTH,2141.212
5/6/2023 22:00,5/6/2023 18:00,SOUTH,1266.987
5/6/2023 23:00,5/6/2023 19:00,SOUTH,247.122
5/7/2023 0:00,5/6/2023 20:00,SOUTH,-4.477
5/7/2023 1:00,5/6/2023 21:00,SOUTH,-4.709
5/7/2023 2:00,5/6/2023 22:00,SOUTH,-4.534
5/7/2023 3:00,5/6/2023 23:00,SOUTH,-4.511
5/7/2023 4:00,5/7/2023 0:00,SOUTH,-4.622
5/7/2023 5:00,5/7/2023 1:00,SOUTH,-4.599
5/7/2023 6:00,5/7/2023 2:00,SOUTH,-4.451
5/7/2023 7:00,5/7/2023 3:00,SOUTH,-4.663
5/7/2023 8:00,5/7/2023 4:00,SOUTH,-4.408
5/7/2023 9:00,5/7/2023 5:00,SOUTH,-4.495
5/7/2023 10:00,5/7/2023 6:00,SOUTH,82.553
5/7/2023 11:00,5/7/2023 7:00,SOUTH,834.293
5/7/2023 12:00,5/7/2023 8:00,SOUTH,1951.714
5/7/2023 13:00,5/7/2023 9:00,SOUTH,2481.728
5/7/2023 14:00,5/7/2023 10:00,SOUTH,2627.466
5/7/2023 15:00,5/7/2023 11:00,SOUTH,2749.973
5/7/2023 16:00,5/7/2023 12:00,SOUTH,2693.544
5/7/2023 17:00,5/7/2023 13:00,SOUTH,2565.236
5/7/2023 18:00,5/7/2023 14:00,SOUTH,2247.337
5/7/2023 19:00,5/7/2023 15:00,SOUTH,1669.037
5/7/2023 20:00,5/7/2023 16:00,SOUTH,1355.472
5/7/2023 21:00,5/7/2023 17:00,SOUTH,881.586
5/7/2023 22:00,5/7/2023 18:00,SOUTH,422.492
5/7/2023 23:00,5/7/2023 19:00,SOUTH,103.963
5/8/2023 0:00,5/7/2023 20:00,SOUTH,-4.805
5/8/2023 1:00,5/7/2023 21:00,SOUTH,-4.62
5/8/2023 2:00,5/7/2023 22:00,SOUTH,-4.608
5/8/2023 3:00,5/7/2023 23:00,SOUTH,-4.672
5/8/2023 4:00,5/8/2023 0:00,SOUTH,-4.62
5/8/2023 5:00,5/8/2023 1:00,SOUTH,-4.533
5/8/2023 6:00,5/8/2023 2:00,SOUTH,-4.568
5/8/2023 7:00,5/8/2023 3:00,SOUTH,-4.569
5/8/2023 8:00,5/8/2023 4:00,SOUTH,-4.494
5/8/2023 9:00,5/8/2023 5:00,SOUTH,-4.546
5/8/2023 10:00,5/8/2023 6:00,SOUTH,113.877
5/8/2023 11:00,5/8/2023 7:00,SOUTH,830.539
5/8/2023 12:00,5/8/2023 8:00,SOUTH,1740.298
5/8/2023 13:00,5/8/2023 9:00,SOUTH,2327.029
5/8/2023 14:00,5/8/2023 10:00,SOUTH,2614.603
5/8/2023 15:00,5/8/2023 11:00,SOUTH,2680.323
5/8/2023 16:00,5/8/2023 12:00,SOUTH,2559.817
5/8/2023 17:00,5/8/2023 13:00,SOUTH,2474.553
5/8/2023 18:00,5/8/2023 14:00,SOUTH,2404.314
5/8/2023 19:00,5/8/2023 15:00,SOUTH,2447.237
5/8/2023 20:00,5/8/2023 16:00,SOUTH,2247.533
5/8/2023 21:00,5/8/2023 17:00,SOUTH,2142.682
5/8/2023 22:00,5/8/2023 18:00,SOUTH,1202.687
5/8/2023 23:00,5/8/2023 19:00,SOUTH,211.298
5/9/2023 0:00,5/8/2023 20:00,SOUTH,-4.681
5/9/2023 1:00,5/8/2023 21:00,SOUTH,-4.729
5/9/2023 2:00,5/8/2023 22:00,SOUTH,-4.552
5/9/2023 3:00,5/8/2023 23:00,SOUTH,-4.694
5/9/2023 4:00,5/9/2023 0:00,SOUTH,-4.473
5/9/2023 5:00,5/9/2023 1:00,SOUTH,-4.475
5/9/2023 6:00,5/9/2023 2:00,SOUTH,-4.733
5/9/2023 7:00,5/9/2023 3:00,SOUTH,-4.516
5/9/2023 8:00,5/9/2023 4:00,SOUTH,-4.584
5/9/2023 9:00,5/9/2023 5:00,SOUTH,-4.491
5/9/2023 10:00,5/9/2023 6:00,SOUTH,108.996
5/9/2023 11:00,5/9/2023 7:00,SOUTH,706.883
5/9/2023 12:00,5/9/2023 8:00,SOUTH,1413.053
5/9/2023 13:00,5/9/2023 9:00,SOUTH,1855.125
5/9/2023 14:00,5/9/2023 10:00,SOUTH,1946.049
5/9/2023 15:00,5/9/2023 11:00,SOUTH,1969.528
5/9/2023 16:00,5/9/2023 12:00,SOUTH,1823.948
5/9/2023 17:00,5/9/2023 13:00,SOUTH,1778.781
5/9/2023 18:00,5/9/2023 14:00,SOUTH,1771.253
5/9/2023 19:00,5/9/2023 15:00,SOUTH,1548.689
5/9/2023 20:00,5/9/2023 16:00,SOUTH,1467.008
5/9/2023 21:00,5/9/2023 17:00,SOUTH,1105.101
5/9/2023 22:00,5/9/2023 18:00,SOUTH,526.858
5/9/2023 23:00,5/9/2023 19:00,SOUTH,141.662
5/10/2023 0:00,5/9/2023 20:00,SOUTH,-4.138
5/10/2023 1:00,5/9/2023 21:00,SOUTH,-4.231
5/10/2023 2:00,5/9/2023 22:00,SOUTH,-4.403
5/10/2023 3:00,5/9/2023 23:00,SOUTH,-4.285
5/10/2023 4:00,5/10/2023 0:00,SOUTH,-4.126
5/10/2023 5:00,5/10/2023 1:00,SOUTH,-4.21
5/10/2023 6:00,5/10/2023 2:00,SOUTH,-4.282
5/10/2023 7:00,5/10/2023 3:00,SOUTH,-4.316
5/10/2023 8:00,5/10/2023 4:00,SOUTH,-4.282
5/10/2023 9:00,5/10/2023 5:00,SOUTH,-4.563
5/10/2023 10:00,5/10/2023 6:00,SOUTH,124.784
5/10/2023 11:00,5/10/2023 7:00,SOUTH,1145.014
5/10/2023 12:00,5/10/2023 8:00,SOUTH,2286.829
5/10/2023 13:00,5/10/2023 9:00,SOUTH,2744.261
5/10/2023 14:00,5/10/2023 10:00,SOUTH,2848.941
5/10/2023 15:00,5/10/2023 11:00,SOUTH,2859.202
5/10/2023 16:00,5/10/2023 12:00,SOUTH,2869.385
5/10/2023 17:00,5/10/2023 13:00,SOUTH,2878.038
5/10/2023 18:00,5/10/2023 14:00,SOUTH,2870.897
5/10/2023 19:00,5/10/2023 15:00,SOUTH,2817.303
5/10/2023 20:00,5/10/2023 16:00,SOUTH,2718.516
5/10/2023 21:00,5/10/2023 17:00,SOUTH,2382.032
5/10/2023 22:00,5/10/2023 18:00,SOUTH,1350.461
5/10/2023 23:00,5/10/2023 19:00,SOUTH,250.94
5/11/2023 0:00,5/10/2023 20:00,SOUTH,-4.07
5/11/2023 1:00,5/10/2023 21:00,SOUTH,-4.515
5/11/2023 2:00,5/10/2023 22:00,SOUTH,-4.383
5/11/2023 3:00,5/10/2023 23:00,SOUTH,-4.421
5/11/2023 4:00,5/11/2023 0:00,SOUTH,-4.367
5/11/2023 5:00,5/11/2023 1:00,SOUTH,-4.531
5/11/2023 6:00,5/11/2023 2:00,SOUTH,-4.313
5/11/2023 7:00,5/11/2023 3:00,SOUTH,-4.425
5/11/2023 8:00,5/11/2023 4:00,SOUTH,-4.409
5/11/2023 9:00,5/11/2023 5:00,SOUTH,-4.259
5/11/2023 10:00,5/11/2023 6:00,SOUTH,122.358
5/11/2023 11:00,5/11/2023 7:00,SOUTH,912.73
5/11/2023 12:00,5/11/2023 8:00,SOUTH,1947.103
5/11/2023 13:00,5/11/2023 9:00,SOUTH,2502.207
5/11/2023 14:00,5/11/2023 10:00,SOUTH,2715.304
5/11/2023 15:00,5/11/2023 11:00,SOUTH,2799.714
5/11/2023 16:00,5/11/2023 12:00,SOUTH,2772.485
5/11/2023 17:00,5/11/2023 13:00,SOUTH,2764.638
5/11/2023 18:00,5/11/2023 14:00,SOUTH,2641.852
5/11/2023 19:00,5/11/2023 15:00,SOUTH,2423.871
5/11/2023 20:00,5/11/2023 16:00,SOUTH,2500.081
5/11/2023 21:00,5/11/2023 17:00,SOUTH,2237.74
5/11/2023 22:00,5/11/2023 18:00,SOUTH,1399.389
5/11/2023 23:00,5/11/2023 19:00,SOUTH,276.801
5/12/2023 0:00,5/11/2023 20:00,SOUTH,-3.787
5/12/2023 1:00,5/11/2023 21:00,SOUTH,-4.723
5/12/2023 2:00,5/11/2023 22:00,SOUTH,-4.56
5/12/2023 3:00,5/11/2023 23:00,SOUTH,-4.656
5/12/2023 4:00,5/12/2023 0:00,SOUTH,-4.428
5/12/2023 5:00,5/12/2023 1:00,SOUTH,-4.456
5/12/2023 6:00,5/12/2023 2:00,SOUTH,-4.551
5/12/2023 7:00,5/12/2023 3:00,SOUTH,-4.59
5/12/2023 8:00,5/12/2023 4:00,SOUTH,-4.38
5/12/2023 9:00,5/12/2023 5:00,SOUTH,-4.416
5/12/2023 10:00,5/12/2023 6:00,SOUTH,143.513
5/12/2023 11:00,5/12/2023 7:00,SOUTH,1203.203
5/12/2023 12:00,5/12/2023 8:00,SOUTH,2363.915
5/12/2023 13:00,5/12/2023 9:00,SOUTH,2767.381
5/12/2023 14:00,5/12/2023 10:00,SOUTH,2900.23
5/12/2023 15:00,5/12/2023 11:00,SOUTH,2899.425
5/12/2023 16:00,5/12/2023 12:00,SOUTH,2883.597
5/12/2023 17:00,5/12/2023 13:00,SOUTH,2897.733
5/12/2023 18:00,5/12/2023 14:00,SOUTH,2792.586
5/12/2023 19:00,5/12/2023 15:00,SOUTH,2606.149
5/12/2023 20:00,5/12/2023 16:00,SOUTH,2308.517
5/12/2023 21:00,5/12/2023 17:00,SOUTH,1896.306
5/12/2023 22:00,5/12/2023 18:00,SOUTH,1104.372
5/12/2023 23:00,5/12/2023 19:00,SOUTH,149.907
5/13/2023 0:00,5/12/2023 20:00,SOUTH,-4.476
5/13/2023 1:00,5/12/2023 21:00,SOUTH,-4.711
5/13/2023 2:00,5/12/2023 22:00,SOUTH,-4.631
5/13/2023 3:00,5/12/2023 23:00,SOUTH,-4.604
5/13/2023 4:00,5/13/2023 0:00,SOUTH,-4.697
5/13/2023 5:00,5/13/2023 1:00,SOUTH,-4.556
5/13/2023 6:00,5/13/2023 2:00,SOUTH,-4.604
5/13/2023 7:00,5/13/2023 3:00,SOUTH,-4.549
5/13/2023 8:00,5/13/2023 4:00,SOUTH,-4.569
5/13/2023 9:00,5/13/2023 5:00,SOUTH,-4.642
5/13/2023 10:00,5/13/2023 6:00,SOUTH,100.756
5/13/2023 11:00,5/13/2023 7:00,SOUTH,710.082
5/13/2023 12:00,5/13/2023 8:00,SOUTH,1277.092
5/13/2023 13:00,5/13/2023 9:00,SOUTH,1647.847
5/13/2023 14:00,5/13/2023 10:00,SOUTH,1928.858
5/13/2023 15:00,5/13/2023 11:00,SOUTH,1758.763
5/13/2023 16:00,5/13/2023 12:00,SOUTH,1808.619
5/13/2023 17:00,5/13/2023 13:00,SOUTH,1670.091
5/13/2023 18:00,5/13/2023 14:00,SOUTH,1790.467
5/13/2023 19:00,5/13/2023 15:00,SOUTH,1826.059
5/13/2023 20:00,5/13/2023 16:00,SOUTH,1293.286
5/13/2023 21:00,5/13/2023 17:00,SOUTH,1016.882
5/13/2023 22:00,5/13/2023 18:00,SOUTH,447.454
5/13/2023 23:00,5/13/2023 19:00,SOUTH,73.753
5/14/2023 0:00,5/13/2023 20:00,SOUTH,-3.983
5/14/2023 1:00,5/13/2023 21:00,SOUTH,-4.615
5/14/2023 2:00,5/13/2023 22:00,SOUTH,-4.551
5/14/2023 3:00,5/13/2023 23:00,SOUTH,-4.644
5/14/2023 4:00,5/14/2023 0:00,SOUTH,-4.562
5/14/2023 5:00,5/14/2023 1:00,SOUTH,-4.66
5/14/2023 6:00,5/14/2023 2:00,SOUTH,-4.453
5/14/2023 7:00,5/14/2023 3:00,SOUTH,-4.541
5/14/2023 8:00,5/14/2023 4:00,SOUTH,-4.711
5/14/2023 9:00,5/14/2023 5:00,SOUTH,-4.501
5/14/2023 10:00,5/14/2023 6:00,SOUTH,79.036
5/14/2023 11:00,5/14/2023 7:00,SOUTH,737.344
5/14/2023 12:00,5/14/2023 8:00,SOUTH,1694.421
5/14/2023 13:00,5/14/2023 9:00,SOUTH,2324.809
5/14/2023 14:00,5/14/2023 10:00,SOUTH,2668.307
5/14/2023 15:00,5/14/2023 11:00,SOUTH,2868.481
5/14/2023 16:00,5/14/2023 12:00,SOUTH,2903.983
5/14/2023 17:00,5/14/2023 13:00,SOUTH,2946.533
5/14/2023 18:00,5/14/2023 14:00,SOUTH,2921.828
5/14/2023 19:00,5/14/2023 15:00,SOUTH,2840.23
5/14/2023 20:00,5/14/2023 16:00,SOUTH,2616.031
5/14/2023 21:00,5/14/2023 17:00,SOUTH,2189.684
5/14/2023 22:00,5/14/2023 18:00,SOUTH,1238.93
5/14/2023 23:00,5/14/2023 19:00,SOUTH,261.853
5/15/2023 0:00,5/14/2023 20:00,SOUTH,-3.087
5/15/2023 1:00,5/14/2023 21:00,SOUTH,-4.767
5/15/2023 2:00,5/14/2023 22:00,SOUTH,-4.606
5/15/2023 3:00,5/14/2023 23:00,SOUTH,-4.535
5/15/2023 4:00,5/15/2023 0:00,SOUTH,-4.529
5/15/2023 5:00,5/15/2023 1:00,SOUTH,-4.698
5/15/2023 6:00,5/15/2023 2:00,SOUTH,-4.515
5/15/2023 7:00,5/15/2023 3:00,SOUTH,-4.677
5/15/2023 8:00,5/15/2023 4:00,SOUTH,-4.402
5/15/2023 9:00,5/15/2023 5:00,SOUTH,-4.557
5/15/2023 10:00,5/15/2023 6:00,SOUTH,114.898
5/15/2023 11:00,5/15/2023 7:00,SOUTH,736.401
5/15/2023 12:00,5/15/2023 8:00,SOUTH,1350.857
5/15/2023 13:00,5/15/2023 9:00,SOUTH,1551.967
5/15/2023 14:00,5/15/2023 10:00,SOUTH,1704.644
5/15/2023 15:00,5/15/2023 11:00,SOUTH,1925.306
5/15/2023 16:00,5/15/2023 12:00,SOUTH,2119.483
5/15/2023 17:00,5/15/2023 13:00,SOUTH,2260.032
5/15/2023 18:00,5/15/2023 14:00,SOUTH,2032.803
5/15/2023 19:00,5/15/2023 15:00,SOUTH,1767.515
5/15/2023 20:00,5/15/2023 16:00,SOUTH,1499.326
5/15/2023 21:00,5/15/2023 17:00,SOUTH,896.073
5/15/2023 22:00,5/15/2023 18:00,SOUTH,522.222
5/15/2023 23:00,5/15/2023 19:00,SOUTH,119.088
5/16/2023 0:00,5/15/2023 20:00,SOUTH,-3.846
5/16/2023 1:00,5/15/2023 21:00,SOUTH,-4.361
5/16/2023 2:00,5/15/2023 22:00,SOUTH,-4.598
5/16/2023 3:00,5/15/2023 23:00,SOUTH,-4.507
5/16/2023 4:00,5/16/2023 0:00,SOUTH,-4.468
5/16/2023 5:00,5/16/2023 1:00,SOUTH,-4.329
5/16/2023 6:00,5/16/2023 2:00,SOUTH,-4.465
5/16/2023 7:00,5/16/2023 3:00,SOUTH,-4.393
5/16/2023 8:00,5/16/2023 4:00,SOUTH,-4.532
5/16/2023 9:00,5/16/2023 5:00,SOUTH,-4.367
5/16/2023 10:00,5/16/2023 6:00,SOUTH,34.576
5/16/2023 11:00,5/16/2023 7:00,SOUTH,203.881
5/16/2023 12:00,5/16/2023 8:00,SOUTH,490.664
5/16/2023 13:00,5/16/2023 9:00,SOUTH,935.573
5/16/2023 14:00,5/16/2023 10:00,SOUTH,1195.934
5/16/2023 15:00,5/16/2023 11:00,SOUTH,1586.556
5/16/2023 16:00,5/16/2023 12:00,SOUTH,1902.622
5/16/2023 17:00,5/16/2023 13:00,SOUTH,2042.208
5/16/2023 18:00,5/16/2023 14:00,SOUTH,1965.504
5/16/2023 19:00,5/16/2023 15:00,SOUTH,1706.467
5/16/2023 20:00,5/16/2023 16:00,SOUTH,1366.545
5/16/2023 21:00,5/16/2023 17:00,SOUTH,1244.011
5/16/2023 22:00,5/16/2023 18:00,SOUTH,587.726
5/16/2023 23:00,5/16/2023 19:00,SOUTH,89.403
5/17/2023 0:00,5/16/2023 20:00,SOUTH,-4.583
5/17/2023 1:00,5/16/2023 21:00,SOUTH,-4.658
5/17/2023 2:00,5/16/2023 22:00,SOUTH,-4.543
5/17/2023 3:00,5/16/2023 23:00,SOUTH,-4.435
5/17/2023 4:00,5/17/2023 0:00,SOUTH,-4.431
5/17/2023 5:00,5/17/2023 1:00,SOUTH,-4.327
5/17/2023 6:00,5/17/2023 2:00,SOUTH,-4.508
5/17/2023 7:00,5/17/2023 3:00,SOUTH,-4.369
5/17/2023 8:00,5/17/2023 4:00,SOUTH,-4.394
5/17/2023 9:00,5/17/2023 5:00,SOUTH,-4.278
5/17/2023 10:00,5/17/2023 6:00,SOUTH,105.345
5/17/2023 11:00,5/17/2023 7:00,SOUTH,669.381
5/17/2023 12:00,5/17/2023 8:00,SOUTH,1671.447
5/17/2023 13:00,5/17/2023 9:00,SOUTH,2420.478
5/17/2023 14:00,5/17/2023 10:00,SOUTH,2589.897
5/17/2023 15:00,5/17/2023 11:00,SOUTH,2567.858
5/17/2023 16:00,5/17/2023 12:00,SOUTH,2544.461
5/17/2023 17:00,5/17/2023 13:00,SOUTH,2494.015
5/17/2023 18:00,5/17/2023 14:00,SOUTH,2318.034
5/17/2023 19:00,5/17/2023 15:00,SOUTH,2285.786
5/17/2023 20:00,5/17/2023 16:00,SOUTH,2159.539
5/17/2023 21:00,5/17/2023 17:00,SOUTH,1875
5/17/2023 22:00,5/17/2023 18:00,SOUTH,1166.333
5/17/2023 23:00,5/17/2023 19:00,SOUTH,255.523
5/18/2023 0:00,5/17/2023 20:00,SOUTH,-2.115
5/18/2023 1:00,5/17/2023 21:00,SOUTH,-4.678
5/18/2023 2:00,5/17/2023 22:00,SOUTH,-4.58
5/18/2023 3:00,5/17/2023 23:00,SOUTH,-4.575
5/18/2023 4:00,5/18/2023 0:00,SOUTH,-4.595
5/18/2023 5:00,5/18/2023 1:00,SOUTH,-4.489
5/18/2023 6:00,5/18/2023 2:00,SOUTH,-4.457
5/18/2023 7:00,5/18/2023 3:00,SOUTH,-4.602
5/18/2023 8:00,5/18/2023 4:00,SOUTH,-4.34
5/18/2023 9:00,5/18/2023 5:00,SOUTH,-4.106
5/18/2023 10:00,5/18/2023 6:00,SOUTH,115.613
5/18/2023 11:00,5/18/2023 7:00,SOUTH,825.187
5/18/2023 12:00,5/18/2023 8:00,SOUTH,1909.756
5/18/2023 13:00,5/18/2023 9:00,SOUTH,2371.366
5/18/2023 14:00,5/18/2023 10:00,SOUTH,2349.361
5/18/2023 15:00,5/18/2023 11:00,SOUTH,2520.528
5/18/2023 16:00,5/18/2023 12:00,SOUTH,2618.303
5/18/2023 17:00,5/18/2023 13:00,SOUTH,2741.391
5/18/2023 18:00,5/18/2023 14:00,SOUTH,2641.266
5/18/2023 19:00,5/18/2023 15:00,SOUTH,2428.684
5/18/2023 20:00,5/18/2023 16:00,SOUTH,1917.417
5/18/2023 21:00,5/18/2023 17:00,SOUTH,1338.672
5/18/2023 22:00,5/18/2023 18:00,SOUTH,715.339
5/18/2023 23:00,5/18/2023 19:00,SOUTH,173.111
5/19/2023 0:00,5/18/2023 20:00,SOUTH,-2.424
5/19/2023 1:00,5/18/2023 21:00,SOUTH,-4.243
5/19/2023 2:00,5/18/2023 22:00,SOUTH,-4.305
5/19/2023 3:00,5/18/2023 23:00,SOUTH,-4.207
5/19/2023 4:00,5/19/2023 0:00,SOUTH,-4.056
5/19/2023 5:00,5/19/2023 1:00,SOUTH,-4.295
5/19/2023 6:00,5/19/2023 2:00,SOUTH,-4.187
5/19/2023 7:00,5/19/2023 3:00,SOUTH,-4.273
5/19/2023 8:00,5/19/2023 4:00,SOUTH,-4.219
5/19/2023 9:00,5/19/2023 5:00,SOUTH,-4.081
5/19/2023 10:00,5/19/2023 6:00,SOUTH,40.74
5/19/2023 11:00,5/19/2023 7:00,SOUTH,312.508
5/19/2023 12:00,5/19/2023 8:00,SOUTH,642.921
5/19/2023 13:00,5/19/2023 9:00,SOUTH,1100.545
5/19/2023 14:00,5/19/2023 10:00,SOUTH,1532.529
5/19/2023 15:00,5/19/2023 11:00,SOUTH,1705.287
5/19/2023 16:00,5/19/2023 12:00,SOUTH,1805.014
5/19/2023 17:00,5/19/2023 13:00,SOUTH,1728.659
5/19/2023 18:00,5/19/2023 14:00,SOUTH,1531.136
5/19/2023 19:00,5/19/2023 15:00,SOUTH,1441.476
5/19/2023 20:00,5/19/2023 16:00,SOUTH,1453.461
5/19/2023 21:00,5/19/2023 17:00,SOUTH,1049.58
5/19/2023 22:00,5/19/2023 18:00,SOUTH,805.842
5/19/2023 23:00,5/19/2023 19:00,SOUTH,195.794
5/20/2023 0:00,5/19/2023 20:00,SOUTH,-1.749
5/20/2023 1:00,5/19/2023 21:00,SOUTH,-4.568
5/20/2023 2:00,5/19/2023 22:00,SOUTH,-4.521
5/20/2023 3:00,5/19/2023 23:00,SOUTH,-4.46
5/20/2023 4:00,5/20/2023 0:00,SOUTH,-4.427
5/20/2023 5:00,5/20/2023 1:00,SOUTH,-4.654
5/20/2023 6:00,5/20/2023 2:00,SOUTH,-4.492
5/20/2023 7:00,5/20/2023 3:00,SOUTH,-4.55
5/20/2023 8:00,5/20/2023 4:00,SOUTH,-4.425
5/20/2023 9:00,5/20/2023 5:00,SOUTH,-4.453
5/20/2023 10:00,5/20/2023 6:00,SOUTH,52.015
5/20/2023 11:00,5/20/2023 7:00,SOUTH,349.358
5/20/2023 12:00,5/20/2023 8:00,SOUTH,848.765
5/20/2023 13:00,5/20/2023 9:00,SOUTH,1538.77
5/20/2023 14:00,5/20/2023 10:00,SOUTH,2046.889
5/20/2023 15:00,5/20/2023 11:00,SOUTH,2395.695
5/20/2023 16:00,5/20/2023 12:00,SOUTH,2612.505
5/20/2023 17:00,5/20/2023 13:00,SOUTH,2664.939
5/20/2023 18:00,5/20/2023 14:00,SOUTH,2530.327
5/20/2023 19:00,5/20/2023 15:00,SOUTH,2514.355
5/20/2023 20:00,5/20/2023 16:00,SOUTH,2436.809
5/20/2023 21:00,5/20/2023 17:00,SOUTH,2098.131
5/20/2023 22:00,5/20/2023 18:00,SOUTH,1129.212
5/20/2023 23:00,5/20/2023 19:00,SOUTH,214.055
5/21/2023 0:00,5/20/2023 20:00,SOUTH,-2.619
5/21/2023 1:00,5/20/2023 21:00,SOUTH,-4.763
5/21/2023 2:00,5/20/2023 22:00,SOUTH,-4.68
5/21/2023 3:00,5/20/2023 23:00,SOUTH,-4.622
5/21/2023 4:00,5/21/2023 0:00,SOUTH,-4.622
5/21/2023 5:00,5/21/2023 1:00,SOUTH,-4.343
5/21/2023 6:00,5/21/2023 2:00,SOUTH,-4.679
5/21/2023 7:00,5/21/2023 3:00,SOUTH,-4.384
5/21/2023 8:00,5/21/2023 4:00,SOUTH,-4.496
5/21/2023 9:00,5/21/2023 5:00,SOUTH,-4.702
5/21/2023 10:00,5/21/2023 6:00,SOUTH,53.591
5/21/2023 11:00,5/21/2023 7:00,SOUTH,402.534
5/21/2023 12:00,5/21/2023 8:00,SOUTH,879.353
5/21/2023 13:00,5/21/2023 9:00,SOUTH,1437.081
5/21/2023 14:00,5/21/2023 10:00,SOUTH,1998.669
5/21/2023 15:00,5/21/2023 11:00,SOUTH,2386.651
5/21/2023 16:00,5/21/2023 12:00,SOUTH,2551.236
5/21/2023 17:00,5/21/2023 13:00,SOUTH,2717.973
5/21/2023 18:00,5/21/2023 14:00,SOUTH,2818.542
5/21/2023 19:00,5/21/2023 15:00,SOUTH,2755.943
5/21/2023 20:00,5/21/2023 16:00,SOUTH,2720.607
5/21/2023 21:00,5/21/2023 17:00,SOUTH,2437.36
5/21/2023 22:00,5/21/2023 18:00,SOUTH,1472.685
5/21/2023 23:00,5/21/2023 19:00,SOUTH,333.604
5/22/2023 0:00,5/21/2023 20:00,SOUTH,9.709
5/22/2023 1:00,5/21/2023 21:00,SOUTH,-4.782
5/22/2023 2:00,5/21/2023 22:00,SOUTH,-4.663
5/22/2023 3:00,5/21/2023 23:00,SOUTH,-4.619
5/22/2023 4:00,5/22/2023 0:00,SOUTH,-4.447
5/22/2023 5:00,5/22/2023 1:00,SOUTH,-4.63
5/22/2023 6:00,5/22/2023 2:00,SOUTH,-4.62
5/22/2023 7:00,5/22/2023 3:00,SOUTH,-4.547
5/22/2023 8:00,5/22/2023 4:00,SOUTH,-4.545
5/22/2023 9:00,5/22/2023 5:00,SOUTH,-4.061
5/22/2023 10:00,5/22/2023 6:00,SOUTH,175.518
5/22/2023 11:00,5/22/2023 7:00,SOUTH,1152.352
5/22/2023 12:00,5/22/2023 8:00,SOUTH,2250.258
5/22/2023 13:00,5/22/2023 9:00,SOUTH,2729.043
5/22/2023 14:00,5/22/2023 10:00,SOUTH,2913.215
5/22/2023 15:00,5/22/2023 11:00,SOUTH,2956.067
5/22/2023 16:00,5/22/2023 12:00,SOUTH,2940.236
5/22/2023 17:00,5/22/2023 13:00,SOUTH,2878.05
5/22/2023 18:00,5/22/2023 14:00,SOUTH,2823.9
5/22/2023 19:00,5/22/2023 15:00,SOUTH,2621.563
5/22/2023 20:00,5/22/2023 16:00,SOUTH,2312.172
5/22/2023 21:00,5/22/2023 17:00,SOUTH,1749.876
5/22/2023 22:00,5/22/2023 18:00,SOUTH,960.642
5/22/2023 23:00,5/22/2023 19:00,SOUTH,229.111
5/23/2023 0:00,5/22/2023 20:00,SOUTH,-1.606
5/23/2023 1:00,5/22/2023 21:00,SOUTH,-4.737
5/23/2023 2:00,5/22/2023 22:00,SOUTH,-4.719
5/23/2023 3:00,5/22/2023 23:00,SOUTH,-4.685
5/23/2023 4:00,5/23/2023 0:00,SOUTH,-4.504
5/23/2023 5:00,5/23/2023 1:00,SOUTH,-4.489
5/23/2023 6:00,5/23/2023 2:00,SOUTH,-4.697
5/23/2023 7:00,5/23/2023 3:00,SOUTH,-4.576
5/23/2023 8:00,5/23/2023 4:00,SOUTH,-4.585
5/23/2023 9:00,5/23/2023 5:00,SOUTH,-4.3
5/23/2023 10:00,5/23/2023 6:00,SOUTH,126.847
5/23/2023 11:00,5/23/2023 7:00,SOUTH,848.621
5/23/2023 12:00,5/23/2023 8:00,SOUTH,1975.435
5/23/2023 13:00,5/23/2023 9:00,SOUTH,2468.843
5/23/2023 14:00,5/23/2023 10:00,SOUTH,2623.267
5/23/2023 15:00,5/23/2023 11:00,SOUTH,2710.279
5/23/2023 16:00,5/23/2023 12:00,SOUTH,2787.944
5/23/2023 17:00,5/23/2023 13:00,SOUTH,2797.132
5/23/2023 18:00,5/23/2023 14:00,SOUTH,2735.458
5/23/2023 19:00,5/23/2023 15:00,SOUTH,2638.599
5/23/2023 20:00,5/23/2023 16:00,SOUTH,2431.439
5/23/2023 21:00,5/23/2023 17:00,SOUTH,1856.127
5/23/2023 22:00,5/23/2023 18:00,SOUTH,995.218
5/23/2023 23:00,5/23/2023 19:00,SOUTH,296.189
5/24/2023 0:00,5/23/2023 20:00,SOUTH,3.277
5/24/2023 1:00,5/23/2023 21:00,SOUTH,-4.636
5/24/2023 2:00,5/23/2023 22:00,SOUTH,-4.495
5/24/2023 3:00,5/23/2023 23:00,SOUTH,-4.636
5/24/2023 4:00,5/24/2023 0:00,SOUTH,-4.566
5/24/2023 5:00,5/24/2023 1:00,SOUTH,-4.62
5/24/2023 6:00,5/24/2023 2:00,SOUTH,-4.505
5/24/2023 7:00,5/24/2023 3:00,SOUTH,-4.51
5/24/2023 8:00,5/24/2023 4:00,SOUTH,-4.491
5/24/2023 9:00,5/24/2023 5:00,SOUTH,-4.448
5/24/2023 10:00,5/24/2023 6:00,SOUTH,108.472
5/24/2023 11:00,5/24/2023 7:00,SOUTH,784.026
5/24/2023 12:00,5/24/2023 8:00,SOUTH,1959.428
5/24/2023 13:00,5/24/2023 9:00,SOUTH,2560.003
5/24/2023 14:00,5/24/2023 10:00,SOUTH,2891.253
5/24/2023 15:00,5/24/2023 11:00,SOUTH,2924.77
5/24/2023 16:00,5/24/2023 12:00,SOUTH,2900.54
5/24/2023 17:00,5/24/2023 13:00,SOUTH,2888.146
5/24/2023 18:00,5/24/2023 14:00,SOUTH,2819.437
5/24/2023 19:00,5/24/2023 15:00,SOUTH,2553.722
5/24/2023 20:00,5/24/2023 16:00,SOUTH,2397.14
5/24/2023 21:00,5/24/2023 17:00,SOUTH,2000.84
5/24/2023 22:00,5/24/2023 18:00,SOUTH,1198.769
5/24/2023 23:00,5/24/2023 19:00,SOUTH,344.115
5/25/2023 0:00,5/24/2023 20:00,SOUTH,2.036
5/25/2023 1:00,5/24/2023 21:00,SOUTH,-4.676
5/25/2023 2:00,5/24/2023 22:00,SOUTH,-4.547
5/25/2023 3:00,5/24/2023 23:00,SOUTH,-4.627
5/25/2023 4:00,5/25/2023 0:00,SOUTH,-4.431
5/25/2023 5:00,5/25/2023 1:00,SOUTH,-4.498
5/25/2023 6:00,5/25/2023 2:00,SOUTH,-4.523
5/25/2023 7:00,5/25/2023 3:00,SOUTH,-4.561
5/25/2023 8:00,5/25/2023 4:00,SOUTH,-4.38
5/25/2023 9:00,5/25/2023 5:00,SOUTH,-3.785
5/25/2023 10:00,5/25/2023 6:00,SOUTH,166.123
5/25/2023 11:00,5/25/2023 7:00,SOUTH,773.199
5/25/2023 12:00,5/25/2023 8:00,SOUTH,1225.138
5/25/2023 13:00,5/25/2023 9:00,SOUTH,1232.909
5/25/2023 14:00,5/25/2023 10:00,SOUTH,1466.977
5/25/2023 15:00,5/25/2023 11:00,SOUTH,1654.433
5/25/2023 16:00,5/25/2023 12:00,SOUTH,1779.303
5/25/2023 17:00,5/25/2023 13:00,SOUTH,1839.314
5/25/2023 18:00,5/25/2023 14:00,SOUTH,1855.512
5/25/2023 19:00,5/25/2023 15:00,SOUTH,1781.899
5/25/2023 20:00,5/25/2023 16:00,SOUTH,1587.029
5/25/2023 21:00,5/25/2023 17:00,SOUTH,1313.618
5/25/2023 22:00,5/25/2023 18:00,SOUTH,898.53
5/25/2023 23:00,5/25/2023 19:00,SOUTH,288.572
5/26/2023 0:00,5/25/2023 20:00,SOUTH,3.065
5/26/2023 1:00,5/25/2023 21:00,SOUTH,-4.387
5/26/2023 2:00,5/25/2023 22:00,SOUTH,-4.44
5/26/2023 3:00,5/25/2023 23:00,SOUTH,-4.63
5/26/2023 4:00,5/26/2023 0:00,SOUTH,-4.495
5/26/2023 5:00,5/26/2023 1:00,SOUTH,-4.638
5/26/2023 6:00,5/26/2023 2:00,SOUTH,-4.438
5/26/2023 7:00,5/26/2023 3:00,SOUTH,-4.278
5/26/2023 8:00,5/26/2023 4:00,SOUTH,-4.577
5/26/2023 9:00,5/26/2023 5:00,SOUTH,-3.647
5/26/2023 10:00,5/26/2023 6:00,SOUTH,193.603
5/26/2023 11:00,5/26/2023 7:00,SOUTH,882.712
5/26/2023 12:00,5/26/2023 8:00,SOUTH,1755.399
5/26/2023 13:00,5/26/2023 9:00,SOUTH,2301.301
5/26/2023 14:00,5/26/2023 10:00,SOUTH,2516.822
5/26/2023 15:00,5/26/2023 11:00,SOUTH,2617.587
5/26/2023 16:00,5/26/2023 12:00,SOUTH,2596.041
5/26/2023 17:00,5/26/2023 13:00,SOUTH,2546.361
5/26/2023 18:00,5/26/2023 14:00,SOUTH,2325.939
5/26/2023 19:00,5/26/2023 15:00,SOUTH,2027.783
5/26/2023 20:00,5/26/2023 16:00,SOUTH,1621.898
5/26/2023 21:00,5/26/2023 17:00,SOUTH,1219.653
5/26/2023 22:00,5/26/2023 18:00,SOUTH,686.752
5/26/2023 23:00,5/26/2023 19:00,SOUTH,210.304
5/27/2023 0:00,5/26/2023 20:00,SOUTH,1.065
5/27/2023 1:00,5/26/2023 21:00,SOUTH,-4.546
5/27/2023 2:00,5/26/2023 22:00,SOUTH,-4.376
5/27/2023 3:00,5/26/2023 23:00,SOUTH,-4.618
5/27/2023 4:00,5/27/2023 0:00,SOUTH,-4.46
5/27/2023 5:00,5/27/2023 1:00,SOUTH,-4.677
5/27/2023 6:00,5/27/2023 2:00,SOUTH,-4.525
5/27/2023 7:00,5/27/2023 3:00,SOUTH,-4.619
5/27/2023 8:00,5/27/2023 4:00,SOUTH,-4.388
5/27/2023 9:00,5/27/2023 5:00,SOUTH,-3.513
5/27/2023 10:00,5/27/2023 6:00,SOUTH,133.92
5/27/2023 11:00,5/27/2023 7:00,SOUTH,606.449
5/27/2023 12:00,5/27/2023 8:00,SOUTH,1033.173
5/27/2023 13:00,5/27/2023 9:00,SOUTH,1343.377
5/27/2023 14:00,5/27/2023 10:00,SOUTH,1605.512
5/27/2023 15:00,5/27/2023 11:00,SOUTH,1751.231
5/27/2023 16:00,5/27/2023 12:00,SOUTH,1749.366
5/27/2023 17:00,5/27/2023 13:00,SOUTH,1737.588
5/27/2023 18:00,5/27/2023 14:00,SOUTH,1669.063
5/27/2023 19:00,5/27/2023 15:00,SOUTH,1371.046
5/27/2023 20:00,5/27/2023 16:00,SOUTH,973.048
5/27/2023 21:00,5/27/2023 17:00,SOUTH,710.361
5/27/2023 22:00,5/27/2023 18:00,SOUTH,357.136
5/27/2023 23:00,5/27/2023 19:00,SOUTH,108.354
5/28/2023 0:00,5/27/2023 20:00,SOUTH,-2.173
5/28/2023 1:00,5/27/2023 21:00,SOUTH,-4.593
5/28/2023 2:00,5/27/2023 22:00,SOUTH,-4.427
5/28/2023 3:00,5/27/2023 23:00,SOUTH,-4.558
5/28/2023 4:00,5/28/2023 0:00,SOUTH,-4.555
5/28/2023 5:00,5/28/2023 1:00,SOUTH,-4.576
5/28/2023 6:00,5/28/2023 2:00,SOUTH,-4.462
5/28/2023 7:00,5/28/2023 3:00,SOUTH,-4.628
5/28/2023 8:00,5/28/2023 4:00,SOUTH,-4.509
5/28/2023 9:00,5/28/2023 5:00,SOUTH,-4.481
5/28/2023 10:00,5/28/2023 6:00,SOUTH,31.925
5/28/2023 11:00,5/28/2023 7:00,SOUTH,144.484
5/28/2023 12:00,5/28/2023 8:00,SOUTH,290.996
5/28/2023 13:00,5/28/2023 9:00,SOUTH,510.963
5/28/2023 14:00,5/28/2023 10:00,SOUTH,846.087
5/28/2023 15:00,5/28/2023 11:00,SOUTH,1165.705
5/28/2023 16:00,5/28/2023 12:00,SOUTH,1178.112
5/28/2023 17:00,5/28/2023 13:00,SOUTH,1135.332
5/28/2023 18:00,5/28/2023 14:00,SOUTH,1086.458
5/28/2023 19:00,5/28/2023 15:00,SOUTH,808.625
5/28/2023 20:00,5/28/2023 16:00,SOUTH,595.611
5/28/2023 21:00,5/28/2023 17:00,SOUTH,381.87
5/28/2023 22:00,5/28/2023 18:00,SOUTH,194.451
5/28/2023 23:00,5/28/2023 19:00,SOUTH,57.335
5/29/2023 0:00,5/28/2023 20:00,SOUTH,-3.612
5/29/2023 1:00,5/28/2023 21:00,SOUTH,-4.544
5/29/2023 2:00,5/28/2023 22:00,SOUTH,-4.585
5/29/2023 3:00,5/28/2023 23:00,SOUTH,-4.458
5/29/2023 4:00,5/29/2023 0:00,SOUTH,-4.657
5/29/2023 5:00,5/29/2023 1:00,SOUTH,-4.564
5/29/2023 6:00,5/29/2023 2:00,SOUTH,-4.501
5/29/2023 7:00,5/29/2023 3:00,SOUTH,-4.463
5/29/2023 8:00,5/29/2023 4:00,SOUTH,-4.452
5/29/2023 9:00,5/29/2023 5:00,SOUTH,-4.367
5/29/2023 10:00,5/29/2023 6:00,SOUTH,38.013
5/29/2023 11:00,5/29/2023 7:00,SOUTH,282.534
5/29/2023 12:00,5/29/2023 8:00,SOUTH,743.541
5/29/2023 13:00,5/29/2023 9:00,SOUTH,1070.287
5/29/2023 14:00,5/29/2023 10:00,SOUTH,1221.192
5/29/2023 15:00,5/29/2023 11:00,SOUTH,1376.936
5/29/2023 16:00,5/29/2023 12:00,SOUTH,1626.932
5/29/2023 17:00,5/29/2023 13:00,SOUTH,1672.2
5/29/2023 18:00,5/29/2023 14:00,SOUTH,1777.499
5/29/2023 19:00,5/29/2023 15:00,SOUTH,1888.022
5/29/2023 20:00,5/29/2023 16:00,SOUTH,1712.865
5/29/2023 21:00,5/29/2023 17:00,SOUTH,1264.612
5/29/2023 22:00,5/29/2023 18:00,SOUTH,679.834
5/29/2023 23:00,5/29/2023 19:00,SOUTH,142.63
5/30/2023 0:00,5/29/2023 20:00,SOUTH,-0.72
5/30/2023 1:00,5/29/2023 21:00,SOUTH,-4.406
5/30/2023 2:00,5/29/2023 22:00,SOUTH,-4.562
5/30/2023 3:00,5/29/2023 23:00,SOUTH,-4.526
5/30/2023 4:00,5/30/2023 0:00,SOUTH,-4.666
5/30/2023 5:00,5/30/2023 1:00,SOUTH,-4.446
5/30/2023 6:00,5/30/2023 2:00,SOUTH,-4.479
5/30/2023 7:00,5/30/2023 3:00,SOUTH,-4.574
5/30/2023 8:00,5/30/2023 4:00,SOUTH,-4.405
5/30/2023 9:00,5/30/2023 5:00,SOUTH,-4.598
5/30/2023 10:00,5/30/2023 6:00,SOUTH,28.101
5/30/2023 11:00,5/30/2023 7:00,SOUTH,155.361
5/30/2023 12:00,5/30/2023 8:00,SOUTH,342.674
5/30/2023 13:00,5/30/2023 9:00,SOUTH,699.606
5/30/2023 14:00,5/30/2023 10:00,SOUTH,873.844
5/30/2023 15:00,5/30/2023 11:00,SOUTH,1122.549
5/30/2023 16:00,5/30/2023 12:00,SOUTH,1247.72
5/30/2023 17:00,5/30/2023 13:00,SOUTH,1352.027
5/30/2023 18:00,5/30/2023 14:00,SOUTH,1250.464
5/30/2023 19:00,5/30/2023 15:00,SOUTH,986.319
5/30/2023 20:00,5/30/2023 16:00,SOUTH,820.796
5/30/2023 21:00,5/30/2023 17:00,SOUTH,555.575
5/30/2023 22:00,5/30/2023 18:00,SOUTH,479.687
5/30/2023 23:00,5/30/2023 19:00,SOUTH,131.014
5/31/2023 0:00,5/30/2023 20:00,SOUTH,0.448
5/31/2023 1:00,5/30/2023 21:00,SOUTH,-4.576
5/31/2023 2:00,5/30/2023 22:00,SOUTH,-4.495
5/31/2023 3:00,5/30/2023 23:00,SOUTH,-4.567
5/31/2023 4:00,5/31/2023 0:00,SOUTH,-4.358
5/31/2023 5:00,5/31/2023 1:00,SOUTH,-4.332
5/31/2023 6:00,5/31/2023 2:00,SOUTH,-4.576
5/31/2023 7:00,5/31/2023 3:00,SOUTH,-4.393
5/31/2023 8:00,5/31/2023 4:00,SOUTH,-4.533
5/31/2023 9:00,5/31/2023 5:00,SOUTH,-3.837
5/31/2023 10:00,5/31/2023 6:00,SOUTH,85.803
5/31/2023 11:00,5/31/2023 7:00,SOUTH,477.656
5/31/2023 12:00,5/31/2023 8:00,SOUTH,940.876
5/31/2023 13:00,5/31/2023 9:00,SOUTH,1283.1
5/31/2023 14:00,5/31/2023 10:00,SOUTH,1667.769
5/31/2023 15:00,5/31/2023 11:00,SOUTH,2054.932
5/31/2023 16:00,5/31/2023 12:00,SOUTH,2298.818
5/31/2023 17:00,5/31/2023 13:00,SOUTH,2437.48
5/31/2023 18:00,5/31/2023 14:00,SOUTH,2377.83
5/31/2023 19:00,5/31/2023 15:00,SOUTH,2240.168
5/31/2023 20:00,5/31/2023 16:00,SOUTH,2169.863
5/31/2023 21:00,5/31/2023 17:00,SOUTH,2089.671
5/31/2023 22:00,5/31/2023 18:00,SOUTH,1461.413
5/31/2023 23:00,5/31/2023 19:00,SOUTH,442.783
6/1/2023 0:00,5/31/2023 20:00,SOUTH,7.357
6/1/2023 1:00,5/31/2023 21:00,SOUTH,-4.564
6/1/2023 2:00,5/31/2023 22:00,SOUTH,-4.361
6/1/2023 3:00,5/31/2023 23:00,SOUTH,-4.43
6/1/2023 4:00,6/1/2023 0:00,SOUTH,-4.442
6/1/2023 5:00,6/1/2023 1:00,SOUTH,-4.417
6/1/2023 6:00,6/1/2023 2:00,SOUTH,-4.572
6/1/2023 7:00,6/1/2023 3:00,SOUTH,-4.296
6/1/2023 8:00,6/1/2023 4:00,SOUTH,-4.539
6/1/2023 9:00,6/1/2023 5:00,SOUTH,-3.974
6/1/2023 10:00,6/1/2023 6:00,SOUTH,110.293
6/1/2023 11:00,6/1/2023 7:00,SOUTH,557.125
6/1/2023 12:00,6/1/2023 8:00,SOUTH,992.834
6/1/2023 13:00,6/1/2023 9:00,SOUTH,1216.741
6/1/2023 14:00,6/1/2023 10:00,SOUTH,1328.027
6/1/2023 15:00,6/1/2023 11:00,SOUTH,1619.307
6/1/2023 16:00,6/1/2023 12:00,SOUTH,1706.574
6/1/2023 17:00,6/1/2023 13:00,SOUTH,1719.882
6/1/2023 18:00,6/1/2023 14:00,SOUTH,1711.42
6/1/2023 19:00,6/1/2023 15:00,SOUTH,1663.006
6/1/2023 20:00,6/1/2023 16:00,SOUTH,1612.114
6/1/2023 21:00,6/1/2023 17:00,SOUTH,1370.286
6/1/2023 22:00,6/1/2023 18:00,SOUTH,709.414
6/1/2023 23:00,6/1/2023 19:00,SOUTH,233.73
6/2/2023 0:00,6/1/2023 20:00,SOUTH,5.858
6/2/2023 1:00,6/1/2023 21:00,SOUTH,-4.442
6/2/2023 2:00,6/1/2023 22:00,SOUTH,-4.36
6/2/2023 3:00,6/1/2023 23:00,SOUTH,-4.41
6/2/2023 4:00,6/2/2023 0:00,SOUTH,-4.519
6/2/2023 5:00,6/2/2023 1:00,SOUTH,-4.555
6/2/2023 6:00,6/2/2023 2:00,SOUTH,-4.493
6/2/2023 7:00,6/2/2023 3:00,SOUTH,-4.337
6/2/2023 8:00,6/2/2023 4:00,SOUTH,-4.683
6/2/2023 9:00,6/2/2023 5:00,SOUTH,-3.166
6/2/2023 10:00,6/2/2023 6:00,SOUTH,188.583
6/2/2023 11:00,6/2/2023 7:00,SOUTH,930.026
6/2/2023 12:00,6/2/2023 8:00,SOUTH,1814.886
6/2/2023 13:00,6/2/2023 9:00,SOUTH,2296.373
6/2/2023 14:00,6/2/2023 10:00,SOUTH,2472.096
6/2/2023 15:00,6/2/2023 11:00,SOUTH,2516.859
6/2/2023 16:00,6/2/2023 12:00,SOUTH,2590.631
6/2/2023 17:00,6/2/2023 13:00,SOUTH,2682.28
6/2/2023 18:00,6/2/2023 14:00,SOUTH,2752.854
6/2/2023 19:00,6/2/2023 15:00,SOUTH,2716.326
6/2/2023 20:00,6/2/2023 16:00,SOUTH,2679.068
6/2/2023 21:00,6/2/2023 17:00,SOUTH,2490.605
6/2/2023 22:00,6/2/2023 18:00,SOUTH,1732.924
6/2/2023 23:00,6/2/2023 19:00,SOUTH,506.48
6/3/2023 0:00,6/2/2023 20:00,SOUTH,7.844
6/3/2023 1:00,6/2/2023 21:00,SOUTH,-4.753
6/3/2023 2:00,6/2/2023 22:00,SOUTH,-4.678
6/3/2023 3:00,6/2/2023 23:00,SOUTH,-4.6
6/3/2023 4:00,6/3/2023 0:00,SOUTH,-4.684
6/3/2023 5:00,6/3/2023 1:00,SOUTH,-4.582
6/3/2023 6:00,6/3/2023 2:00,SOUTH,-4.599
6/3/2023 7:00,6/3/2023 3:00,SOUTH,-4.638
6/3/2023 8:00,6/3/2023 4:00,SOUTH,-4.712
6/3/2023 9:00,6/3/2023 5:00,SOUTH,-3.476
6/3/2023 10:00,6/3/2023 6:00,SOUTH,189.925
6/3/2023 11:00,6/3/2023 7:00,SOUTH,1073.114
6/3/2023 12:00,6/3/2023 8:00,SOUTH,2178.556
6/3/2023 13:00,6/3/2023 9:00,SOUTH,2741.485
6/3/2023 14:00,6/3/2023 10:00,SOUTH,2906.563
6/3/2023 15:00,6/3/2023 11:00,SOUTH,2955.974
6/3/2023 16:00,6/3/2023 12:00,SOUTH,2952.934
6/3/2023 17:00,6/3/2023 13:00,SOUTH,2938.949
6/3/2023 18:00,6/3/2023 14:00,SOUTH,2903.235
6/3/2023 19:00,6/3/2023 15:00,SOUTH,2739.083
6/3/2023 20:00,6/3/2023 16:00,SOUTH,2456.781
6/3/2023 21:00,6/3/2023 17:00,SOUTH,1901.75
6/3/2023 22:00,6/3/2023 18:00,SOUTH,1079.713
6/3/2023 23:00,6/3/2023 19:00,SOUTH,287.399
6/4/2023 0:00,6/3/2023 20:00,SOUTH,2.679
6/4/2023 1:00,6/3/2023 21:00,SOUTH,-4.78
6/4/2023 2:00,6/3/2023 22:00,SOUTH,-4.599
6/4/2023 3:00,6/3/2023 23:00,SOUTH,-4.669
6/4/2023 4:00,6/4/2023 0:00,SOUTH,-4.559
6/4/2023 5:00,6/4/2023 1:00,SOUTH,-4.542
6/4/2023 6:00,6/4/2023 2:00,SOUTH,-4.537
6/4/2023 7:00,6/4/2023 3:00,SOUTH,-4.512
6/4/2023 8:00,6/4/2023 4:00,SOUTH,-4.512
6/4/2023 9:00,6/4/2023 5:00,SOUTH,-4.528
6/4/2023 10:00,6/4/2023 6:00,SOUTH,18.909
6/4/2023 11:00,6/4/2023 7:00,SOUTH,134.764
6/4/2023 12:00,6/4/2023 8:00,SOUTH,373.945
6/4/2023 13:00,6/4/2023 9:00,SOUTH,643.577
6/4/2023 14:00,6/4/2023 10:00,SOUTH,1097.229
6/4/2023 15:00,6/4/2023 11:00,SOUTH,1656.745
6/4/2023 16:00,6/4/2023 12:00,SOUTH,2082.773
6/4/2023 17:00,6/4/2023 13:00,SOUTH,2102.545
6/4/2023 18:00,6/4/2023 14:00,SOUTH,2205.472
6/4/2023 19:00,6/4/2023 15:00,SOUTH,1839.402
6/4/2023 20:00,6/4/2023 16:00,SOUTH,1773.826
6/4/2023 21:00,6/4/2023 17:00,SOUTH,1555.454
6/4/2023 22:00,6/4/2023 18:00,SOUTH,1101.453
6/4/2023 23:00,6/4/2023 19:00,SOUTH,336.779
6/5/2023 0:00,6/4/2023 20:00,SOUTH,7.443
6/5/2023 1:00,6/4/2023 21:00,SOUTH,-4.602
6/5/2023 2:00,6/4/2023 22:00,SOUTH,-4.522
6/5/2023 3:00,6/4/2023 23:00,SOUTH,-4.689
6/5/2023 4:00,6/5/2023 0:00,SOUTH,-4.551
6/5/2023 5:00,6/5/2023 1:00,SOUTH,-4.596
6/5/2023 6:00,6/5/2023 2:00,SOUTH,-4.614
6/5/2023 7:00,6/5/2023 3:00,SOUTH,-4.609
6/5/2023 8:00,6/5/2023 4:00,SOUTH,-4.431
6/5/2023 9:00,6/5/2023 5:00,SOUTH,-2.561
6/5/2023 10:00,6/5/2023 6:00,SOUTH,298.484
6/5/2023 11:00,6/5/2023 7:00,SOUTH,1543.874
6/5/2023 12:00,6/5/2023 8:00,SOUTH,2589.604
6/5/2023 13:00,6/5/2023 9:00,SOUTH,2799.016
6/5/2023 14:00,6/5/2023 10:00,SOUTH,2810.227
6/5/2023 15:00,6/5/2023 11:00,SOUTH,2752.802
6/5/2023 16:00,6/5/2023 12:00,SOUTH,2713.869
6/5/2023 17:00,6/5/2023 13:00,SOUTH,2661.176
6/5/2023 18:00,6/5/2023 14:00,SOUTH,2592.86
6/5/2023 19:00,6/5/2023 15:00,SOUTH,2631.55
6/5/2023 20:00,6/5/2023 16:00,SOUTH,2587.935
6/5/2023 21:00,6/5/2023 17:00,SOUTH,2292.935
6/5/2023 22:00,6/5/2023 18:00,SOUTH,1503.525
6/5/2023 23:00,6/5/2023 19:00,SOUTH,362.904
6/6/2023 0:00,6/5/2023 20:00,SOUTH,5.744
6/6/2023 1:00,6/5/2023 21:00,SOUTH,-4.661
6/6/2023 2:00,6/5/2023 22:00,SOUTH,-4.551
6/6/2023 3:00,6/5/2023 23:00,SOUTH,-4.636
6/6/2023 4:00,6/6/2023 0:00,SOUTH,-4.536
6/6/2023 5:00,6/6/2023 1:00,SOUTH,-4.603
6/6/2023 6:00,6/6/2023 2:00,SOUTH,-4.514
6/6/2023 7:00,6/6/2023 3:00,SOUTH,-4.495
6/6/2023 8:00,6/6/2023 4:00,SOUTH,-4.664
6/6/2023 9:00,6/6/2023 5:00,SOUTH,-3.41
6/6/2023 10:00,6/6/2023 6:00,SOUTH,152.875
6/6/2023 11:00,6/6/2023 7:00,SOUTH,775.783
6/6/2023 12:00,6/6/2023 8:00,SOUTH,1568.8
6/6/2023 13:00,6/6/2023 9:00,SOUTH,2159.936
6/6/2023 14:00,6/6/2023 10:00,SOUTH,2480.009
6/6/2023 15:00,6/6/2023 11:00,SOUTH,2597.138
6/6/2023 16:00,6/6/2023 12:00,SOUTH,2631.813
6/6/2023 17:00,6/6/2023 13:00,SOUTH,2677.224
6/6/2023 18:00,6/6/2023 14:00,SOUTH,2508.713
6/6/2023 19:00,6/6/2023 15:00,SOUTH,2300.022
6/6/2023 20:00,6/6/2023 16:00,SOUTH,1870.016
6/6/2023 21:00,6/6/2023 17:00,SOUTH,1325.765
6/6/2023 22:00,6/6/2023 18:00,SOUTH,736.35
6/6/2023 23:00,6/6/2023 19:00,SOUTH,251.155
6/7/2023 0:00,6/6/2023 20:00,SOUTH,5.269
6/7/2023 1:00,6/6/2023 21:00,SOUTH,-4.721
6/7/2023 2:00,6/6/2023 22:00,SOUTH,-4.658
6/7/2023 3:00,6/6/2023 23:00,SOUTH,-4.62
6/7/2023 4:00,6/7/2023 0:00,SOUTH,-4.584
6/7/2023 5:00,6/7/2023 1:00,SOUTH,-4.645
6/7/2023 6:00,6/7/2023 2:00,SOUTH,-4.526
6/7/2023 7:00,6/7/2023 3:00,SOUTH,-4.568
6/7/2023 8:00,6/7/2023 4:00,SOUTH,-4.672
6/7/2023 9:00,6/7/2023 5:00,SOUTH,-4.05
6/7/2023 10:00,6/7/2023 6:00,SOUTH,111.827
6/7/2023 11:00,6/7/2023 7:00,SOUTH,401.926
6/7/2023 12:00,6/7/2023 8:00,SOUTH,705.64
6/7/2023 13:00,6/7/2023 9:00,SOUTH,1195.299
6/7/2023 14:00,6/7/2023 10:00,SOUTH,1900.672
6/7/2023 15:00,6/7/2023 11:00,SOUTH,2074.79
6/7/2023 16:00,6/7/2023 12:00,SOUTH,2231.392
6/7/2023 17:00,6/7/2023 13:00,SOUTH,1908.202
6/7/2023 18:00,6/7/2023 14:00,SOUTH,1373.957
6/7/2023 19:00,6/7/2023 15:00,SOUTH,1163.312
6/7/2023 20:00,6/7/2023 16:00,SOUTH,824.153
6/7/2023 21:00,6/7/2023 17:00,SOUTH,450.238
6/7/2023 22:00,6/7/2023 18:00,SOUTH,249.458
6/7/2023 23:00,6/7/2023 19:00,SOUTH,103.135
6/8/2023 0:00,6/7/2023 20:00,SOUTH,1.915
6/8/2023 1:00,6/7/2023 21:00,SOUTH,-4.671
6/8/2023 2:00,6/7/2023 22:00,SOUTH,-4.456
6/8/2023 3:00,6/7/2023 23:00,SOUTH,-4.644
6/8/2023 4:00,6/8/2023 0:00,SOUTH,-4.278
6/8/2023 5:00,6/8/2023 1:00,SOUTH,-4.083
6/8/2023 6:00,6/8/2023 2:00,SOUTH,-4.152
6/8/2023 7:00,6/8/2023 3:00,SOUTH,-4.167
6/8/2023 8:00,6/8/2023 4:00,SOUTH,-4.209
6/8/2023 9:00,6/8/2023 5:00,SOUTH,-3.55
6/8/2023 10:00,6/8/2023 6:00,SOUTH,89.571
6/8/2023 11:00,6/8/2023 7:00,SOUTH,385.14
6/8/2023 12:00,6/8/2023 8:00,SOUTH,660.377
6/8/2023 13:00,6/8/2023 9:00,SOUTH,1139.041
6/8/2023 14:00,6/8/2023 10:00,SOUTH,1522.673
6/8/2023 15:00,6/8/2023 11:00,SOUTH,1835.441
6/8/2023 16:00,6/8/2023 12:00,SOUTH,2063.212
6/8/2023 17:00,6/8/2023 13:00,SOUTH,2087.23
6/8/2023 18:00,6/8/2023 14:00,SOUTH,2384.379
6/8/2023 19:00,6/8/2023 15:00,SOUTH,2295.396
6/8/2023 20:00,6/8/2023 16:00,SOUTH,2104.537
6/8/2023 21:00,6/8/2023 17:00,SOUTH,1888.795
6/8/2023 22:00,6/8/2023 18:00,SOUTH,1101.331
6/8/2023 23:00,6/8/2023 19:00,SOUTH,299.467
6/9/2023 0:00,6/8/2023 20:00,SOUTH,7.59
6/9/2023 1:00,6/8/2023 21:00,SOUTH,-4.129
6/9/2023 2:00,6/8/2023 22:00,SOUTH,-4.164
6/9/2023 3:00,6/8/2023 23:00,SOUTH,-4.226
6/9/2023 4:00,6/9/2023 0:00,SOUTH,-4.35
6/9/2023 5:00,6/9/2023 1:00,SOUTH,-4.389
6/9/2023 6:00,6/9/2023 2:00,SOUTH,-4.316
6/9/2023 7:00,6/9/2023 3:00,SOUTH,-4.423
6/9/2023 8:00,6/9/2023 4:00,SOUTH,-4.259
6/9/2023 9:00,6/9/2023 5:00,SOUTH,-3.231
6/9/2023 10:00,6/9/2023 6:00,SOUTH,185.812
6/9/2023 11:00,6/9/2023 7:00,SOUTH,1050.416
6/9/2023 12:00,6/9/2023 8:00,SOUTH,2086.667
6/9/2023 13:00,6/9/2023 9:00,SOUTH,2603.388
6/9/2023 14:00,6/9/2023 10:00,SOUTH,2707.145
6/9/2023 15:00,6/9/2023 11:00,SOUTH,2706.488
6/9/2023 16:00,6/9/2023 12:00,SOUTH,2628.759
6/9/2023 17:00,6/9/2023 13:00,SOUTH,2288.427
6/9/2023 18:00,6/9/2023 14:00,SOUTH,2506.972
6/9/2023 19:00,6/9/2023 15:00,SOUTH,2020.876
6/9/2023 20:00,6/9/2023 16:00,SOUTH,1734.179
6/9/2023 21:00,6/9/2023 17:00,SOUTH,1593.588
6/9/2023 22:00,6/9/2023 18:00,SOUTH,1154.062
6/9/2023 23:00,6/9/2023 19:00,SOUTH,341.666
6/10/2023 0:00,6/9/2023 20:00,SOUTH,14.075
6/10/2023 1:00,6/9/2023 21:00,SOUTH,-4.677
6/10/2023 2:00,6/9/2023 22:00,SOUTH,-4.37
6/10/2023 3:00,6/9/2023 23:00,SOUTH,-4.525
6/10/2023 4:00,6/10/2023 0:00,SOUTH,-4.504
6/10/2023 5:00,6/10/2023 1:00,SOUTH,-4.494
6/10/2023 6:00,6/10/2023 2:00,SOUTH,-4.475
6/10/2023 7:00,6/10/2023 3:00,SOUTH,-4.507
6/10/2023 8:00,6/10/2023 4:00,SOUTH,-4.535
6/10/2023 9:00,6/10/2023 5:00,SOUTH,-2.378
6/10/2023 10:00,6/10/2023 6:00,SOUTH,249.548
6/10/2023 11:00,6/10/2023 7:00,SOUTH,1322.617
6/10/2023 12:00,6/10/2023 8:00,SOUTH,2391.497
6/10/2023 13:00,6/10/2023 9:00,SOUTH,2795.292
6/10/2023 14:00,6/10/2023 10:00,SOUTH,2928.228
6/10/2023 15:00,6/10/2023 11:00,SOUTH,2983.985
6/10/2023 16:00,6/10/2023 12:00,SOUTH,3005.909
6/10/2023 17:00,6/10/2023 13:00,SOUTH,2986.854
6/10/2023 18:00,6/10/2023 14:00,SOUTH,2961.31
6/10/2023 19:00,6/10/2023 15:00,SOUTH,2908.037
6/10/2023 20:00,6/10/2023 16:00,SOUTH,2793.169
6/10/2023 21:00,6/10/2023 17:00,SOUTH,2480.824
6/10/2023 22:00,6/10/2023 18:00,SOUTH,1636.282
6/10/2023 23:00,6/10/2023 19:00,SOUTH,476.938
6/11/2023 0:00,6/10/2023 20:00,SOUTH,11.534
6/11/2023 1:00,6/10/2023 21:00,SOUTH,-4.843
6/11/2023 2:00,6/10/2023 22:00,SOUTH,-4.474
6/11/2023 3:00,6/10/2023 23:00,SOUTH,-4.495
6/11/2023 4:00,6/11/2023 0:00,SOUTH,-4.485
6/11/2023 5:00,6/11/2023 1:00,SOUTH,-4.482
6/11/2023 6:00,6/11/2023 2:00,SOUTH,-4.681
6/11/2023 7:00,6/11/2023 3:00,SOUTH,-4.291
6/11/2023 8:00,6/11/2023 4:00,SOUTH,-4.501
6/11/2023 9:00,6/11/2023 5:00,SOUTH,-2.201
6/11/2023 10:00,6/11/2023 6:00,SOUTH,218.695
6/11/2023 11:00,6/11/2023 7:00,SOUTH,1223.188
6/11/2023 12:00,6/11/2023 8:00,SOUTH,2244.321
6/11/2023 13:00,6/11/2023 9:00,SOUTH,2654.425
6/11/2023 14:00,6/11/2023 10:00,SOUTH,2879.763
6/11/2023 15:00,6/11/2023 11:00,SOUTH,2910.006
6/11/2023 16:00,6/11/2023 12:00,SOUTH,2830.005
6/11/2023 17:00,6/11/2023 13:00,SOUTH,2514.274
6/11/2023 18:00,6/11/2023 14:00,SOUTH,2491.604
6/11/2023 19:00,6/11/2023 15:00,SOUTH,2386.117
6/11/2023 20:00,6/11/2023 16:00,SOUTH,2180.533
6/11/2023 21:00,6/11/2023 17:00,SOUTH,1586.264
6/11/2023 22:00,6/11/2023 18:00,SOUTH,797.203
6/11/2023 23:00,6/11/2023 19:00,SOUTH,234.565
6/12/2023 0:00,6/11/2023 20:00,SOUTH,4.971
6/12/2023 1:00,6/11/2023 21:00,SOUTH,-4.864
6/12/2023 2:00,6/11/2023 22:00,SOUTH,-4.531
6/12/2023 3:00,6/11/2023 23:00,SOUTH,-4.523
6/12/2023 4:00,6/12/2023 0:00,SOUTH,-4.435
6/12/2023 5:00,6/12/2023 1:00,SOUTH,-4.514
6/12/2023 6:00,6/12/2023 2:00,SOUTH,-4.549
6/12/2023 7:00,6/12/2023 3:00,SOUTH,-4.426
6/12/2023 8:00,6/12/2023 4:00,SOUTH,-4.47
6/12/2023 9:00,6/12/2023 5:00,SOUTH,-3.82
6/12/2023 10:00,6/12/2023 6:00,SOUTH,117.222
6/12/2023 11:00,6/12/2023 7:00,SOUTH,591.715
6/12/2023 12:00,6/12/2023 8:00,SOUTH,798.069
6/12/2023 13:00,6/12/2023 9:00,SOUTH,926.97
6/12/2023 14:00,6/12/2023 10:00,SOUTH,1226.89
6/12/2023 15:00,6/12/2023 11:00,SOUTH,1510.08
6/12/2023 16:00,6/12/2023 12:00,SOUTH,1637.018
6/12/2023 17:00,6/12/2023 13:00,SOUTH,1659.248
6/12/2023 18:00,6/12/2023 14:00,SOUTH,1583.611
6/12/2023 19:00,6/12/2023 15:00,SOUTH,1686.584
6/12/2023 20:00,6/12/2023 16:00,SOUTH,1529.779
6/12/2023 21:00,6/12/2023 17:00,SOUTH,971.909
6/12/2023 22:00,6/12/2023 18:00,SOUTH,923.781
6/12/2023 23:00,6/12/2023 19:00,SOUTH,430.569
6/13/2023 0:00,6/12/2023 20:00,SOUTH,28.146
6/13/2023 1:00,6/12/2023 21:00,SOUTH,-4.89
6/13/2023 2:00,6/12/2023 22:00,SOUTH,-4.49
6/13/2023 3:00,6/12/2023 23:00,SOUTH,-4.477
6/13/2023 4:00,6/13/2023 0:00,SOUTH,-4.408
6/13/2023 5:00,6/13/2023 1:00,SOUTH,-4.463
6/13/2023 6:00,6/13/2023 2:00,SOUTH,-4.525
6/13/2023 7:00,6/13/2023 3:00,SOUTH,-4.373
6/13/2023 8:00,6/13/2023 4:00,SOUTH,-4.365
6/13/2023 9:00,6/13/2023 5:00,SOUTH,-2.501
6/13/2023 10:00,6/13/2023 6:00,SOUTH,271.509
6/13/2023 11:00,6/13/2023 7:00,SOUTH,1272.642
6/13/2023 12:00,6/13/2023 8:00,SOUTH,2165.806
6/13/2023 13:00,6/13/2023 9:00,SOUTH,2658.053
6/13/2023 14:00,6/13/2023 10:00,SOUTH,2653.279
6/13/2023 15:00,6/13/2023 11:00,SOUTH,2524.08
6/13/2023 16:00,6/13/2023 12:00,SOUTH,2390.175
6/13/2023 17:00,6/13/2023 13:00,SOUTH,2278.693
6/13/2023 18:00,6/13/2023 14:00,SOUTH,2228.84
6/13/2023 19:00,6/13/2023 15:00,SOUTH,2297.568
6/13/2023 20:00,6/13/2023 16:00,SOUTH,2367.123
6/13/2023 21:00,6/13/2023 17:00,SOUTH,2020.109
6/13/2023 22:00,6/13/2023 18:00,SOUTH,1423.552
6/13/2023 23:00,6/13/2023 19:00,SOUTH,436.659
6/14/2023 0:00,6/13/2023 20:00,SOUTH,22.229
6/14/2023 1:00,6/13/2023 21:00,SOUTH,-4.724
6/14/2023 2:00,6/13/2023 22:00,SOUTH,-4.606
6/14/2023 3:00,6/13/2023 23:00,SOUTH,-4.601
6/14/2023 4:00,6/14/2023 0:00,SOUTH,-4.385
6/14/2023 5:00,6/14/2023 1:00,SOUTH,-4.452
6/14/2023 6:00,6/14/2023 2:00,SOUTH,-4.549
6/14/2023 7:00,6/14/2023 3:00,SOUTH,-4.454
6/14/2023 8:00,6/14/2023 4:00,SOUTH,-4.435
6/14/2023 9:00,6/14/2023 5:00,SOUTH,-2.688
6/14/2023 10:00,6/14/2023 6:00,SOUTH,243.339
6/14/2023 11:00,6/14/2023 7:00,SOUTH,1255.115
6/14/2023 12:00,6/14/2023 8:00,SOUTH,2084.364
6/14/2023 13:00,6/14/2023 9:00,SOUTH,2320.576
6/14/2023 14:00,6/14/2023 10:00,SOUTH,2407.075
6/14/2023 15:00,6/14/2023 11:00,SOUTH,2756.157
6/14/2023 16:00,6/14/2023 12:00,SOUTH,2600.723
6/14/2023 17:00,6/14/2023 13:00,SOUTH,2104.897
6/14/2023 18:00,6/14/2023 14:00,SOUTH,1929.445
6/14/2023 19:00,6/14/2023 15:00,SOUTH,1957.504
6/14/2023 20:00,6/14/2023 16:00,SOUTH,2079.205
6/14/2023 21:00,6/14/2023 17:00,SOUTH,1909.824
6/14/2023 22:00,6/14/2023 18:00,SOUTH,1157.377
6/14/2023 23:00,6/14/2023 19:00,SOUTH,332.028
6/15/2023 0:00,6/14/2023 20:00,SOUTH,9.293
6/15/2023 1:00,6/14/2023 21:00,SOUTH,-4.704
6/15/2023 2:00,6/14/2023 22:00,SOUTH,-4.413
6/15/2023 3:00,6/14/2023 23:00,SOUTH,-4.356
6/15/2023 4:00,6/15/2023 0:00,SOUTH,-4.371
6/15/2023 5:00,6/15/2023 1:00,SOUTH,-4.243
6/15/2023 6:00,6/15/2023 2:00,SOUTH,-4.559
6/15/2023 7:00,6/15/2023 3:00,SOUTH,-4.418
6/15/2023 8:00,6/15/2023 4:00,SOUTH,-4.445
6/15/2023 9:00,6/15/2023 5:00,SOUTH,-2.954
6/15/2023 10:00,6/15/2023 6:00,SOUTH,214.675
6/15/2023 11:00,6/15/2023 7:00,SOUTH,1052.753
6/15/2023 12:00,6/15/2023 8:00,SOUTH,1766.102
6/15/2023 13:00,6/15/2023 9:00,SOUTH,2349.416
6/15/2023 14:00,6/15/2023 10:00,SOUTH,2611.089
6/15/2023 15:00,6/15/2023 11:00,SOUTH,2755.37
6/15/2023 16:00,6/15/2023 12:00,SOUTH,2716.49
6/15/2023 17:00,6/15/2023 13:00,SOUTH,2622.642
6/15/2023 18:00,6/15/2023 14:00,SOUTH,2440.532
6/15/2023 19:00,6/15/2023 15:00,SOUTH,2237.353
6/15/2023 20:00,6/15/2023 16:00,SOUTH,2086.829
6/15/2023 21:00,6/15/2023 17:00,SOUTH,1714.373
6/15/2023 22:00,6/15/2023 18:00,SOUTH,972.902
6/15/2023 23:00,6/15/2023 19:00,SOUTH,304.836
6/16/2023 0:00,6/15/2023 20:00,SOUTH,9.801
6/16/2023 1:00,6/15/2023 21:00,SOUTH,-4.476
6/16/2023 2:00,6/15/2023 22:00,SOUTH,-4.224
6/16/2023 3:00,6/15/2023 23:00,SOUTH,-4.347
6/16/2023 4:00,6/16/2023 0:00,SOUTH,-4.664
6/16/2023 5:00,6/16/2023 1:00,SOUTH,-4.632
6/16/2023 6:00,6/16/2023 2:00,SOUTH,-4.867
6/16/2023 7:00,6/16/2023 3:00,SOUTH,-4.609
6/16/2023 8:00,6/16/2023 4:00,SOUTH,-4.712
6/16/2023 9:00,6/16/2023 5:00,SOUTH,-3.755
6/16/2023 10:00,6/16/2023 6:00,SOUTH,167.053
6/16/2023 11:00,6/16/2023 7:00,SOUTH,874.228
6/16/2023 12:00,6/16/2023 8:00,SOUTH,1774.379
6/16/2023 13:00,6/16/2023 9:00,SOUTH,2043.481
6/16/2023 14:00,6/16/2023 10:00,SOUTH,2130.608
6/16/2023 15:00,6/16/2023 11:00,SOUTH,2404.276
6/16/2023 16:00,6/16/2023 12:00,SOUTH,2315.432
6/16/2023 17:00,6/16/2023 13:00,SOUTH,2293.974
6/16/2023 18:00,6/16/2023 14:00,SOUTH,2307.914
6/16/2023 19:00,6/16/2023 15:00,SOUTH,1650.898
6/16/2023 20:00,6/16/2023 16:00,SOUTH,1279.905
6/16/2023 21:00,6/16/2023 17:00,SOUTH,805.073
6/16/2023 22:00,6/16/2023 18:00,SOUTH,610.796
6/16/2023 23:00,6/16/2023 19:00,SOUTH,303.049
6/17/2023 0:00,6/16/2023 20:00,SOUTH,16.49
6/17/2023 1:00,6/16/2023 21:00,SOUTH,-4.913
6/17/2023 2:00,6/16/2023 22:00,SOUTH,-4.977
6/17/2023 3:00,6/16/2023 23:00,SOUTH,-4.65
6/17/2023 4:00,6/17/2023 0:00,SOUTH,-4.78
6/17/2023 5:00,6/17/2023 1:00,SOUTH,-4.896
6/17/2023 6:00,6/17/2023 2:00,SOUTH,-4.723
6/17/2023 7:00,6/17/2023 3:00,SOUTH,-4.63
6/17/2023 8:00,6/17/2023 4:00,SOUTH,-4.895
6/17/2023 9:00,6/17/2023 5:00,SOUTH,-3.23
6/17/2023 10:00,6/17/2023 6:00,SOUTH,201.521
6/17/2023 11:00,6/17/2023 7:00,SOUTH,1148.751
6/17/2023 12:00,6/17/2023 8:00,SOUTH,2241.009
6/17/2023 13:00,6/17/2023 9:00,SOUTH,2747.264
6/17/2023 14:00,6/17/2023 10:00,SOUTH,2923.924
6/17/2023 15:00,6/17/2023 11:00,SOUTH,2949.398
6/17/2023 16:00,6/17/2023 12:00,SOUTH,2809.731
6/17/2023 17:00,6/17/2023 13:00,SOUTH,2777.154
6/17/2023 18:00,6/17/2023 14:00,SOUTH,2711.316
6/17/2023 19:00,6/17/2023 15:00,SOUTH,2566.579
6/17/2023 20:00,6/17/2023 16:00,SOUTH,2371.537
6/17/2023 21:00,6/17/2023 17:00,SOUTH,2172.632
6/17/2023 22:00,6/17/2023 18:00,SOUTH,1460.265
6/17/2023 23:00,6/17/2023 19:00,SOUTH,445.617
6/18/2023 0:00,6/17/2023 20:00,SOUTH,14.852
6/18/2023 1:00,6/17/2023 21:00,SOUTH,-5.017
6/18/2023 2:00,6/17/2023 22:00,SOUTH,-4.973
6/18/2023 3:00,6/17/2023 23:00,SOUTH,-5.039
6/18/2023 4:00,6/18/2023 0:00,SOUTH,-4.854
6/18/2023 5:00,6/18/2023 1:00,SOUTH,-4.761
6/18/2023 6:00,6/18/2023 2:00,SOUTH,-4.879
6/18/2023 7:00,6/18/2023 3:00,SOUTH,-4.983
6/18/2023 8:00,6/18/2023 4:00,SOUTH,-4.785
6/18/2023 9:00,6/18/2023 5:00,SOUTH,-3.248
6/18/2023 10:00,6/18/2023 6:00,SOUTH,188.498
6/18/2023 11:00,6/18/2023 7:00,SOUTH,1057.814
6/18/2023 12:00,6/18/2023 8:00,SOUTH,2082.221
6/18/2023 13:00,6/18/2023 9:00,SOUTH,2602.407
6/18/2023 14:00,6/18/2023 10:00,SOUTH,2853.028
6/18/2023 15:00,6/18/2023 11:00,SOUTH,2917.471
6/18/2023 16:00,6/18/2023 12:00,SOUTH,2946.489
6/18/2023 17:00,6/18/2023 13:00,SOUTH,2861.676
6/18/2023 18:00,6/18/2023 14:00,SOUTH,2838.541
6/18/2023 19:00,6/18/2023 15:00,SOUTH,2756.532
6/18/2023 20:00,6/18/2023 16:00,SOUTH,2679.809
6/18/2023 21:00,6/18/2023 17:00,SOUTH,2382.563
6/18/2023 22:00,6/18/2023 18:00,SOUTH,1588.654
6/18/2023 23:00,6/18/2023 19:00,SOUTH,483.667
6/19/2023 0:00,6/18/2023 20:00,SOUTH,18.133
6/19/2023 1:00,6/18/2023 21:00,SOUTH,-5.357
6/19/2023 2:00,6/18/2023 22:00,SOUTH,-5.049
6/19/2023 3:00,6/18/2023 23:00,SOUTH,-4.903
6/19/2023 4:00,6/19/2023 0:00,SOUTH,-5.021
6/19/2023 5:00,6/19/2023 1:00,SOUTH,-4.822
6/19/2023 6:00,6/19/2023 2:00,SOUTH,-4.956
6/19/2023 7:00,6/19/2023 3:00,SOUTH,-4.787
6/19/2023 8:00,6/19/2023 4:00,SOUTH,-5.111
6/19/2023 9:00,6/19/2023 5:00,SOUTH,-2.112
6/19/2023 10:00,6/19/2023 6:00,SOUTH,174.305
6/19/2023 11:00,6/19/2023 7:00,SOUTH,743.156
6/19/2023 12:00,6/19/2023 8:00,SOUTH,1632.775
6/19/2023 13:00,6/19/2023 9:00,SOUTH,2053.45
6/19/2023 14:00,6/19/2023 10:00,SOUTH,2340.175
6/19/2023 15:00,6/19/2023 11:00,SOUTH,2428.337
6/19/2023 16:00,6/19/2023 12:00,SOUTH,2443.42
6/19/2023 17:00,6/19/2023 13:00,SOUTH,2446.526
6/19/2023 18:00,6/19/2023 14:00,SOUTH,2171.797
6/19/2023 19:00,6/19/2023 15:00,SOUTH,2026.529
6/19/2023 20:00,6/19/2023 16:00,SOUTH,1616.789
6/19/2023 21:00,6/19/2023 17:00,SOUTH,757.483
6/19/2023 22:00,6/19/2023 18:00,SOUTH,351.325
6/19/2023 23:00,6/19/2023 19:00,SOUTH,119.6
6/20/2023 0:00,6/19/2023 20:00,SOUTH,1.065
6/20/2023 1:00,6/19/2023 21:00,SOUTH,-5.169
6/20/2023 2:00,6/19/2023 22:00,SOUTH,-4.981
6/20/2023 3:00,6/19/2023 23:00,SOUTH,-4.85
6/20/2023 4:00,6/20/2023 0:00,SOUTH,-4.68
6/20/2023 5:00,6/20/2023 1:00,SOUTH,-4.893
6/20/2023 6:00,6/20/2023 2:00,SOUTH,-4.999
6/20/2023 7:00,6/20/2023 3:00,SOUTH,-4.861
6/20/2023 8:00,6/20/2023 4:00,SOUTH,-4.796
6/20/2023 9:00,6/20/2023 5:00,SOUTH,-4.857
6/20/2023 10:00,6/20/2023 6:00,SOUTH,43.92
6/20/2023 11:00,6/20/2023 7:00,SOUTH,186.488
6/20/2023 12:00,6/20/2023 8:00,SOUTH,321.673
6/20/2023 13:00,6/20/2023 9:00,SOUTH,531.167
6/20/2023 14:00,6/20/2023 10:00,SOUTH,896.449
6/20/2023 15:00,6/20/2023 11:00,SOUTH,1242.672
6/20/2023 16:00,6/20/2023 12:00,SOUTH,1518.703
6/20/2023 17:00,6/20/2023 13:00,SOUTH,1500.296
6/20/2023 18:00,6/20/2023 14:00,SOUTH,1138.445
6/20/2023 19:00,6/20/2023 15:00,SOUTH,906.363
6/20/2023 20:00,6/20/2023 16:00,SOUTH,643.645
6/20/2023 21:00,6/20/2023 17:00,SOUTH,356.578
6/20/2023 22:00,6/20/2023 18:00,SOUTH,206.981
6/20/2023 23:00,6/20/2023 19:00,SOUTH,89.667
6/21/2023 0:00,6/20/2023 20:00,SOUTH,-0.118
6/21/2023 1:00,6/20/2023 21:00,SOUTH,-4.889
6/21/2023 2:00,6/20/2023 22:00,SOUTH,-4.814
6/21/2023 3:00,6/20/2023 23:00,SOUTH,-4.764
6/21/2023 4:00,6/21/2023 0:00,SOUTH,-4.737
6/21/2023 5:00,6/21/2023 1:00,SOUTH,-4.878
6/21/2023 6:00,6/21/2023 2:00,SOUTH,-4.74
6/21/2023 7:00,6/21/2023 3:00,SOUTH,-4.673
6/21/2023 8:00,6/21/2023 4:00,SOUTH,-4.787
6/21/2023 9:00,6/21/2023 5:00,SOUTH,-4.678
6/21/2023 10:00,6/21/2023 6:00,SOUTH,28.38
6/21/2023 11:00,6/21/2023 7:00,SOUTH,149.408
6/21/2023 12:00,6/21/2023 8:00,SOUTH,270.424
6/21/2023 13:00,6/21/2023 9:00,SOUTH,416.066
6/21/2023 14:00,6/21/2023 10:00,SOUTH,551.708
6/21/2023 15:00,6/21/2023 11:00,SOUTH,697.001
6/21/2023 16:00,6/21/2023 12:00,SOUTH,648.954
6/21/2023 17:00,6/21/2023 13:00,SOUTH,852.22
6/21/2023 18:00,6/21/2023 14:00,SOUTH,811.313
6/21/2023 19:00,6/21/2023 15:00,SOUTH,798.054
6/21/2023 20:00,6/21/2023 16:00,SOUTH,641.923
6/21/2023 21:00,6/21/2023 17:00,SOUTH,529.494
6/21/2023 22:00,6/21/2023 18:00,SOUTH,278.31
6/21/2023 23:00,6/21/2023 19:00,SOUTH,84.588
6/22/2023 0:00,6/21/2023 20:00,SOUTH,2.487
6/22/2023 1:00,6/21/2023 21:00,SOUTH,-4.619
6/22/2023 2:00,6/21/2023 22:00,SOUTH,-4.436
6/22/2023 3:00,6/21/2023 23:00,SOUTH,-4.754
6/22/2023 4:00,6/22/2023 0:00,SOUTH,-4.675
6/22/2023 5:00,6/22/2023 1:00,SOUTH,-4.773
6/22/2023 6:00,6/22/2023 2:00,SOUTH,-4.672
6/22/2023 7:00,6/22/2023 3:00,SOUTH,-4.574
6/22/2023 8:00,6/22/2023 4:00,SOUTH,-4.289
6/22/2023 9:00,6/22/2023 5:00,SOUTH,-3.91
6/22/2023 10:00,6/22/2023 6:00,SOUTH,48.554
6/22/2023 11:00,6/22/2023 7:00,SOUTH,205.124
6/22/2023 12:00,6/22/2023 8:00,SOUTH,378.088
6/22/2023 13:00,6/22/2023 9:00,SOUTH,577.542
6/22/2023 14:00,6/22/2023 10:00,SOUTH,925.974
6/22/2023 15:00,6/22/2023 11:00,SOUTH,1436.908
6/22/2023 16:00,6/22/2023 12:00,SOUTH,1470.376
6/22/2023 17:00,6/22/2023 13:00,SOUTH,967.602
6/22/2023 18:00,6/22/2023 14:00,SOUTH,654.975
6/22/2023 19:00,6/22/2023 15:00,SOUTH,724.63
6/22/2023 20:00,6/22/2023 16:00,SOUTH,707.479
6/22/2023 21:00,6/22/2023 17:00,SOUTH,552.334
6/22/2023 22:00,6/22/2023 18:00,SOUTH,585.921
6/22/2023 23:00,6/22/2023 19:00,SOUTH,189.306
6/23/2023 0:00,6/22/2023 20:00,SOUTH,3.603
6/23/2023 1:00,6/22/2023 21:00,SOUTH,-4.744
6/23/2023 2:00,6/22/2023 22:00,SOUTH,-4.716
6/23/2023 3:00,6/22/2023 23:00,SOUTH,-4.722
6/23/2023 4:00,6/23/2023 0:00,SOUTH,-4.665
6/23/2023 5:00,6/23/2023 1:00,SOUTH,-4.57
6/23/2023 6:00,6/23/2023 2:00,SOUTH,-4.596
6/23/2023 7:00,6/23/2023 3:00,SOUTH,-4.786
6/23/2023 8:00,6/23/2023 4:00,SOUTH,-4.566
6/23/2023 9:00,6/23/2023 5:00,SOUTH,-4.446
6/23/2023 10:00,6/23/2023 6:00,SOUTH,55.217
6/23/2023 11:00,6/23/2023 7:00,SOUTH,441.06
6/23/2023 12:00,6/23/2023 8:00,SOUTH,809.237
6/23/2023 13:00,6/23/2023 9:00,SOUTH,1052.818
6/23/2023 14:00,6/23/2023 10:00,SOUTH,1275.721
6/23/2023 15:00,6/23/2023 11:00,SOUTH,1733.28
6/23/2023 16:00,6/23/2023 12:00,SOUTH,1819.191
6/23/2023 17:00,6/23/2023 13:00,SOUTH,1930.09
6/23/2023 18:00,6/23/2023 14:00,SOUTH,1587.097
6/23/2023 19:00,6/23/2023 15:00,SOUTH,1348.21
6/23/2023 20:00,6/23/2023 16:00,SOUTH,943.873
6/23/2023 21:00,6/23/2023 17:00,SOUTH,864.875
6/23/2023 22:00,6/23/2023 18:00,SOUTH,424.982
6/23/2023 23:00,6/23/2023 19:00,SOUTH,205.541
6/24/2023 0:00,6/23/2023 20:00,SOUTH,6.72
6/24/2023 1:00,6/23/2023 21:00,SOUTH,-4.724
6/24/2023 2:00,6/23/2023 22:00,SOUTH,-4.86
6/24/2023 3:00,6/23/2023 23:00,SOUTH,-4.544
6/24/2023 4:00,6/24/2023 0:00,SOUTH,-4.758
6/24/2023 5:00,6/24/2023 1:00,SOUTH,-4.527
6/24/2023 6:00,6/24/2023 2:00,SOUTH,-4.686
6/24/2023 7:00,6/24/2023 3:00,SOUTH,-4.714
6/24/2023 8:00,6/24/2023 4:00,SOUTH,-4.732
6/24/2023 9:00,6/24/2023 5:00,SOUTH,-4.295
6/24/2023 10:00,6/24/2023 6:00,SOUTH,113.649
6/24/2023 11:00,6/24/2023 7:00,SOUTH,671.636
6/24/2023 12:00,6/24/2023 8:00,SOUTH,1354.688
6/24/2023 13:00,6/24/2023 9:00,SOUTH,1718.188
6/24/2023 14:00,6/24/2023 10:00,SOUTH,2273.408
6/24/2023 15:00,6/24/2023 11:00,SOUTH,2516.149
6/24/2023 16:00,6/24/2023 12:00,SOUTH,2550.506
6/24/2023 17:00,6/24/2023 13:00,SOUTH,2581.855
6/24/2023 18:00,6/24/2023 14:00,SOUTH,2361.281
6/24/2023 19:00,6/24/2023 15:00,SOUTH,2460.379
6/24/2023 20:00,6/24/2023 16:00,SOUTH,1998.824
6/24/2023 21:00,6/24/2023 17:00,SOUTH,1367.257
6/24/2023 22:00,6/24/2023 18:00,SOUTH,1073.59
6/24/2023 23:00,6/24/2023 19:00,SOUTH,317.563
6/25/2023 0:00,6/24/2023 20:00,SOUTH,17.007
6/25/2023 1:00,6/24/2023 21:00,SOUTH,-4.975
6/25/2023 2:00,6/24/2023 22:00,SOUTH,-4.852
6/25/2023 3:00,6/24/2023 23:00,SOUTH,-4.654
6/25/2023 4:00,6/25/2023 0:00,SOUTH,-4.658
6/25/2023 5:00,6/25/2023 1:00,SOUTH,-4.917
6/25/2023 6:00,6/25/2023 2:00,SOUTH,-4.623
6/25/2023 7:00,6/25/2023 3:00,SOUTH,-4.85
6/25/2023 8:00,6/25/2023 4:00,SOUTH,-4.72
6/25/2023 9:00,6/25/2023 5:00,SOUTH,-3.707
6/25/2023 10:00,6/25/2023 6:00,SOUTH,191.323
6/25/2023 11:00,6/25/2023 7:00,SOUTH,1250.707
6/25/2023 12:00,6/25/2023 8:00,SOUTH,2176.493
6/25/2023 13:00,6/25/2023 9:00,SOUTH,2580.465
6/25/2023 14:00,6/25/2023 10:00,SOUTH,2913.733
6/25/2023 15:00,6/25/2023 11:00,SOUTH,2742.919
6/25/2023 16:00,6/25/2023 12:00,SOUTH,2526.698
6/25/2023 17:00,6/25/2023 13:00,SOUTH,2381.946
6/25/2023 18:00,6/25/2023 14:00,SOUTH,2300.212
6/25/2023 19:00,6/25/2023 15:00,SOUTH,2284.996
6/25/2023 20:00,6/25/2023 16:00,SOUTH,2221.562
6/25/2023 21:00,6/25/2023 17:00,SOUTH,2195.969
6/25/2023 22:00,6/25/2023 18:00,SOUTH,1651.164
6/25/2023 23:00,6/25/2023 19:00,SOUTH,444.67
6/26/2023 0:00,6/25/2023 20:00,SOUTH,20.001
6/26/2023 1:00,6/25/2023 21:00,SOUTH,-5.024
6/26/2023 2:00,6/25/2023 22:00,SOUTH,-4.834
6/26/2023 3:00,6/25/2023 23:00,SOUTH,-4.731
6/26/2023 4:00,6/26/2023 0:00,SOUTH,-4.449
6/26/2023 5:00,6/26/2023 1:00,SOUTH,-4.533
6/26/2023 6:00,6/26/2023 2:00,SOUTH,-3.182
6/26/2023 7:00,6/26/2023 3:00,SOUTH,-4.477
6/26/2023 8:00,6/26/2023 4:00,SOUTH,-4.643
6/26/2023 9:00,6/26/2023 5:00,SOUTH,-4.189
6/26/2023 10:00,6/26/2023 6:00,SOUTH,110.121
6/26/2023 11:00,6/26/2023 7:00,SOUTH,764.838
6/26/2023 12:00,6/26/2023 8:00,SOUTH,1517.852
6/26/2023 13:00,6/26/2023 9:00,SOUTH,2075.814
6/26/2023 14:00,6/26/2023 10:00,SOUTH,2481.032
6/26/2023 15:00,6/26/2023 11:00,SOUTH,2349.753
6/26/2023 16:00,6/26/2023 12:00,SOUTH,1948.728
6/26/2023 17:00,6/26/2023 13:00,SOUTH,2186.226
6/26/2023 18:00,6/26/2023 14:00,SOUTH,2554.904
6/26/2023 19:00,6/26/2023 15:00,SOUTH,2557.402
6/26/2023 20:00,6/26/2023 16:00,SOUTH,2453.841
6/26/2023 21:00,6/26/2023 17:00,SOUTH,2018.426
6/26/2023 22:00,6/26/2023 18:00,SOUTH,1396.662
6/26/2023 23:00,6/26/2023 19:00,SOUTH,386.104
6/27/2023 0:00,6/26/2023 20:00,SOUTH,10.7
6/27/2023 1:00,6/26/2023 21:00,SOUTH,-4.605
6/27/2023 2:00,6/26/2023 22:00,SOUTH,-4.329
6/27/2023 3:00,6/26/2023 23:00,SOUTH,-4.161
6/27/2023 4:00,6/27/2023 0:00,SOUTH,-4.253
6/27/2023 5:00,6/27/2023 1:00,SOUTH,-4.131
6/27/2023 6:00,6/27/2023 2:00,SOUTH,-4.071
6/27/2023 7:00,6/27/2023 3:00,SOUTH,-3.972
6/27/2023 8:00,6/27/2023 4:00,SOUTH,-4.028
6/27/2023 9:00,6/27/2023 5:00,SOUTH,-3.797
6/27/2023 10:00,6/27/2023 6:00,SOUTH,141.727
6/27/2023 11:00,6/27/2023 7:00,SOUTH,932.75
6/27/2023 12:00,6/27/2023 8:00,SOUTH,1783.682
6/27/2023 13:00,6/27/2023 9:00,SOUTH,2333.381
6/27/2023 14:00,6/27/2023 10:00,SOUTH,2753.333
6/27/2023 15:00,6/27/2023 11:00,SOUTH,2796.458
6/27/2023 16:00,6/27/2023 12:00,SOUTH,2706.798
6/27/2023 17:00,6/27/2023 13:00,SOUTH,2581.795
6/27/2023 18:00,6/27/2023 14:00,SOUTH,2362.534
6/27/2023 19:00,6/27/2023 15:00,SOUTH,2152.786
6/27/2023 20:00,6/27/2023 16:00,SOUTH,1904.042
6/27/2023 21:00,6/27/2023 17:00,SOUTH,1676.179
6/27/2023 22:00,6/27/2023 18:00,SOUTH,1103.206
6/27/2023 23:00,6/27/2023 19:00,SOUTH,445.714
6/28/2023 0:00,6/27/2023 20:00,SOUTH,18.584
6/28/2023 1:00,6/27/2023 21:00,SOUTH,-4.659
6/28/2023 2:00,6/27/2023 22:00,SOUTH,-4.561
6/28/2023 3:00,6/27/2023 23:00,SOUTH,-4.49
6/28/2023 4:00,6/28/2023 0:00,SOUTH,-4.139
6/28/2023 5:00,6/28/2023 1:00,SOUTH,-4.456
6/28/2023 6:00,6/28/2023 2:00,SOUTH,-4.274
6/28/2023 7:00,6/28/2023 3:00,SOUTH,-4.344
6/28/2023 8:00,6/28/2023 4:00,SOUTH,-4.36
6/28/2023 9:00,6/28/2023 5:00,SOUTH,-3.874
6/28/2023 10:00,6/28/2023 6:00,SOUTH,203.194
6/28/2023 11:00,6/28/2023 7:00,SOUTH,965.307
6/28/2023 12:00,6/28/2023 8:00,SOUTH,1880.049
6/28/2023 13:00,6/28/2023 9:00,SOUTH,2184.406
6/28/2023 14:00,6/28/2023 10:00,SOUTH,2740.429
6/28/2023 15:00,6/28/2023 11:00,SOUTH,2628.97
6/28/2023 16:00,6/28/2023 12:00,SOUTH,2460.195
6/28/2023 17:00,6/28/2023 13:00,SOUTH,2360.383
6/28/2023 18:00,6/28/2023 14:00,SOUTH,2264.859
6/28/2023 19:00,6/28/2023 15:00,SOUTH,2256.085
6/28/2023 20:00,6/28/2023 16:00,SOUTH,2296.722
6/28/2023 21:00,6/28/2023 17:00,SOUTH,2077.589
6/28/2023 22:00,6/28/2023 18:00,SOUTH,1445.495
6/28/2023 23:00,6/28/2023 19:00,SOUTH,420.995
6/29/2023 0:00,6/28/2023 20:00,SOUTH,19.077
6/29/2023 1:00,6/28/2023 21:00,SOUTH,-4.657
6/29/2023 2:00,6/28/2023 22:00,SOUTH,-4.516
6/29/2023 3:00,6/28/2023 23:00,SOUTH,-4.231
6/29/2023 4:00,6/29/2023 0:00,SOUTH,-4.339
6/29/2023 5:00,6/29/2023 1:00,SOUTH,-3.953
6/29/2023 6:00,6/29/2023 2:00,SOUTH,-4.011
6/29/2023 7:00,6/29/2023 3:00,SOUTH,-3.894
6/29/2023 8:00,6/29/2023 4:00,SOUTH,-4
6/29/2023 9:00,6/29/2023 5:00,SOUTH,-3.369
6/29/2023 10:00,6/29/2023 6:00,SOUTH,157.966
6/29/2023 11:00,6/29/2023 7:00,SOUTH,926.68
6/29/2023 12:00,6/29/2023 8:00,SOUTH,1895.637
6/29/2023 13:00,6/29/2023 9:00,SOUTH,2420.153
6/29/2023 14:00,6/29/2023 10:00,SOUTH,2635.038
6/29/2023 15:00,6/29/2023 11:00,SOUTH,2728.129
6/29/2023 16:00,6/29/2023 12:00,SOUTH,2759.721
6/29/2023 17:00,6/29/2023 13:00,SOUTH,2688.334
6/29/2023 18:00,6/29/2023 14:00,SOUTH,2583.92
6/29/2023 19:00,6/29/2023 15:00,SOUTH,2465.175
6/29/2023 20:00,6/29/2023 16:00,SOUTH,2331.75
6/29/2023 21:00,6/29/2023 17:00,SOUTH,2044.336
6/29/2023 22:00,6/29/2023 18:00,SOUTH,1282.343
6/29/2023 23:00,6/29/2023 19:00,SOUTH,356.606
6/30/2023 0:00,6/29/2023 20:00,SOUTH,7.164
6/30/2023 1:00,6/29/2023 21:00,SOUTH,-4.635
6/30/2023 2:00,6/29/2023 22:00,SOUTH,-4.641
6/30/2023 3:00,6/29/2023 23:00,SOUTH,-4.251
6/30/2023 4:00,6/30/2023 0:00,SOUTH,-4.404
6/30/2023 5:00,6/30/2023 1:00,SOUTH,-4.405
6/30/2023 6:00,6/30/2023 2:00,SOUTH,-4.476
6/30/2023 7:00,6/30/2023 3:00,SOUTH,-4.263
6/30/2023 8:00,6/30/2023 4:00,SOUTH,-4.415
6/30/2023 9:00,6/30/2023 5:00,SOUTH,-3.492
6/30/2023 10:00,6/30/2023 6:00,SOUTH,149.077
6/30/2023 11:00,6/30/2023 7:00,SOUTH,685.615
6/30/2023 12:00,6/30/2023 8:00,SOUTH,1280.926
6/30/2023 13:00,6/30/2023 9:00,SOUTH,1949.229
6/30/2023 14:00,6/30/2023 10:00,SOUTH,2308.71
6/30/2023 15:00,6/30/2023 11:00,SOUTH,2206.087
6/30/2023 16:00,6/30/2023 12:00,SOUTH,2286.727
6/30/2023 17:00,6/30/2023 13:00,SOUTH,2389.142
6/30/2023 18:00,6/30/2023 14:00,SOUTH,2285.17
6/30/2023 19:00,6/30/2023 15:00,SOUTH,2024.039
6/30/2023 20:00,6/30/2023 16:00,SOUTH,1761.252
6/30/2023 21:00,6/30/2023 17:00,SOUTH,1664.297
6/30/2023 22:00,6/30/2023 18:00,SOUTH,1145.104
6/30/2023 23:00,6/30/2023 19:00,SOUTH,283.946
7/1/2023 0:00,6/30/2023 20:00,SOUTH,11.083
7/1/2023 1:00,6/30/2023 21:00,SOUTH,-4.786
7/1/2023 2:00,6/30/2023 22:00,SOUTH,-4.984
7/1/2023 3:00,6/30/2023 23:00,SOUTH,-4.514
7/1/2023 4:00,7/1/2023 0:00,SOUTH,-4.539
7/1/2023 5:00,7/1/2023 1:00,SOUTH,-4.666
7/1/2023 6:00,7/1/2023 2:00,SOUTH,-4.69
7/1/2023 7:00,7/1/2023 3:00,SOUTH,-4.733
7/1/2023 8:00,7/1/2023 4:00,SOUTH,-4.76
7/1/2023 9:00,7/1/2023 5:00,SOUTH,-3.649
7/1/2023 10:00,7/1/2023 6:00,SOUTH,143.67
7/1/2023 11:00,7/1/2023 7:00,SOUTH,798.273
7/1/2023 12:00,7/1/2023 8:00,SOUTH,1660.212
7/1/2023 13:00,7/1/2023 9:00,SOUTH,2164.007
7/1/2023 14:00,7/1/2023 10:00,SOUTH,2688.683
7/1/2023 15:00,7/1/2023 11:00,SOUTH,2800.02
7/1/2023 16:00,7/1/2023 12:00,SOUTH,2711.333
7/1/2023 17:00,7/1/2023 13:00,SOUTH,2730.499
7/1/2023 18:00,7/1/2023 14:00,SOUTH,2565.316
7/1/2023 19:00,7/1/2023 15:00,SOUTH,2243.774
7/1/2023 20:00,7/1/2023 16:00,SOUTH,1808.435
7/1/2023 21:00,7/1/2023 17:00,SOUTH,1039.125
7/1/2023 22:00,7/1/2023 18:00,SOUTH,604.856
7/1/2023 23:00,7/1/2023 19:00,SOUTH,190.283
7/2/2023 0:00,7/1/2023 20:00,SOUTH,11.942
7/2/2023 1:00,7/1/2023 21:00,SOUTH,-4.86
7/2/2023 2:00,7/1/2023 22:00,SOUTH,-4.712
7/2/2023 3:00,7/1/2023 23:00,SOUTH,-4.589
7/2/2023 4:00,7/2/2023 0:00,SOUTH,-4.707
7/2/2023 5:00,7/2/2023 1:00,SOUTH,-4.563
7/2/2023 6:00,7/2/2023 2:00,SOUTH,-4.727
7/2/2023 7:00,7/2/2023 3:00,SOUTH,-4.865
7/2/2023 8:00,7/2/2023 4:00,SOUTH,-4.734
7/2/2023 9:00,7/2/2023 5:00,SOUTH,-3.177
7/2/2023 10:00,7/2/2023 6:00,SOUTH,163.426
7/2/2023 11:00,7/2/2023 7:00,SOUTH,1111.035
7/2/2023 12:00,7/2/2023 8:00,SOUTH,2043.553
7/2/2023 13:00,7/2/2023 9:00,SOUTH,2053.053
7/2/2023 14:00,7/2/2023 10:00,SOUTH,2501.067
7/2/2023 15:00,7/2/2023 11:00,SOUTH,2614.032
7/2/2023 16:00,7/2/2023 12:00,SOUTH,2808.557
7/2/2023 17:00,7/2/2023 13:00,SOUTH,2619.13
7/2/2023 18:00,7/2/2023 14:00,SOUTH,2480.441
7/2/2023 19:00,7/2/2023 15:00,SOUTH,2335.114
7/2/2023 20:00,7/2/2023 16:00,SOUTH,2191.128
7/2/2023 21:00,7/2/2023 17:00,SOUTH,1891.812
7/2/2023 22:00,7/2/2023 18:00,SOUTH,1328.481
7/2/2023 23:00,7/2/2023 19:00,SOUTH,551.626
7/3/2023 0:00,7/2/2023 20:00,SOUTH,15.054
7/3/2023 1:00,7/2/2023 21:00,SOUTH,-5.009
7/3/2023 2:00,7/2/2023 22:00,SOUTH,-4.792
7/3/2023 3:00,7/2/2023 23:00,SOUTH,-4.559
7/3/2023 4:00,7/3/2023 0:00,SOUTH,-4.782
7/3/2023 5:00,7/3/2023 1:00,SOUTH,-4.631
7/3/2023 6:00,7/3/2023 2:00,SOUTH,-4.656
7/3/2023 7:00,7/3/2023 3:00,SOUTH,-4.541
7/3/2023 8:00,7/3/2023 4:00,SOUTH,-4.756
7/3/2023 9:00,7/3/2023 5:00,SOUTH,-2.535
7/3/2023 10:00,7/3/2023 6:00,SOUTH,161.628
7/3/2023 11:00,7/3/2023 7:00,SOUTH,879.276
7/3/2023 12:00,7/3/2023 8:00,SOUTH,1347.556
7/3/2023 13:00,7/3/2023 9:00,SOUTH,1932.797
7/3/2023 14:00,7/3/2023 10:00,SOUTH,2341.924
7/3/2023 15:00,7/3/2023 11:00,SOUTH,2511.152
7/3/2023 16:00,7/3/2023 12:00,SOUTH,2653.41
7/3/2023 17:00,7/3/2023 13:00,SOUTH,2592.729
7/3/2023 18:00,7/3/2023 14:00,SOUTH,2270.159
7/3/2023 19:00,7/3/2023 15:00,SOUTH,1853.275
7/3/2023 20:00,7/3/2023 16:00,SOUTH,1550.738
7/3/2023 21:00,7/3/2023 17:00,SOUTH,1425.867
7/3/2023 22:00,7/3/2023 18:00,SOUTH,884.604
7/3/2023 23:00,7/3/2023 19:00,SOUTH,262.115
7/4/2023 0:00,7/3/2023 20:00,SOUTH,19.59
7/4/2023 1:00,7/3/2023 21:00,SOUTH,-4.931
7/4/2023 2:00,7/3/2023 22:00,SOUTH,-4.826
7/4/2023 3:00,7/3/2023 23:00,SOUTH,-4.589
7/4/2023 4:00,7/4/2023 0:00,SOUTH,-4.623
7/4/2023 5:00,7/4/2023 1:00,SOUTH,-4.561
7/4/2023 6:00,7/4/2023 2:00,SOUTH,-4.607
7/4/2023 7:00,7/4/2023 3:00,SOUTH,-4.627
7/4/2023 8:00,7/4/2023 4:00,SOUTH,-4.613
7/4/2023 9:00,7/4/2023 5:00,SOUTH,-1.75
7/4/2023 10:00,7/4/2023 6:00,SOUTH,183.626
7/4/2023 11:00,7/4/2023 7:00,SOUTH,1009.055
7/4/2023 12:00,7/4/2023 8:00,SOUTH,2017.288
7/4/2023 13:00,7/4/2023 9:00,SOUTH,2625.204
7/4/2023 14:00,7/4/2023 10:00,SOUTH,2851.612
7/4/2023 15:00,7/4/2023 11:00,SOUTH,2707.777
7/4/2023 16:00,7/4/2023 12:00,SOUTH,2664.536
7/4/2023 17:00,7/4/2023 13:00,SOUTH,2738.85
7/4/2023 18:00,7/4/2023 14:00,SOUTH,2601.043
7/4/2023 19:00,7/4/2023 15:00,SOUTH,2606.799
7/4/2023 20:00,7/4/2023 16:00,SOUTH,2543.474
7/4/2023 21:00,7/4/2023 17:00,SOUTH,2112.559
7/4/2023 22:00,7/4/2023 18:00,SOUTH,1439.603
7/4/2023 23:00,7/4/2023 19:00,SOUTH,502.372
7/5/2023 0:00,7/4/2023 20:00,SOUTH,17.529
7/5/2023 1:00,7/4/2023 21:00,SOUTH,-5.022
7/5/2023 2:00,7/4/2023 22:00,SOUTH,-4.774
7/5/2023 3:00,7/4/2023 23:00,SOUTH,-4.607
7/5/2023 4:00,7/5/2023 0:00,SOUTH,-4.834
7/5/2023 5:00,7/5/2023 1:00,SOUTH,-4.522
7/5/2023 6:00,7/5/2023 2:00,SOUTH,-4.592
7/5/2023 7:00,7/5/2023 3:00,SOUTH,-4.735
7/5/2023 8:00,7/5/2023 4:00,SOUTH,-4.711
7/5/2023 9:00,7/5/2023 5:00,SOUTH,-3.519
7/5/2023 10:00,7/5/2023 6:00,SOUTH,179.373
7/5/2023 11:00,7/5/2023 7:00,SOUTH,861.115
7/5/2023 12:00,7/5/2023 8:00,SOUTH,1768.39
7/5/2023 13:00,7/5/2023 9:00,SOUTH,2281.385
7/5/2023 14:00,7/5/2023 10:00,SOUTH,2617.597
7/5/2023 15:00,7/5/2023 11:00,SOUTH,2690.605
7/5/2023 16:00,7/5/2023 12:00,SOUTH,2621.151
7/5/2023 17:00,7/5/2023 13:00,SOUTH,2512.191
7/5/2023 18:00,7/5/2023 14:00,SOUTH,2461.09
7/5/2023 19:00,7/5/2023 15:00,SOUTH,2238.4
7/5/2023 20:00,7/5/2023 16:00,SOUTH,1764.349
7/5/2023 21:00,7/5/2023 17:00,SOUTH,1361.702
7/5/2023 22:00,7/5/2023 18:00,SOUTH,1016.41
7/5/2023 23:00,7/5/2023 19:00,SOUTH,431.555
7/6/2023 0:00,7/5/2023 20:00,SOUTH,23.164
7/6/2023 1:00,7/5/2023 21:00,SOUTH,-4.85
7/6/2023 2:00,7/5/2023 22:00,SOUTH,-4.832
7/6/2023 3:00,7/5/2023 23:00,SOUTH,-4.581
7/6/2023 4:00,7/6/2023 0:00,SOUTH,-4.522
7/6/2023 5:00,7/6/2023 1:00,SOUTH,-4.259
7/6/2023 6:00,7/6/2023 2:00,SOUTH,-4.627
7/6/2023 7:00,7/6/2023 3:00,SOUTH,-4.828
7/6/2023 8:00,7/6/2023 4:00,SOUTH,-4.579
7/6/2023 9:00,7/6/2023 5:00,SOUTH,-2.806
7/6/2023 10:00,7/6/2023 6:00,SOUTH,119.136
7/6/2023 11:00,7/6/2023 7:00,SOUTH,684.343
7/6/2023 12:00,7/6/2023 8:00,SOUTH,1422.758
7/6/2023 13:00,7/6/2023 9:00,SOUTH,1402.388
7/6/2023 14:00,7/6/2023 10:00,SOUTH,1598.31
7/6/2023 15:00,7/6/2023 11:00,SOUTH,1870.855
7/6/2023 16:00,7/6/2023 12:00,SOUTH,2273.223
7/6/2023 17:00,7/6/2023 13:00,SOUTH,2257.615
7/6/2023 18:00,7/6/2023 14:00,SOUTH,2145.571
7/6/2023 19:00,7/6/2023 15:00,SOUTH,1820.622
7/6/2023 20:00,7/6/2023 16:00,SOUTH,1941.112
7/6/2023 21:00,7/6/2023 17:00,SOUTH,1950.477
7/6/2023 22:00,7/6/2023 18:00,SOUTH,1305.224
7/6/2023 23:00,7/6/2023 19:00,SOUTH,449.912
7/7/2023 0:00,7/6/2023 20:00,SOUTH,12.883
7/7/2023 1:00,7/6/2023 21:00,SOUTH,-4.886
7/7/2023 2:00,7/6/2023 22:00,SOUTH,-4.879
7/7/2023 3:00,7/6/2023 23:00,SOUTH,-4.632
7/7/2023 4:00,7/7/2023 0:00,SOUTH,-4.561
7/7/2023 5:00,7/7/2023 1:00,SOUTH,-4.714
7/7/2023 6:00,7/7/2023 2:00,SOUTH,-4.599
7/7/2023 7:00,7/7/2023 3:00,SOUTH,-4.766
7/7/2023 8:00,7/7/2023 4:00,SOUTH,-4.577
7/7/2023 9:00,7/7/2023 5:00,SOUTH,-2.713
7/7/2023 10:00,7/7/2023 6:00,SOUTH,177.336
7/7/2023 11:00,7/7/2023 7:00,SOUTH,1096.648
7/7/2023 12:00,7/7/2023 8:00,SOUTH,2196.984
7/7/2023 13:00,7/7/2023 9:00,SOUTH,2574.899
7/7/2023 14:00,7/7/2023 10:00,SOUTH,2655.1
7/7/2023 15:00,7/7/2023 11:00,SOUTH,2622.331
7/7/2023 16:00,7/7/2023 12:00,SOUTH,2487.631
7/7/2023 17:00,7/7/2023 13:00,SOUTH,2202.005
7/7/2023 18:00,7/7/2023 14:00,SOUTH,2045.547
7/7/2023 19:00,7/7/2023 15:00,SOUTH,1815.976
7/7/2023 20:00,7/7/2023 16:00,SOUTH,1660.993
7/7/2023 21:00,7/7/2023 17:00,SOUTH,984.846
7/7/2023 22:00,7/7/2023 18:00,SOUTH,382.396
7/7/2023 23:00,7/7/2023 19:00,SOUTH,230.278
7/8/2023 0:00,7/7/2023 20:00,SOUTH,30.097
7/8/2023 1:00,7/7/2023 21:00,SOUTH,-2.541
7/8/2023 2:00,7/7/2023 22:00,SOUTH,-4.749
7/8/2023 3:00,7/7/2023 23:00,SOUTH,-4.673
7/8/2023 4:00,7/8/2023 0:00,SOUTH,-4.605
7/8/2023 5:00,7/8/2023 1:00,SOUTH,-4.805
7/8/2023 6:00,7/8/2023 2:00,SOUTH,-4.67
7/8/2023 7:00,7/8/2023 3:00,SOUTH,-4.877
7/8/2023 8:00,7/8/2023 4:00,SOUTH,-4.851
7/8/2023 9:00,7/8/2023 5:00,SOUTH,-3.46
7/8/2023 10:00,7/8/2023 6:00,SOUTH,135.443
7/8/2023 11:00,7/8/2023 7:00,SOUTH,996.538
7/8/2023 12:00,7/8/2023 8:00,SOUTH,2088.679
7/8/2023 13:00,7/8/2023 9:00,SOUTH,2311.489
7/8/2023 14:00,7/8/2023 10:00,SOUTH,2580.068
7/8/2023 15:00,7/8/2023 11:00,SOUTH,2530.855
7/8/2023 16:00,7/8/2023 12:00,SOUTH,2345.779
7/8/2023 17:00,7/8/2023 13:00,SOUTH,2107.618
7/8/2023 18:00,7/8/2023 14:00,SOUTH,1938.596
7/8/2023 19:00,7/8/2023 15:00,SOUTH,1413.021
7/8/2023 20:00,7/8/2023 16:00,SOUTH,1224.165
7/8/2023 21:00,7/8/2023 17:00,SOUTH,1004.076
7/8/2023 22:00,7/8/2023 18:00,SOUTH,692.637
7/8/2023 23:00,7/8/2023 19:00,SOUTH,232.926
7/9/2023 0:00,7/8/2023 20:00,SOUTH,2.945
7/9/2023 1:00,7/8/2023 21:00,SOUTH,-5.073
7/9/2023 2:00,7/8/2023 22:00,SOUTH,-4.95
7/9/2023 3:00,7/8/2023 23:00,SOUTH,-4.568
7/9/2023 4:00,7/9/2023 0:00,SOUTH,-4.84
7/9/2023 5:00,7/9/2023 1:00,SOUTH,-4.787
7/9/2023 6:00,7/9/2023 2:00,SOUTH,-4.719
7/9/2023 7:00,7/9/2023 3:00,SOUTH,-4.942
7/9/2023 8:00,7/9/2023 4:00,SOUTH,-4.838
7/9/2023 9:00,7/9/2023 5:00,SOUTH,-3.848
7/9/2023 10:00,7/9/2023 6:00,SOUTH,99.333
7/9/2023 11:00,7/9/2023 7:00,SOUTH,690.618
7/9/2023 12:00,7/9/2023 8:00,SOUTH,1534.255
7/9/2023 13:00,7/9/2023 9:00,SOUTH,1801.343
7/9/2023 14:00,7/9/2023 10:00,SOUTH,2142.726
7/9/2023 15:00,7/9/2023 11:00,SOUTH,2116.45
7/9/2023 16:00,7/9/2023 12:00,SOUTH,2116.998
7/9/2023 17:00,7/9/2023 13:00,SOUTH,1750.823
7/9/2023 18:00,7/9/2023 14:00,SOUTH,1007.387
7/9/2023 19:00,7/9/2023 15:00,SOUTH,721.223
7/9/2023 20:00,7/9/2023 16:00,SOUTH,739.281
7/9/2023 21:00,7/9/2023 17:00,SOUTH,1184.847
7/9/2023 22:00,7/9/2023 18:00,SOUTH,1184.21
7/9/2023 23:00,7/9/2023 19:00,SOUTH,360.379
7/10/2023 0:00,7/9/2023 20:00,SOUTH,5.375
7/10/2023 1:00,7/9/2023 21:00,SOUTH,-4.772
7/10/2023 2:00,7/9/2023 22:00,SOUTH,-4.719
7/10/2023 3:00,7/9/2023 23:00,SOUTH,-4.386
7/10/2023 4:00,7/10/2023 0:00,SOUTH,-4.502
7/10/2023 5:00,7/10/2023 1:00,SOUTH,-4.504
7/10/2023 6:00,7/10/2023 2:00,SOUTH,-4.578
7/10/2023 7:00,7/10/2023 3:00,SOUTH,-4.58
7/10/2023 8:00,7/10/2023 4:00,SOUTH,-4.378
7/10/2023 9:00,7/10/2023 5:00,SOUTH,-4.6
7/10/2023 10:00,7/10/2023 6:00,SOUTH,77.914
7/10/2023 11:00,7/10/2023 7:00,SOUTH,467.157
7/10/2023 12:00,7/10/2023 8:00,SOUTH,841.267
7/10/2023 13:00,7/10/2023 9:00,SOUTH,1427.419
7/10/2023 14:00,7/10/2023 10:00,SOUTH,1886.801
7/10/2023 15:00,7/10/2023 11:00,SOUTH,2039.178
7/10/2023 16:00,7/10/2023 12:00,SOUTH,2123.075
7/10/2023 17:00,7/10/2023 13:00,SOUTH,1954.408
7/10/2023 18:00,7/10/2023 14:00,SOUTH,1787.062
7/10/2023 19:00,7/10/2023 15:00,SOUTH,1833.667
7/10/2023 20:00,7/10/2023 16:00,SOUTH,1640.105
7/10/2023 21:00,7/10/2023 17:00,SOUTH,1748.111
7/10/2023 22:00,7/10/2023 18:00,SOUTH,1370.172
7/10/2023 23:00,7/10/2023 19:00,SOUTH,534.163
7/11/2023 0:00,7/10/2023 20:00,SOUTH,24.138
7/11/2023 1:00,7/10/2023 21:00,SOUTH,-4.919
7/11/2023 2:00,7/10/2023 22:00,SOUTH,-4.907
7/11/2023 3:00,7/10/2023 23:00,SOUTH,-4.762
7/11/2023 4:00,7/11/2023 0:00,SOUTH,-4.673
7/11/2023 5:00,7/11/2023 1:00,SOUTH,-4.744
7/11/2023 6:00,7/11/2023 2:00,SOUTH,-4.696
7/11/2023 7:00,7/11/2023 3:00,SOUTH,-4.762
7/11/2023 8:00,7/11/2023 4:00,SOUTH,-4.944
7/11/2023 9:00,7/11/2023 5:00,SOUTH,-3.912
7/11/2023 10:00,7/11/2023 6:00,SOUTH,195.837
7/11/2023 11:00,7/11/2023 7:00,SOUTH,1349.073
7/11/2023 12:00,7/11/2023 8:00,SOUTH,2535.026
7/11/2023 13:00,7/11/2023 9:00,SOUTH,2835.758
7/11/2023 14:00,7/11/2023 10:00,SOUTH,2914.209
7/11/2023 15:00,7/11/2023 11:00,SOUTH,2890.426
7/11/2023 16:00,7/11/2023 12:00,SOUTH,2698.026
7/11/2023 17:00,7/11/2023 13:00,SOUTH,2656.757
7/11/2023 18:00,7/11/2023 14:00,SOUTH,2586.174
7/11/2023 19:00,7/11/2023 15:00,SOUTH,2549.758
7/11/2023 20:00,7/11/2023 16:00,SOUTH,2519.131
7/11/2023 21:00,7/11/2023 17:00,SOUTH,2299.465
7/11/2023 22:00,7/11/2023 18:00,SOUTH,1681.35
7/11/2023 23:00,7/11/2023 19:00,SOUTH,563.836
7/12/2023 0:00,7/11/2023 20:00,SOUTH,21.699
7/12/2023 1:00,7/11/2023 21:00,SOUTH,-4.817
7/12/2023 2:00,7/11/2023 22:00,SOUTH,-4.624
7/12/2023 3:00,7/11/2023 23:00,SOUTH,-4.524
7/12/2023 4:00,7/12/2023 0:00,SOUTH,-4.484
7/12/2023 5:00,7/12/2023 1:00,SOUTH,-4.673
7/12/2023 6:00,7/12/2023 2:00,SOUTH,-4.622
7/12/2023 7:00,7/12/2023 3:00,SOUTH,-4.536
7/12/2023 8:00,7/12/2023 4:00,SOUTH,-4.689
7/12/2023 9:00,7/12/2023 5:00,SOUTH,-4.562
7/12/2023 10:00,7/12/2023 6:00,SOUTH,163.861
7/12/2023 11:00,7/12/2023 7:00,SOUTH,1184.238
7/12/2023 12:00,7/12/2023 8:00,SOUTH,2346.088
7/12/2023 13:00,7/12/2023 9:00,SOUTH,2786.974
7/12/2023 14:00,7/12/2023 10:00,SOUTH,2900.766
7/12/2023 15:00,7/12/2023 11:00,SOUTH,2920.914
7/12/2023 16:00,7/12/2023 12:00,SOUTH,2848.792
7/12/2023 17:00,7/12/2023 13:00,SOUTH,2756.599
7/12/2023 18:00,7/12/2023 14:00,SOUTH,2828.102
7/12/2023 19:00,7/12/2023 15:00,SOUTH,2782.539
7/12/2023 20:00,7/12/2023 16:00,SOUTH,2684.915
7/12/2023 21:00,7/12/2023 17:00,SOUTH,2553.238
7/12/2023 22:00,7/12/2023 18:00,SOUTH,1863.754
7/12/2023 23:00,7/12/2023 19:00,SOUTH,601.151
7/13/2023 0:00,7/12/2023 20:00,SOUTH,18.159
7/13/2023 1:00,7/12/2023 21:00,SOUTH,-4.951
7/13/2023 2:00,7/12/2023 22:00,SOUTH,-4.989
7/13/2023 3:00,7/12/2023 23:00,SOUTH,-4.607
7/13/2023 4:00,7/13/2023 0:00,SOUTH,-3.977
7/13/2023 5:00,7/13/2023 1:00,SOUTH,-3.887
7/13/2023 6:00,7/13/2023 2:00,SOUTH,-4.081
7/13/2023 7:00,7/13/2023 3:00,SOUTH,-4.136
7/13/2023 8:00,7/13/2023 4:00,SOUTH,-4.17
7/13/2023 9:00,7/13/2023 5:00,SOUTH,-4.014
7/13/2023 10:00,7/13/2023 6:00,SOUTH,160.226
7/13/2023 11:00,7/13/2023 7:00,SOUTH,1183.723
7/13/2023 12:00,7/13/2023 8:00,SOUTH,2375.021
7/13/2023 13:00,7/13/2023 9:00,SOUTH,2793.242
7/13/2023 14:00,7/13/2023 10:00,SOUTH,3001.504
7/13/2023 15:00,7/13/2023 11:00,SOUTH,3010.146
7/13/2023 16:00,7/13/2023 12:00,SOUTH,2981.338
7/13/2023 17:00,7/13/2023 13:00,SOUTH,2849.021
7/13/2023 18:00,7/13/2023 14:00,SOUTH,2658.017
7/13/2023 19:00,7/13/2023 15:00,SOUTH,2381.833
7/13/2023 20:00,7/13/2023 16:00,SOUTH,1860.105
7/13/2023 21:00,7/13/2023 17:00,SOUTH,1281.18
7/13/2023 22:00,7/13/2023 18:00,SOUTH,605.706
7/13/2023 23:00,7/13/2023 19:00,SOUTH,209.928
7/14/2023 0:00,7/13/2023 20:00,SOUTH,1.631
7/14/2023 1:00,7/13/2023 21:00,SOUTH,-4.446
7/14/2023 2:00,7/13/2023 22:00,SOUTH,-4.363
7/14/2023 3:00,7/13/2023 23:00,SOUTH,-4.106
7/14/2023 4:00,7/14/2023 0:00,SOUTH,-4.717
7/14/2023 5:00,7/14/2023 1:00,SOUTH,-4.603
7/14/2023 6:00,7/14/2023 2:00,SOUTH,-4.85
7/14/2023 7:00,7/14/2023 3:00,SOUTH,-4.454
7/14/2023 8:00,7/14/2023 4:00,SOUTH,-4.952
7/14/2023 9:00,7/14/2023 5:00,SOUTH,-4.795
7/14/2023 10:00,7/14/2023 6:00,SOUTH,17.914
7/14/2023 11:00,7/14/2023 7:00,SOUTH,118.467
7/14/2023 12:00,7/14/2023 8:00,SOUTH,437.724
7/14/2023 13:00,7/14/2023 9:00,SOUTH,845.093
7/14/2023 14:00,7/14/2023 10:00,SOUTH,1467.287
7/14/2023 15:00,7/14/2023 11:00,SOUTH,1886.471
7/14/2023 16:00,7/14/2023 12:00,SOUTH,2307.333
7/14/2023 17:00,7/14/2023 13:00,SOUTH,2418.082
7/14/2023 18:00,7/14/2023 14:00,SOUTH,2426.57
7/14/2023 19:00,7/14/2023 15:00,SOUTH,2447.277
7/14/2023 20:00,7/14/2023 16:00,SOUTH,1892.063
7/14/2023 21:00,7/14/2023 17:00,SOUTH,1626.95
7/14/2023 22:00,7/14/2023 18:00,SOUTH,1365.118
7/14/2023 23:00,7/14/2023 19:00,SOUTH,413.202
7/15/2023 0:00,7/14/2023 20:00,SOUTH,15.351
7/15/2023 1:00,7/14/2023 21:00,SOUTH,-4.823
7/15/2023 2:00,7/14/2023 22:00,SOUTH,-4.639
7/15/2023 3:00,7/14/2023 23:00,SOUTH,-4.474
7/15/2023 4:00,7/15/2023 0:00,SOUTH,-4.448
7/15/2023 5:00,7/15/2023 1:00,SOUTH,-4.356
7/15/2023 6:00,7/15/2023 2:00,SOUTH,-4.384
7/15/2023 7:00,7/15/2023 3:00,SOUTH,-4.481
7/15/2023 8:00,7/15/2023 4:00,SOUTH,-4.759
7/15/2023 9:00,7/15/2023 5:00,SOUTH,-4.566
7/15/2023 10:00,7/15/2023 6:00,SOUTH,76.278
7/15/2023 11:00,7/15/2023 7:00,SOUTH,640.427
7/15/2023 12:00,7/15/2023 8:00,SOUTH,1500.703
7/15/2023 13:00,7/15/2023 9:00,SOUTH,1989.978
7/15/2023 14:00,7/15/2023 10:00,SOUTH,2329.698
7/15/2023 15:00,7/15/2023 11:00,SOUTH,2470.127
7/15/2023 16:00,7/15/2023 12:00,SOUTH,2478.537
7/15/2023 17:00,7/15/2023 13:00,SOUTH,2375.373
7/15/2023 18:00,7/15/2023 14:00,SOUTH,2274.84
7/15/2023 19:00,7/15/2023 15:00,SOUTH,2185.976
7/15/2023 20:00,7/15/2023 16:00,SOUTH,1688.22
7/15/2023 21:00,7/15/2023 17:00,SOUTH,1571.96
7/15/2023 22:00,7/15/2023 18:00,SOUTH,860.349
7/15/2023 23:00,7/15/2023 19:00,SOUTH,205.066
7/16/2023 0:00,7/15/2023 20:00,SOUTH,3.129
7/16/2023 1:00,7/15/2023 21:00,SOUTH,-4.947
7/16/2023 2:00,7/15/2023 22:00,SOUTH,-4.76
7/16/2023 3:00,7/15/2023 23:00,SOUTH,-4.794
7/16/2023 4:00,7/16/2023 0:00,SOUTH,-4.686
7/16/2023 5:00,7/16/2023 1:00,SOUTH,-4.828
7/16/2023 6:00,7/16/2023 2:00,SOUTH,-4.55
7/16/2023 7:00,7/16/2023 3:00,SOUTH,-4.691
7/16/2023 8:00,7/16/2023 4:00,SOUTH,-4.695
7/16/2023 9:00,7/16/2023 5:00,SOUTH,-4.648
7/16/2023 10:00,7/16/2023 6:00,SOUTH,29.022
7/16/2023 11:00,7/16/2023 7:00,SOUTH,220.737
7/16/2023 12:00,7/16/2023 8:00,SOUTH,553.313
7/16/2023 13:00,7/16/2023 9:00,SOUTH,821.9
7/16/2023 14:00,7/16/2023 10:00,SOUTH,1151.376
7/16/2023 15:00,7/16/2023 11:00,SOUTH,1417.429
7/16/2023 16:00,7/16/2023 12:00,SOUTH,1637.478
7/16/2023 17:00,7/16/2023 13:00,SOUTH,1799.182
7/16/2023 18:00,7/16/2023 14:00,SOUTH,2264.582
7/16/2023 19:00,7/16/2023 15:00,SOUTH,2404.958
7/16/2023 20:00,7/16/2023 16:00,SOUTH,2405.381
7/16/2023 21:00,7/16/2023 17:00,SOUTH,2288.88
7/16/2023 22:00,7/16/2023 18:00,SOUTH,1660.577
7/16/2023 23:00,7/16/2023 19:00,SOUTH,471.786
7/17/2023 0:00,7/16/2023 20:00,SOUTH,9.445
7/17/2023 1:00,7/16/2023 21:00,SOUTH,-4.873
7/17/2023 2:00,7/16/2023 22:00,SOUTH,-4.884
7/17/2023 3:00,7/16/2023 23:00,SOUTH,-4.806
7/17/2023 4:00,7/17/2023 0:00,SOUTH,-4.813
7/17/2023 5:00,7/17/2023 1:00,SOUTH,-4.747
7/17/2023 6:00,7/17/2023 2:00,SOUTH,-4.788
7/17/2023 7:00,7/17/2023 3:00,SOUTH,-4.805
7/17/2023 8:00,7/17/2023 4:00,SOUTH,-4.923
7/17/2023 9:00,7/17/2023 5:00,SOUTH,-4.945
7/17/2023 10:00,7/17/2023 6:00,SOUTH,104.924
7/17/2023 11:00,7/17/2023 7:00,SOUTH,721.721
7/17/2023 12:00,7/17/2023 8:00,SOUTH,1533.455
7/17/2023 13:00,7/17/2023 9:00,SOUTH,2075.965
7/17/2023 14:00,7/17/2023 10:00,SOUTH,2569.206
7/17/2023 15:00,7/17/2023 11:00,SOUTH,2724.213
7/17/2023 16:00,7/17/2023 12:00,SOUTH,2687.888
7/17/2023 17:00,7/17/2023 13:00,SOUTH,2610.665
7/17/2023 18:00,7/17/2023 14:00,SOUTH,2589.159
7/17/2023 19:00,7/17/2023 15:00,SOUTH,2517.747
7/17/2023 20:00,7/17/2023 16:00,SOUTH,2354.488
7/17/2023 21:00,7/17/2023 17:00,SOUTH,1967.775
7/17/2023 22:00,7/17/2023 18:00,SOUTH,1129.018
7/17/2023 23:00,7/17/2023 19:00,SOUTH,324.363
7/18/2023 0:00,7/17/2023 20:00,SOUTH,7.589
7/18/2023 1:00,7/17/2023 21:00,SOUTH,-4.937
7/18/2023 2:00,7/17/2023 22:00,SOUTH,-4.8
7/18/2023 3:00,7/17/2023 23:00,SOUTH,-4.721
7/18/2023 4:00,7/18/2023 0:00,SOUTH,-4.575
7/18/2023 5:00,7/18/2023 1:00,SOUTH,-4.502
7/18/2023 6:00,7/18/2023 2:00,SOUTH,-4.641
7/18/2023 7:00,7/18/2023 3:00,SOUTH,-4.721
7/18/2023 8:00,7/18/2023 4:00,SOUTH,-4.52
7/18/2023 9:00,7/18/2023 5:00,SOUTH,-4.68
7/18/2023 10:00,7/18/2023 6:00,SOUTH,76.884
7/18/2023 11:00,7/18/2023 7:00,SOUTH,679.353
7/18/2023 12:00,7/18/2023 8:00,SOUTH,1675.263
7/18/2023 13:00,7/18/2023 9:00,SOUTH,2368.081
7/18/2023 14:00,7/18/2023 10:00,SOUTH,2736.181
7/18/2023 15:00,7/18/2023 11:00,SOUTH,2911.842
7/18/2023 16:00,7/18/2023 12:00,SOUTH,2975.013
7/18/2023 17:00,7/18/2023 13:00,SOUTH,2991.829
7/18/2023 18:00,7/18/2023 14:00,SOUTH,2942.165
7/18/2023 19:00,7/18/2023 15:00,SOUTH,2880.287
7/18/2023 20:00,7/18/2023 16:00,SOUTH,2657.925
7/18/2023 21:00,7/18/2023 17:00,SOUTH,2267.741
7/18/2023 22:00,7/18/2023 18:00,SOUTH,1419.362
7/18/2023 23:00,7/18/2023 19:00,SOUTH,398.65
7/19/2023 0:00,7/18/2023 20:00,SOUTH,11.385
7/19/2023 1:00,7/18/2023 21:00,SOUTH,1.848
7/19/2023 2:00,7/18/2023 22:00,SOUTH,1.756
7/19/2023 3:00,7/18/2023 23:00,SOUTH,2.033
7/19/2023 4:00,7/19/2023 0:00,SOUTH,2.138
7/19/2023 5:00,7/19/2023 1:00,SOUTH,2.087
7/19/2023 6:00,7/19/2023 2:00,SOUTH,1.899
7/19/2023 7:00,7/19/2023 3:00,SOUTH,1.805
7/19/2023 8:00,7/19/2023 4:00,SOUTH,2.096
7/19/2023 9:00,7/19/2023 5:00,SOUTH,1.905
7/19/2023 10:00,7/19/2023 6:00,SOUTH,71.148
7/19/2023 11:00,7/19/2023 7:00,SOUTH,526.989
7/19/2023 12:00,7/19/2023 8:00,SOUTH,801.078
7/19/2023 13:00,7/19/2023 9:00,SOUTH,975.407
7/19/2023 14:00,7/19/2023 10:00,SOUTH,1236.985
7/19/2023 15:00,7/19/2023 11:00,SOUTH,1424.992
7/19/2023 16:00,7/19/2023 12:00,SOUTH,1507.264
7/19/2023 17:00,7/19/2023 13:00,SOUTH,1521.039
7/19/2023 18:00,7/19/2023 14:00,SOUTH,1579.13
7/19/2023 19:00,7/19/2023 15:00,SOUTH,1614.285
7/19/2023 20:00,7/19/2023 16:00,SOUTH,1447.839
7/19/2023 21:00,7/19/2023 17:00,SOUTH,1340.794
7/19/2023 22:00,7/19/2023 18:00,SOUTH,818.111
7/19/2023 23:00,7/19/2023 19:00,SOUTH,371.815
7/20/2023 0:00,7/19/2023 20:00,SOUTH,22.822
7/20/2023 1:00,7/19/2023 21:00,SOUTH,1.755
7/20/2023 2:00,7/19/2023 22:00,SOUTH,1.777
7/20/2023 3:00,7/19/2023 23:00,SOUTH,2.058
7/20/2023 4:00,7/20/2023 0:00,SOUTH,1.988
7/20/2023 5:00,7/20/2023 1:00,SOUTH,2.133
7/20/2023 6:00,7/20/2023 2:00,SOUTH,1.982
7/20/2023 7:00,7/20/2023 3:00,SOUTH,1.963
7/20/2023 8:00,7/20/2023 4:00,SOUTH,1.909
7/20/2023 9:00,7/20/2023 5:00,SOUTH,1.979
7/20/2023 10:00,7/20/2023 6:00,SOUTH,119.959
7/20/2023 11:00,7/20/2023 7:00,SOUTH,1024.038
7/20/2023 12:00,7/20/2023 8:00,SOUTH,2155.78
7/20/2023 13:00,7/20/2023 9:00,SOUTH,2564.519
7/20/2023 14:00,7/20/2023 10:00,SOUTH,2512.705
7/20/2023 15:00,7/20/2023 11:00,SOUTH,2565.182
7/20/2023 16:00,7/20/2023 12:00,SOUTH,2354.878
7/20/2023 17:00,7/20/2023 13:00,SOUTH,2400.719
7/20/2023 18:00,7/20/2023 14:00,SOUTH,2436.083
7/20/2023 19:00,7/20/2023 15:00,SOUTH,2453.986
7/20/2023 20:00,7/20/2023 16:00,SOUTH,2278.425
7/20/2023 21:00,7/20/2023 17:00,SOUTH,1887.518
7/20/2023 22:00,7/20/2023 18:00,SOUTH,1175.547
7/20/2023 23:00,7/20/2023 19:00,SOUTH,340.336
7/21/2023 0:00,7/20/2023 20:00,SOUTH,11.589
7/21/2023 1:00,7/20/2023 21:00,SOUTH,0.083
7/21/2023 2:00,7/20/2023 22:00,SOUTH,0.226
7/21/2023 3:00,7/20/2023 23:00,SOUTH,0.359
7/21/2023 4:00,7/21/2023 0:00,SOUTH,-4.668
7/21/2023 5:00,7/21/2023 1:00,SOUTH,-4.769
7/21/2023 6:00,7/21/2023 2:00,SOUTH,-4.593
7/21/2023 7:00,7/21/2023 3:00,SOUTH,-4.726
7/21/2023 8:00,7/21/2023 4:00,SOUTH,-4.748
7/21/2023 9:00,7/21/2023 5:00,SOUTH,-4.72
7/21/2023 10:00,7/21/2023 6:00,SOUTH,104.84
7/21/2023 11:00,7/21/2023 7:00,SOUTH,897.14
7/21/2023 12:00,7/21/2023 8:00,SOUTH,2045.203
7/21/2023 13:00,7/21/2023 9:00,SOUTH,2422.229
7/21/2023 14:00,7/21/2023 10:00,SOUTH,2508.24
7/21/2023 15:00,7/21/2023 11:00,SOUTH,2655.134
7/21/2023 16:00,7/21/2023 12:00,SOUTH,2746.702
7/21/2023 17:00,7/21/2023 13:00,SOUTH,2688.815
7/21/2023 18:00,7/21/2023 14:00,SOUTH,2505.513
7/21/2023 19:00,7/21/2023 15:00,SOUTH,2465.679
7/21/2023 20:00,7/21/2023 16:00,SOUTH,2343.793
7/21/2023 21:00,7/21/2023 17:00,SOUTH,1937.139
7/21/2023 22:00,7/21/2023 18:00,SOUTH,1344.418
7/21/2023 23:00,7/21/2023 19:00,SOUTH,415.144
7/22/2023 0:00,7/21/2023 20:00,SOUTH,8.069
7/22/2023 1:00,7/21/2023 21:00,SOUTH,-4.916
7/22/2023 2:00,7/21/2023 22:00,SOUTH,-5.015
7/22/2023 3:00,7/21/2023 23:00,SOUTH,-4.845
7/22/2023 4:00,7/22/2023 0:00,SOUTH,-4.662
7/22/2023 5:00,7/22/2023 1:00,SOUTH,-4.811
7/22/2023 6:00,7/22/2023 2:00,SOUTH,-4.84
7/22/2023 7:00,7/22/2023 3:00,SOUTH,-4.743
7/22/2023 8:00,7/22/2023 4:00,SOUTH,-4.607
7/22/2023 9:00,7/22/2023 5:00,SOUTH,-4.702
7/22/2023 10:00,7/22/2023 6:00,SOUTH,74.292
7/22/2023 11:00,7/22/2023 7:00,SOUTH,721.589
7/22/2023 12:00,7/22/2023 8:00,SOUTH,1184.028
7/22/2023 13:00,7/22/2023 9:00,SOUTH,1268.629
7/22/2023 14:00,7/22/2023 10:00,SOUTH,1486.528
7/22/2023 15:00,7/22/2023 11:00,SOUTH,1789.606
7/22/2023 16:00,7/22/2023 12:00,SOUTH,2105.507
7/22/2023 17:00,7/22/2023 13:00,SOUTH,2349.106
7/22/2023 18:00,7/22/2023 14:00,SOUTH,2028.228
7/22/2023 19:00,7/22/2023 15:00,SOUTH,2037.857
7/22/2023 20:00,7/22/2023 16:00,SOUTH,1667.125
7/22/2023 21:00,7/22/2023 17:00,SOUTH,1313.226
7/22/2023 22:00,7/22/2023 18:00,SOUTH,969.774
7/22/2023 23:00,7/22/2023 19:00,SOUTH,404.923
7/23/2023 0:00,7/22/2023 20:00,SOUTH,9.282
7/23/2023 1:00,7/22/2023 21:00,SOUTH,-5.134
7/23/2023 2:00,7/22/2023 22:00,SOUTH,-4.803
7/23/2023 3:00,7/22/2023 23:00,SOUTH,-4.641
7/23/2023 4:00,7/23/2023 0:00,SOUTH,-4.714
7/23/2023 5:00,7/23/2023 1:00,SOUTH,-4.86
7/23/2023 6:00,7/23/2023 2:00,SOUTH,-4.909
7/23/2023 7:00,7/23/2023 3:00,SOUTH,-4.554
7/23/2023 8:00,7/23/2023 4:00,SOUTH,-4.937
7/23/2023 9:00,7/23/2023 5:00,SOUTH,-4.838
7/23/2023 10:00,7/23/2023 6:00,SOUTH,108.303
7/23/2023 11:00,7/23/2023 7:00,SOUTH,1022.359
7/23/2023 12:00,7/23/2023 8:00,SOUTH,2138.83
7/23/2023 13:00,7/23/2023 9:00,SOUTH,2724.239
7/23/2023 14:00,7/23/2023 10:00,SOUTH,2840.719
7/23/2023 15:00,7/23/2023 11:00,SOUTH,2841.987
7/23/2023 16:00,7/23/2023 12:00,SOUTH,2799.437
7/23/2023 17:00,7/23/2023 13:00,SOUTH,2700.564
7/23/2023 18:00,7/23/2023 14:00,SOUTH,2577.317
7/23/2023 19:00,7/23/2023 15:00,SOUTH,2397.657
7/23/2023 20:00,7/23/2023 16:00,SOUTH,2296.564
7/23/2023 21:00,7/23/2023 17:00,SOUTH,1935.769
7/23/2023 22:00,7/23/2023 18:00,SOUTH,1381.932
7/23/2023 23:00,7/23/2023 19:00,SOUTH,346.915
7/24/2023 0:00,7/23/2023 20:00,SOUTH,3.673
7/24/2023 1:00,7/23/2023 21:00,SOUTH,-4.744
7/24/2023 2:00,7/23/2023 22:00,SOUTH,-4.876
7/24/2023 3:00,7/23/2023 23:00,SOUTH,-4.828
7/24/2023 4:00,7/24/2023 0:00,SOUTH,-4.719
7/24/2023 5:00,7/24/2023 1:00,SOUTH,-4.737
7/24/2023 6:00,7/24/2023 2:00,SOUTH,-4.86
7/24/2023 7:00,7/24/2023 3:00,SOUTH,-4.673
7/24/2023 8:00,7/24/2023 4:00,SOUTH,-4.931
7/24/2023 9:00,7/24/2023 5:00,SOUTH,-4.747
7/24/2023 10:00,7/24/2023 6:00,SOUTH,13.061
7/24/2023 11:00,7/24/2023 7:00,SOUTH,222.219
7/24/2023 12:00,7/24/2023 8:00,SOUTH,737.888
7/24/2023 13:00,7/24/2023 9:00,SOUTH,1326.936
7/24/2023 14:00,7/24/2023 10:00,SOUTH,2047.583
7/24/2023 15:00,7/24/2023 11:00,SOUTH,2298.905
7/24/2023 16:00,7/24/2023 12:00,SOUTH,2321.918
7/24/2023 17:00,7/24/2023 13:00,SOUTH,2380.661
7/24/2023 18:00,7/24/2023 14:00,SOUTH,2380.971
7/24/2023 19:00,7/24/2023 15:00,SOUTH,2197.489
7/24/2023 20:00,7/24/2023 16:00,SOUTH,1982.656
7/24/2023 21:00,7/24/2023 17:00,SOUTH,1789.442
7/24/2023 22:00,7/24/2023 18:00,SOUTH,1272.199
7/24/2023 23:00,7/24/2023 19:00,SOUTH,394.486
7/25/2023 0:00,7/24/2023 20:00,SOUTH,7.429
7/25/2023 1:00,7/24/2023 21:00,SOUTH,-4.817
7/25/2023 2:00,7/24/2023 22:00,SOUTH,-4.825
7/25/2023 3:00,7/24/2023 23:00,SOUTH,-4.57
7/25/2023 4:00,7/25/2023 0:00,SOUTH,-4.605
7/25/2023 5:00,7/25/2023 1:00,SOUTH,-4.563
7/25/2023 6:00,7/25/2023 2:00,SOUTH,-4.697
7/25/2023 7:00,7/25/2023 3:00,SOUTH,-4.764
7/25/2023 8:00,7/25/2023 4:00,SOUTH,-4.619
7/25/2023 9:00,7/25/2023 5:00,SOUTH,-4.585
7/25/2023 10:00,7/25/2023 6:00,SOUTH,82.726
7/25/2023 11:00,7/25/2023 7:00,SOUTH,814.897
7/25/2023 12:00,7/25/2023 8:00,SOUTH,1821.642
7/25/2023 13:00,7/25/2023 9:00,SOUTH,2378.99
7/25/2023 14:00,7/25/2023 10:00,SOUTH,2768.924
7/25/2023 15:00,7/25/2023 11:00,SOUTH,2852.649
7/25/2023 16:00,7/25/2023 12:00,SOUTH,2770.099
7/25/2023 17:00,7/25/2023 13:00,SOUTH,2593.393
7/25/2023 18:00,7/25/2023 14:00,SOUTH,2521.771
7/25/2023 19:00,7/25/2023 15:00,SOUTH,2551.099
7/25/2023 20:00,7/25/2023 16:00,SOUTH,2509.601
7/25/2023 21:00,7/25/2023 17:00,SOUTH,2100.642
7/25/2023 22:00,7/25/2023 18:00,SOUTH,1399.599
7/25/2023 23:00,7/25/2023 19:00,SOUTH,371.972
7/26/2023 0:00,7/25/2023 20:00,SOUTH,5.304
7/26/2023 1:00,7/25/2023 21:00,SOUTH,-4.941
7/26/2023 2:00,7/25/2023 22:00,SOUTH,-4.686
7/26/2023 3:00,7/25/2023 23:00,SOUTH,-4.626
7/26/2023 4:00,7/26/2023 0:00,SOUTH,-4.737
7/26/2023 5:00,7/26/2023 1:00,SOUTH,-4.53
7/26/2023 6:00,7/26/2023 2:00,SOUTH,-4.783
7/26/2023 7:00,7/26/2023 3:00,SOUTH,-4.737
7/26/2023 8:00,7/26/2023 4:00,SOUTH,-4.631
7/26/2023 9:00,7/26/2023 5:00,SOUTH,-4.684
7/26/2023 10:00,7/26/2023 6:00,SOUTH,90.555
7/26/2023 11:00,7/26/2023 7:00,SOUTH,895.159
7/26/2023 12:00,7/26/2023 8:00,SOUTH,2065.488
7/26/2023 13:00,7/26/2023 9:00,SOUTH,2648.646
7/26/2023 14:00,7/26/2023 10:00,SOUTH,2889.538
7/26/2023 15:00,7/26/2023 11:00,SOUTH,2962.264
7/26/2023 16:00,7/26/2023 12:00,SOUTH,2878.727
7/26/2023 17:00,7/26/2023 13:00,SOUTH,2720.983
7/26/2023 18:00,7/26/2023 14:00,SOUTH,2629.765
7/26/2023 19:00,7/26/2023 15:00,SOUTH,2599.118
7/26/2023 20:00,7/26/2023 16:00,SOUTH,2414.104
7/26/2023 21:00,7/26/2023 17:00,SOUTH,2151.265
7/26/2023 22:00,7/26/2023 18:00,SOUTH,1357.741
7/26/2023 23:00,7/26/2023 19:00,SOUTH,360.781
7/27/2023 0:00,7/26/2023 20:00,SOUTH,4.068
7/27/2023 1:00,7/26/2023 21:00,SOUTH,-4.812
7/27/2023 2:00,7/26/2023 22:00,SOUTH,-4.53
7/27/2023 3:00,7/26/2023 23:00,SOUTH,-4.458
7/27/2023 4:00,7/27/2023 0:00,SOUTH,-4.54
7/27/2023 5:00,7/27/2023 1:00,SOUTH,-4.299
7/27/2023 6:00,7/27/2023 2:00,SOUTH,-4.352
7/27/2023 7:00,7/27/2023 3:00,SOUTH,-4.542
7/27/2023 8:00,7/27/2023 4:00,SOUTH,-4.468
7/27/2023 9:00,7/27/2023 5:00,SOUTH,-4.54
7/27/2023 10:00,7/27/2023 6:00,SOUTH,79.838
7/27/2023 11:00,7/27/2023 7:00,SOUTH,926.631
7/27/2023 12:00,7/27/2023 8:00,SOUTH,2100.288
7/27/2023 13:00,7/27/2023 9:00,SOUTH,2434.801
7/27/2023 14:00,7/27/2023 10:00,SOUTH,2810.215
7/27/2023 15:00,7/27/2023 11:00,SOUTH,2957.902
7/27/2023 16:00,7/27/2023 12:00,SOUTH,2900.269
7/27/2023 17:00,7/27/2023 13:00,SOUTH,2847.089
7/27/2023 18:00,7/27/2023 14:00,SOUTH,2820.087
7/27/2023 19:00,7/27/2023 15:00,SOUTH,2791.185
7/27/2023 20:00,7/27/2023 16:00,SOUTH,2677.302
7/27/2023 21:00,7/27/2023 17:00,SOUTH,2372.101
7/27/2023 22:00,7/27/2023 18:00,SOUTH,1475.068
7/27/2023 23:00,7/27/2023 19:00,SOUTH,406.998
7/28/2023 0:00,7/27/2023 20:00,SOUTH,1.016
7/28/2023 1:00,7/27/2023 21:00,SOUTH,-4.826
7/28/2023 2:00,7/27/2023 22:00,SOUTH,-4.496
7/28/2023 3:00,7/27/2023 23:00,SOUTH,-4.338
7/28/2023 4:00,7/28/2023 0:00,SOUTH,-4.566
7/28/2023 5:00,7/28/2023 1:00,SOUTH,-4.392
7/28/2023 6:00,7/28/2023 2:00,SOUTH,-4.472
7/28/2023 7:00,7/28/2023 3:00,SOUTH,-4.405
7/28/2023 8:00,7/28/2023 4:00,SOUTH,-4.508
7/28/2023 9:00,7/28/2023 5:00,SOUTH,-4.613
7/28/2023 10:00,7/28/2023 6:00,SOUTH,70.676
7/28/2023 11:00,7/28/2023 7:00,SOUTH,836.641
7/28/2023 12:00,7/28/2023 8:00,SOUTH,1951.866
7/28/2023 13:00,7/28/2023 9:00,SOUTH,2507.154
7/28/2023 14:00,7/28/2023 10:00,SOUTH,2785.096
7/28/2023 15:00,7/28/2023 11:00,SOUTH,2894.416
7/28/2023 16:00,7/28/2023 12:00,SOUTH,2959.496
7/28/2023 17:00,7/28/2023 13:00,SOUTH,2886.735
7/28/2023 18:00,7/28/2023 14:00,SOUTH,2828.225
7/28/2023 19:00,7/28/2023 15:00,SOUTH,2733.419
7/28/2023 20:00,7/28/2023 16:00,SOUTH,2582.234
7/28/2023 21:00,7/28/2023 17:00,SOUTH,2187.161
7/28/2023 22:00,7/28/2023 18:00,SOUTH,1304.781
7/28/2023 23:00,7/28/2023 19:00,SOUTH,303.962
7/29/2023 0:00,7/28/2023 20:00,SOUTH,-2.825
7/29/2023 1:00,7/28/2023 21:00,SOUTH,-4.885
7/29/2023 2:00,7/28/2023 22:00,SOUTH,-4.412
7/29/2023 3:00,7/28/2023 23:00,SOUTH,-4.658
7/29/2023 4:00,7/29/2023 0:00,SOUTH,-4.583
7/29/2023 5:00,7/29/2023 1:00,SOUTH,-4.436
7/29/2023 6:00,7/29/2023 2:00,SOUTH,-4.508
7/29/2023 7:00,7/29/2023 3:00,SOUTH,-4.537
7/29/2023 8:00,7/29/2023 4:00,SOUTH,-4.614
7/29/2023 9:00,7/29/2023 5:00,SOUTH,-4.459
7/29/2023 10:00,7/29/2023 6:00,SOUTH,47.59
7/29/2023 11:00,7/29/2023 7:00,SOUTH,491.726
7/29/2023 12:00,7/29/2023 8:00,SOUTH,1313.347
7/29/2023 13:00,7/29/2023 9:00,SOUTH,2058.091
7/29/2023 14:00,7/29/2023 10:00,SOUTH,2498.685
7/29/2023 15:00,7/29/2023 11:00,SOUTH,2753.589
7/29/2023 16:00,7/29/2023 12:00,SOUTH,2921.852
7/29/2023 17:00,7/29/2023 13:00,SOUTH,2840.641
7/29/2023 18:00,7/29/2023 14:00,SOUTH,2766.259
7/29/2023 19:00,7/29/2023 15:00,SOUTH,2597.96
7/29/2023 20:00,7/29/2023 16:00,SOUTH,2433.075
7/29/2023 21:00,7/29/2023 17:00,SOUTH,2377.822
7/29/2023 22:00,7/29/2023 18:00,SOUTH,1365.802
7/29/2023 23:00,7/29/2023 19:00,SOUTH,236.581
7/30/2023 0:00,7/29/2023 20:00,SOUTH,-1.736
7/30/2023 1:00,7/29/2023 21:00,SOUTH,-4.707
7/30/2023 2:00,7/29/2023 22:00,SOUTH,-4.662
7/30/2023 3:00,7/29/2023 23:00,SOUTH,-4.56
7/30/2023 4:00,7/30/2023 0:00,SOUTH,-4.341
7/30/2023 5:00,7/30/2023 1:00,SOUTH,-4.364
7/30/2023 6:00,7/30/2023 2:00,SOUTH,-4.276
7/30/2023 7:00,7/30/2023 3:00,SOUTH,-4.378
7/30/2023 8:00,7/30/2023 4:00,SOUTH,-4.416
7/30/2023 9:00,7/30/2023 5:00,SOUTH,-4.31
7/30/2023 10:00,7/30/2023 6:00,SOUTH,50.849
7/30/2023 11:00,7/30/2023 7:00,SOUTH,743.959
7/30/2023 12:00,7/30/2023 8:00,SOUTH,2065.809
7/30/2023 13:00,7/30/2023 9:00,SOUTH,2579.565
7/30/2023 14:00,7/30/2023 10:00,SOUTH,2642.447
7/30/2023 15:00,7/30/2023 11:00,SOUTH,2694.377
7/30/2023 16:00,7/30/2023 12:00,SOUTH,2611.964
7/30/2023 17:00,7/30/2023 13:00,SOUTH,2643.626
7/30/2023 18:00,7/30/2023 14:00,SOUTH,2654.451
7/30/2023 19:00,7/30/2023 15:00,SOUTH,2453.651
7/30/2023 20:00,7/30/2023 16:00,SOUTH,2418.485
7/30/2023 21:00,7/30/2023 17:00,SOUTH,1984.867
7/30/2023 22:00,7/30/2023 18:00,SOUTH,1190.689
7/30/2023 23:00,7/30/2023 19:00,SOUTH,325.907
7/31/2023 0:00,7/30/2023 20:00,SOUTH,2.708
7/31/2023 1:00,7/30/2023 21:00,SOUTH,-4.456
7/31/2023 2:00,7/30/2023 22:00,SOUTH,-4.459
7/31/2023 3:00,7/30/2023 23:00,SOUTH,-4.203
7/31/2023 4:00,7/31/2023 0:00,SOUTH,-4.656
7/31/2023 5:00,7/31/2023 1:00,SOUTH,-4.472
7/31/2023 6:00,7/31/2023 2:00,SOUTH,-4.616
7/31/2023 7:00,7/31/2023 3:00,SOUTH,-4.383
7/31/2023 8:00,7/31/2023 4:00,SOUTH,-4.641
7/31/2023 9:00,7/31/2023 5:00,SOUTH,-4.574
7/31/2023 10:00,7/31/2023 6:00,SOUTH,65.257
7/31/2023 11:00,7/31/2023 7:00,SOUTH,798.93
7/31/2023 12:00,7/31/2023 8:00,SOUTH,1829.929
7/31/2023 13:00,7/31/2023 9:00,SOUTH,2467.766
7/31/2023 14:00,7/31/2023 10:00,SOUTH,2589.395
7/31/2023 15:00,7/31/2023 11:00,SOUTH,2638.147
7/31/2023 16:00,7/31/2023 12:00,SOUTH,2528.934
7/31/2023 17:00,7/31/2023 13:00,SOUTH,2400.688
7/31/2023 18:00,7/31/2023 14:00,SOUTH,2367.52
7/31/2023 19:00,7/31/2023 15:00,SOUTH,2234.595
7/31/2023 20:00,7/31/2023 16:00,SOUTH,1849.88
7/31/2023 21:00,7/31/2023 17:00,SOUTH,1282.095
7/31/2023 22:00,7/31/2023 18:00,SOUTH,853.868
7/31/2023 23:00,7/31/2023 19:00,SOUTH,295.961
8/1/2023 0:00,7/31/2023 20:00,SOUTH,-0.113
8/1/2023 1:00,7/31/2023 21:00,SOUTH,-4.816
8/1/2023 2:00,7/31/2023 22:00,SOUTH,-4.582
8/1/2023 3:00,7/31/2023 23:00,SOUTH,-4.613
8/1/2023 4:00,8/1/2023 0:00,SOUTH,-4.417
8/1/2023 5:00,8/1/2023 1:00,SOUTH,-4.433
8/1/2023 6:00,8/1/2023 2:00,SOUTH,-4.683
8/1/2023 7:00,8/1/2023 3:00,SOUTH,-4.525
8/1/2023 8:00,8/1/2023 4:00,SOUTH,-4.569
8/1/2023 9:00,8/1/2023 5:00,SOUTH,-4.501
8/1/2023 10:00,8/1/2023 6:00,SOUTH,67.821
8/1/2023 11:00,8/1/2023 7:00,SOUTH,855.299
8/1/2023 12:00,8/1/2023 8:00,SOUTH,2035.466
8/1/2023 13:00,8/1/2023 9:00,SOUTH,2593.928
8/1/2023 14:00,8/1/2023 10:00,SOUTH,2709.007
8/1/2023 15:00,8/1/2023 11:00,SOUTH,2772.857
8/1/2023 16:00,8/1/2023 12:00,SOUTH,2847.738
8/1/2023 17:00,8/1/2023 13:00,SOUTH,2758.087
8/1/2023 18:00,8/1/2023 14:00,SOUTH,2640.732
8/1/2023 19:00,8/1/2023 15:00,SOUTH,2507.356
8/1/2023 20:00,8/1/2023 16:00,SOUTH,2356.635
8/1/2023 21:00,8/1/2023 17:00,SOUTH,1914.67
8/1/2023 22:00,8/1/2023 18:00,SOUTH,1030.318
8/1/2023 23:00,8/1/2023 19:00,SOUTH,234.381
8/2/2023 0:00,8/1/2023 20:00,SOUTH,-1.309
8/2/2023 1:00,8/1/2023 21:00,SOUTH,-4.747
8/2/2023 2:00,8/1/2023 22:00,SOUTH,-4.434
8/2/2023 3:00,8/1/2023 23:00,SOUTH,-4.45
8/2/2023 4:00,8/2/2023 0:00,SOUTH,-4.229
8/2/2023 5:00,8/2/2023 1:00,SOUTH,-4.178
8/2/2023 6:00,8/2/2023 2:00,SOUTH,-4.185
8/2/2023 7:00,8/2/2023 3:00,SOUTH,-4.256
8/2/2023 8:00,8/2/2023 4:00,SOUTH,-4.184
8/2/2023 9:00,8/2/2023 5:00,SOUTH,-4.083
8/2/2023 10:00,8/2/2023 6:00,SOUTH,40.16
8/2/2023 11:00,8/2/2023 7:00,SOUTH,498.68
8/2/2023 12:00,8/2/2023 8:00,SOUTH,1386.823
8/2/2023 13:00,8/2/2023 9:00,SOUTH,2085.396
8/2/2023 14:00,8/2/2023 10:00,SOUTH,2379.164
8/2/2023 15:00,8/2/2023 11:00,SOUTH,2493.503
8/2/2023 16:00,8/2/2023 12:00,SOUTH,2513.569
8/2/2023 17:00,8/2/2023 13:00,SOUTH,2565.297
8/2/2023 18:00,8/2/2023 14:00,SOUTH,2432.752
8/2/2023 19:00,8/2/2023 15:00,SOUTH,2311.125
8/2/2023 20:00,8/2/2023 16:00,SOUTH,2118.891
8/2/2023 21:00,8/2/2023 17:00,SOUTH,1707.928
8/2/2023 22:00,8/2/2023 18:00,SOUTH,941.527
8/2/2023 23:00,8/2/2023 19:00,SOUTH,206.628
8/3/2023 0:00,8/2/2023 20:00,SOUTH,-2.045
8/3/2023 1:00,8/2/2023 21:00,SOUTH,-4.325
8/3/2023 2:00,8/2/2023 22:00,SOUTH,-4.218
8/3/2023 3:00,8/2/2023 23:00,SOUTH,-4.095
8/3/2023 4:00,8/3/2023 0:00,SOUTH,-4.507
8/3/2023 5:00,8/3/2023 1:00,SOUTH,-4.433
8/3/2023 6:00,8/3/2023 2:00,SOUTH,-4.366
8/3/2023 7:00,8/3/2023 3:00,SOUTH,-4.515
8/3/2023 8:00,8/3/2023 4:00,SOUTH,-4.367
8/3/2023 9:00,8/3/2023 5:00,SOUTH,-4.578
8/3/2023 10:00,8/3/2023 6:00,SOUTH,38.686
8/3/2023 11:00,8/3/2023 7:00,SOUTH,447.613
8/3/2023 12:00,8/3/2023 8:00,SOUTH,1254.397
8/3/2023 13:00,8/3/2023 9:00,SOUTH,1677.772
8/3/2023 14:00,8/3/2023 10:00,SOUTH,2069.181
8/3/2023 15:00,8/3/2023 11:00,SOUTH,1976.02
8/3/2023 16:00,8/3/2023 12:00,SOUTH,1647.087
8/3/2023 17:00,8/3/2023 13:00,SOUTH,1314.187
8/3/2023 18:00,8/3/2023 14:00,SOUTH,1019.619
8/3/2023 19:00,8/3/2023 15:00,SOUTH,802.651
8/3/2023 20:00,8/3/2023 16:00,SOUTH,447.4
8/3/2023 21:00,8/3/2023 17:00,SOUTH,273.128
8/3/2023 22:00,8/3/2023 18:00,SOUTH,147.998
8/3/2023 23:00,8/3/2023 19:00,SOUTH,33.885
8/4/2023 0:00,8/3/2023 20:00,SOUTH,-4.478
8/4/2023 1:00,8/3/2023 21:00,SOUTH,-4.684
8/4/2023 2:00,8/3/2023 22:00,SOUTH,-4.312
8/4/2023 3:00,8/3/2023 23:00,SOUTH,-4.607
8/4/2023 4:00,8/4/2023 0:00,SOUTH,-4.487
8/4/2023 5:00,8/4/2023 1:00,SOUTH,-4.497
8/4/2023 6:00,8/4/2023 2:00,SOUTH,-4.669
8/4/2023 7:00,8/4/2023 3:00,SOUTH,-4.481
8/4/2023 8:00,8/4/2023 4:00,SOUTH,-4.624
8/4/2023 9:00,8/4/2023 5:00,SOUTH,-4.372
8/4/2023 10:00,8/4/2023 6:00,SOUTH,-0.465
8/4/2023 11:00,8/4/2023 7:00,SOUTH,68.876
8/4/2023 12:00,8/4/2023 8:00,SOUTH,194.99
8/4/2023 13:00,8/4/2023 9:00,SOUTH,437.396
8/4/2023 14:00,8/4/2023 10:00,SOUTH,694.08
8/4/2023 15:00,8/4/2023 11:00,SOUTH,882.056
8/4/2023 16:00,8/4/2023 12:00,SOUTH,1098.08
8/4/2023 17:00,8/4/2023 13:00,SOUTH,1250.56
8/4/2023 18:00,8/4/2023 14:00,SOUTH,1362.048
8/4/2023 19:00,8/4/2023 15:00,SOUTH,1063.062
8/4/2023 20:00,8/4/2023 16:00,SOUTH,1104.14
8/4/2023 21:00,8/4/2023 17:00,SOUTH,1017.01
8/4/2023 22:00,8/4/2023 18:00,SOUTH,674.864
8/4/2023 23:00,8/4/2023 19:00,SOUTH,191.693
8/5/2023 0:00,8/4/2023 20:00,SOUTH,-1.487
8/5/2023 1:00,8/4/2023 21:00,SOUTH,-4.337
8/5/2023 2:00,8/4/2023 22:00,SOUTH,-4.605
8/5/2023 3:00,8/4/2023 23:00,SOUTH,-4.4
8/5/2023 4:00,8/5/2023 0:00,SOUTH,-4.376
8/5/2023 5:00,8/5/2023 1:00,SOUTH,-4.457
8/5/2023 6:00,8/5/2023 2:00,SOUTH,-4.557
8/5/2023 7:00,8/5/2023 3:00,SOUTH,-4.463
8/5/2023 8:00,8/5/2023 4:00,SOUTH,-4.421
8/5/2023 9:00,8/5/2023 5:00,SOUTH,-4.571
8/5/2023 10:00,8/5/2023 6:00,SOUTH,44.162
8/5/2023 11:00,8/5/2023 7:00,SOUTH,566.436
8/5/2023 12:00,8/5/2023 8:00,SOUTH,1557.996
8/5/2023 13:00,8/5/2023 9:00,SOUTH,2294.872
8/5/2023 14:00,8/5/2023 10:00,SOUTH,2565.144
8/5/2023 15:00,8/5/2023 11:00,SOUTH,2832.203
8/5/2023 16:00,8/5/2023 12:00,SOUTH,2868.606
8/5/2023 17:00,8/5/2023 13:00,SOUTH,2873.908
8/5/2023 18:00,8/5/2023 14:00,SOUTH,2799.486
8/5/2023 19:00,8/5/2023 15:00,SOUTH,2740.301
8/5/2023 20:00,8/5/2023 16:00,SOUTH,2690.331
8/5/2023 21:00,8/5/2023 17:00,SOUTH,2492.249
8/5/2023 22:00,8/5/2023 18:00,SOUTH,1561.325
8/5/2023 23:00,8/5/2023 19:00,SOUTH,365.389
8/6/2023 0:00,8/5/2023 20:00,SOUTH,-1.067
8/6/2023 1:00,8/5/2023 21:00,SOUTH,-4.914
8/6/2023 2:00,8/5/2023 22:00,SOUTH,-4.413
8/6/2023 3:00,8/5/2023 23:00,SOUTH,-4.467
8/6/2023 4:00,8/6/2023 0:00,SOUTH,-4.345
8/6/2023 5:00,8/6/2023 1:00,SOUTH,-4.461
8/6/2023 6:00,8/6/2023 2:00,SOUTH,-4.664
8/6/2023 7:00,8/6/2023 3:00,SOUTH,-4.537
8/6/2023 8:00,8/6/2023 4:00,SOUTH,-4.544
8/6/2023 9:00,8/6/2023 5:00,SOUTH,-4.593
8/6/2023 10:00,8/6/2023 6:00,SOUTH,29.701
8/6/2023 11:00,8/6/2023 7:00,SOUTH,542.347
8/6/2023 12:00,8/6/2023 8:00,SOUTH,1531.944
8/6/2023 13:00,8/6/2023 9:00,SOUTH,2271.393
8/6/2023 14:00,8/6/2023 10:00,SOUTH,2497.171
8/6/2023 15:00,8/6/2023 11:00,SOUTH,2737.66
8/6/2023 16:00,8/6/2023 12:00,SOUTH,2741.255
8/6/2023 17:00,8/6/2023 13:00,SOUTH,2641.236
8/6/2023 18:00,8/6/2023 14:00,SOUTH,2525.108
8/6/2023 19:00,8/6/2023 15:00,SOUTH,2470.393
8/6/2023 20:00,8/6/2023 16:00,SOUTH,1985.986
8/6/2023 21:00,8/6/2023 17:00,SOUTH,1594.407
8/6/2023 22:00,8/6/2023 18:00,SOUTH,904.243
8/6/2023 23:00,8/6/2023 19:00,SOUTH,131.456
8/7/2023 0:00,8/6/2023 20:00,SOUTH,-4.625
8/7/2023 1:00,8/6/2023 21:00,SOUTH,-4.525
8/7/2023 2:00,8/6/2023 22:00,SOUTH,-4.558
8/7/2023 3:00,8/6/2023 23:00,SOUTH,-4.448
8/7/2023 4:00,8/7/2023 0:00,SOUTH,-4.425
8/7/2023 5:00,8/7/2023 1:00,SOUTH,-4.465
8/7/2023 6:00,8/7/2023 2:00,SOUTH,-4.28
8/7/2023 7:00,8/7/2023 3:00,SOUTH,-4.607
8/7/2023 8:00,8/7/2023 4:00,SOUTH,-4.495
8/7/2023 9:00,8/7/2023 5:00,SOUTH,-4.404
8/7/2023 10:00,8/7/2023 6:00,SOUTH,35
8/7/2023 11:00,8/7/2023 7:00,SOUTH,613.313
8/7/2023 12:00,8/7/2023 8:00,SOUTH,1377.112
8/7/2023 13:00,8/7/2023 9:00,SOUTH,2040.382
8/7/2023 14:00,8/7/2023 10:00,SOUTH,2386.753
8/7/2023 15:00,8/7/2023 11:00,SOUTH,2417.999
8/7/2023 16:00,8/7/2023 12:00,SOUTH,2731.144
8/7/2023 17:00,8/7/2023 13:00,SOUTH,2613.556
8/7/2023 18:00,8/7/2023 14:00,SOUTH,2557.28
8/7/2023 19:00,8/7/2023 15:00,SOUTH,2461.608
8/7/2023 20:00,8/7/2023 16:00,SOUTH,2227.884
8/7/2023 21:00,8/7/2023 17:00,SOUTH,1613.049
8/7/2023 22:00,8/7/2023 18:00,SOUTH,686.922
8/7/2023 23:00,8/7/2023 19:00,SOUTH,100.83
8/8/2023 0:00,8/7/2023 20:00,SOUTH,-4.649
8/8/2023 1:00,8/7/2023 21:00,SOUTH,-4.793
8/8/2023 2:00,8/7/2023 22:00,SOUTH,-4.793
8/8/2023 3:00,8/7/2023 23:00,SOUTH,-4.591
8/8/2023 4:00,8/8/2023 0:00,SOUTH,-4.651
8/8/2023 5:00,8/8/2023 1:00,SOUTH,-4.276
8/8/2023 6:00,8/8/2023 2:00,SOUTH,-4.607
8/8/2023 7:00,8/8/2023 3:00,SOUTH,-4.54
8/8/2023 8:00,8/8/2023 4:00,SOUTH,-4.421
8/8/2023 9:00,8/8/2023 5:00,SOUTH,-4.552
8/8/2023 10:00,8/8/2023 6:00,SOUTH,40.831
8/8/2023 11:00,8/8/2023 7:00,SOUTH,828.723
8/8/2023 12:00,8/8/2023 8:00,SOUTH,1936.195
8/8/2023 13:00,8/8/2023 9:00,SOUTH,2475.731
8/8/2023 14:00,8/8/2023 10:00,SOUTH,2611.208
8/8/2023 15:00,8/8/2023 11:00,SOUTH,2688.888
8/8/2023 16:00,8/8/2023 12:00,SOUTH,2693.788
8/8/2023 17:00,8/8/2023 13:00,SOUTH,2689.949
8/8/2023 18:00,8/8/2023 14:00,SOUTH,2797.356
8/8/2023 19:00,8/8/2023 15:00,SOUTH,2652.5
8/8/2023 20:00,8/8/2023 16:00,SOUTH,2642.783
8/8/2023 21:00,8/8/2023 17:00,SOUTH,2258.305
8/8/2023 22:00,8/8/2023 18:00,SOUTH,1065.63
8/8/2023 23:00,8/8/2023 19:00,SOUTH,169.687
8/9/2023 0:00,8/8/2023 20:00,SOUTH,-1.385
8/9/2023 1:00,8/8/2023 21:00,SOUTH,-4.853
8/9/2023 2:00,8/8/2023 22:00,SOUTH,-4.68
8/9/2023 3:00,8/8/2023 23:00,SOUTH,-4.299
8/9/2023 4:00,8/9/2023 0:00,SOUTH,-4.63
8/9/2023 5:00,8/9/2023 1:00,SOUTH,-4.501
8/9/2023 6:00,8/9/2023 2:00,SOUTH,-4.572
8/9/2023 7:00,8/9/2023 3:00,SOUTH,-4.54
8/9/2023 8:00,8/9/2023 4:00,SOUTH,-4.622
8/9/2023 9:00,8/9/2023 5:00,SOUTH,-4.544
8/9/2023 10:00,8/9/2023 6:00,SOUTH,45.787
8/9/2023 11:00,8/9/2023 7:00,SOUTH,901.604
8/9/2023 12:00,8/9/2023 8:00,SOUTH,2275.55
8/9/2023 13:00,8/9/2023 9:00,SOUTH,2867.563
8/9/2023 14:00,8/9/2023 10:00,SOUTH,2896.717
8/9/2023 15:00,8/9/2023 11:00,SOUTH,3004.1
8/9/2023 16:00,8/9/2023 12:00,SOUTH,2882.492
8/9/2023 17:00,8/9/2023 13:00,SOUTH,2761.21
8/9/2023 18:00,8/9/2023 14:00,SOUTH,2692.004
8/9/2023 19:00,8/9/2023 15:00,SOUTH,2552.716
8/9/2023 20:00,8/9/2023 16:00,SOUTH,2379.449
8/9/2023 21:00,8/9/2023 17:00,SOUTH,1982.373
8/9/2023 22:00,8/9/2023 18:00,SOUTH,949.163
8/9/2023 23:00,8/9/2023 19:00,SOUTH,151.904
8/10/2023 0:00,8/9/2023 20:00,SOUTH,-4.832
8/10/2023 1:00,8/9/2023 21:00,SOUTH,-4.694
8/10/2023 2:00,8/9/2023 22:00,SOUTH,-4.46
8/10/2023 3:00,8/9/2023 23:00,SOUTH,-4.684
8/10/2023 4:00,8/10/2023 0:00,SOUTH,-4.355
8/10/2023 5:00,8/10/2023 1:00,SOUTH,-4.705
8/10/2023 6:00,8/10/2023 2:00,SOUTH,-4.594
8/10/2023 7:00,8/10/2023 3:00,SOUTH,-4.426
8/10/2023 8:00,8/10/2023 4:00,SOUTH,-4.606
8/10/2023 9:00,8/10/2023 5:00,SOUTH,-4.643
8/10/2023 10:00,8/10/2023 6:00,SOUTH,14.95
8/10/2023 11:00,8/10/2023 7:00,SOUTH,183.445
8/10/2023 12:00,8/10/2023 8:00,SOUTH,473.42
8/10/2023 13:00,8/10/2023 9:00,SOUTH,845.161
8/10/2023 14:00,8/10/2023 10:00,SOUTH,808.232
8/10/2023 15:00,8/10/2023 11:00,SOUTH,680.394
8/10/2023 16:00,8/10/2023 12:00,SOUTH,717.462
8/10/2023 17:00,8/10/2023 13:00,SOUTH,1193.141
8/10/2023 18:00,8/10/2023 14:00,SOUTH,1393.256
8/10/2023 19:00,8/10/2023 15:00,SOUTH,1453.097
8/10/2023 20:00,8/10/2023 16:00,SOUTH,1012.946
8/10/2023 21:00,8/10/2023 17:00,SOUTH,1293.99
8/10/2023 22:00,8/10/2023 18:00,SOUTH,1197.941
8/10/2023 23:00,8/10/2023 19:00,SOUTH,278.507
8/11/2023 0:00,8/10/2023 20:00,SOUTH,-4.147
8/11/2023 1:00,8/10/2023 21:00,SOUTH,-4.915
8/11/2023 2:00,8/10/2023 22:00,SOUTH,-4.789
8/11/2023 3:00,8/10/2023 23:00,SOUTH,-4.668
8/11/2023 4:00,8/11/2023 0:00,SOUTH,-4.777
8/11/2023 5:00,8/11/2023 1:00,SOUTH,-4.52
8/11/2023 6:00,8/11/2023 2:00,SOUTH,-4.676
8/11/2023 7:00,8/11/2023 3:00,SOUTH,-4.848
8/11/2023 8:00,8/11/2023 4:00,SOUTH,-4.571
8/11/2023 9:00,8/11/2023 5:00,SOUTH,-4.72
8/11/2023 10:00,8/11/2023 6:00,SOUTH,46.787
8/11/2023 11:00,8/11/2023 7:00,SOUTH,919.058
8/11/2023 12:00,8/11/2023 8:00,SOUTH,2224.664
8/11/2023 13:00,8/11/2023 9:00,SOUTH,2706.187
8/11/2023 14:00,8/11/2023 10:00,SOUTH,2777.335
8/11/2023 15:00,8/11/2023 11:00,SOUTH,2807.545
8/11/2023 16:00,8/11/2023 12:00,SOUTH,2736.074
8/11/2023 17:00,8/11/2023 13:00,SOUTH,2535.548
8/11/2023 18:00,8/11/2023 14:00,SOUTH,2392.872
8/11/2023 19:00,8/11/2023 15:00,SOUTH,2194.73
8/11/2023 20:00,8/11/2023 16:00,SOUTH,1819.114
8/11/2023 21:00,8/11/2023 17:00,SOUTH,1548.94
8/11/2023 22:00,8/11/2023 18:00,SOUTH,877.559
8/11/2023 23:00,8/11/2023 19:00,SOUTH,246.939
8/12/2023 0:00,8/11/2023 20:00,SOUTH,-2.908
8/12/2023 1:00,8/11/2023 21:00,SOUTH,-4.966
8/12/2023 2:00,8/11/2023 22:00,SOUTH,-4.704
8/12/2023 3:00,8/11/2023 23:00,SOUTH,-4.729
8/12/2023 4:00,8/12/2023 0:00,SOUTH,-4.926
8/12/2023 5:00,8/12/2023 1:00,SOUTH,-4.659
8/12/2023 6:00,8/12/2023 2:00,SOUTH,-4.782
8/12/2023 7:00,8/12/2023 3:00,SOUTH,-4.739
8/12/2023 8:00,8/12/2023 4:00,SOUTH,-4.586
8/12/2023 9:00,8/12/2023 5:00,SOUTH,-4.738
8/12/2023 10:00,8/12/2023 6:00,SOUTH,35.692
8/12/2023 11:00,8/12/2023 7:00,SOUTH,813.728
8/12/2023 12:00,8/12/2023 8:00,SOUTH,2226.308
8/12/2023 13:00,8/12/2023 9:00,SOUTH,2884.354
8/12/2023 14:00,8/12/2023 10:00,SOUTH,3051.909
8/12/2023 15:00,8/12/2023 11:00,SOUTH,3058.256
8/12/2023 16:00,8/12/2023 12:00,SOUTH,2975.868
8/12/2023 17:00,8/12/2023 13:00,SOUTH,2856.508
8/12/2023 18:00,8/12/2023 14:00,SOUTH,2793.737
8/12/2023 19:00,8/12/2023 15:00,SOUTH,2650.715
8/12/2023 20:00,8/12/2023 16:00,SOUTH,2432.71
8/12/2023 21:00,8/12/2023 17:00,SOUTH,1841.788
8/12/2023 22:00,8/12/2023 18:00,SOUTH,1045.634
8/12/2023 23:00,8/12/2023 19:00,SOUTH,163.785
8/13/2023 0:00,8/12/2023 20:00,SOUTH,-3.866
8/13/2023 1:00,8/12/2023 21:00,SOUTH,-4.846
8/13/2023 2:00,8/12/2023 22:00,SOUTH,-4.874
8/13/2023 3:00,8/12/2023 23:00,SOUTH,-4.8
8/13/2023 4:00,8/13/2023 0:00,SOUTH,-3.859
8/13/2023 5:00,8/13/2023 1:00,SOUTH,-4.829
8/13/2023 6:00,8/13/2023 2:00,SOUTH,-4.519
8/13/2023 7:00,8/13/2023 3:00,SOUTH,-4.69
8/13/2023 8:00,8/13/2023 4:00,SOUTH,-4.845
8/13/2023 9:00,8/13/2023 5:00,SOUTH,-4.576
8/13/2023 10:00,8/13/2023 6:00,SOUTH,30.368
8/13/2023 11:00,8/13/2023 7:00,SOUTH,805.974
8/13/2023 12:00,8/13/2023 8:00,SOUTH,2185.301
8/13/2023 13:00,8/13/2023 9:00,SOUTH,2811.824
8/13/2023 14:00,8/13/2023 10:00,SOUTH,2957.688
8/13/2023 15:00,8/13/2023 11:00,SOUTH,2921.313
8/13/2023 16:00,8/13/2023 12:00,SOUTH,2904.975
8/13/2023 17:00,8/13/2023 13:00,SOUTH,2890.225
8/13/2023 18:00,8/13/2023 14:00,SOUTH,2712.347
8/13/2023 19:00,8/13/2023 15:00,SOUTH,2611.014
8/13/2023 20:00,8/13/2023 16:00,SOUTH,2426.73
8/13/2023 21:00,8/13/2023 17:00,SOUTH,2107.104
8/13/2023 22:00,8/13/2023 18:00,SOUTH,1312.048
8/13/2023 23:00,8/13/2023 19:00,SOUTH,223.84
8/14/2023 0:00,8/13/2023 20:00,SOUTH,-5.256
8/14/2023 1:00,8/13/2023 21:00,SOUTH,-4.836
8/14/2023 2:00,8/13/2023 22:00,SOUTH,-4.603
8/14/2023 3:00,8/13/2023 23:00,SOUTH,-4.65
8/14/2023 4:00,8/14/2023 0:00,SOUTH,-4.975
8/14/2023 5:00,8/14/2023 1:00,SOUTH,-4.604
8/14/2023 6:00,8/14/2023 2:00,SOUTH,-4.787
8/14/2023 7:00,8/14/2023 3:00,SOUTH,-4.746
8/14/2023 8:00,8/14/2023 4:00,SOUTH,-4.866
8/14/2023 9:00,8/14/2023 5:00,SOUTH,-4.838
8/14/2023 10:00,8/14/2023 6:00,SOUTH,21.912
8/14/2023 11:00,8/14/2023 7:00,SOUTH,625.584
8/14/2023 12:00,8/14/2023 8:00,SOUTH,1670.779
8/14/2023 13:00,8/14/2023 9:00,SOUTH,2346.173
8/14/2023 14:00,8/14/2023 10:00,SOUTH,2199.474
8/14/2023 15:00,8/14/2023 11:00,SOUTH,2251.012
8/14/2023 16:00,8/14/2023 12:00,SOUTH,2292.196
8/14/2023 17:00,8/14/2023 13:00,SOUTH,2081.251
8/14/2023 18:00,8/14/2023 14:00,SOUTH,1680.606
8/14/2023 19:00,8/14/2023 15:00,SOUTH,1590.699
8/14/2023 20:00,8/14/2023 16:00,SOUTH,1445.195
8/14/2023 21:00,8/14/2023 17:00,SOUTH,1188.722
8/14/2023 22:00,8/14/2023 18:00,SOUTH,632.869
8/14/2023 23:00,8/14/2023 19:00,SOUTH,174.36
8/15/2023 0:00,8/14/2023 20:00,SOUTH,-4.687
8/15/2023 1:00,8/14/2023 21:00,SOUTH,-5.067
8/15/2023 2:00,8/14/2023 22:00,SOUTH,-4.679
8/15/2023 3:00,8/14/2023 23:00,SOUTH,-4.57
8/15/2023 4:00,8/15/2023 0:00,SOUTH,-4.558
8/15/2023 5:00,8/15/2023 1:00,SOUTH,-4.472
8/15/2023 6:00,8/15/2023 2:00,SOUTH,-4.634
8/15/2023 7:00,8/15/2023 3:00,SOUTH,-4.412
8/15/2023 8:00,8/15/2023 4:00,SOUTH,-4.539
8/15/2023 9:00,8/15/2023 5:00,SOUTH,-4.477
8/15/2023 10:00,8/15/2023 6:00,SOUTH,34.984
8/15/2023 11:00,8/15/2023 7:00,SOUTH,569.165
8/15/2023 12:00,8/15/2023 8:00,SOUTH,1545.067
8/15/2023 13:00,8/15/2023 9:00,SOUTH,2083.436
8/15/2023 14:00,8/15/2023 10:00,SOUTH,2365.129
8/15/2023 15:00,8/15/2023 11:00,SOUTH,2624.746
8/15/2023 16:00,8/15/2023 12:00,SOUTH,2671.073
8/15/2023 17:00,8/15/2023 13:00,SOUTH,2318.74
8/15/2023 18:00,8/15/2023 14:00,SOUTH,2201.947
8/15/2023 19:00,8/15/2023 15:00,SOUTH,1354.024
8/15/2023 20:00,8/15/2023 16:00,SOUTH,702.249
8/15/2023 21:00,8/15/2023 17:00,SOUTH,604.822
8/15/2023 22:00,8/15/2023 18:00,SOUTH,486.047
8/15/2023 23:00,8/15/2023 19:00,SOUTH,77.364
8/16/2023 0:00,8/15/2023 20:00,SOUTH,-1.608
8/16/2023 1:00,8/15/2023 21:00,SOUTH,-4.467
8/16/2023 2:00,8/15/2023 22:00,SOUTH,-4.428
8/16/2023 3:00,8/15/2023 23:00,SOUTH,-4.397
8/16/2023 4:00,8/16/2023 0:00,SOUTH,-4.252
8/16/2023 5:00,8/16/2023 1:00,SOUTH,-4.411
8/16/2023 6:00,8/16/2023 2:00,SOUTH,-4.291
8/16/2023 7:00,8/16/2023 3:00,SOUTH,-4.445
8/16/2023 8:00,8/16/2023 4:00,SOUTH,-4.247
8/16/2023 9:00,8/16/2023 5:00,SOUTH,-4.328
8/16/2023 10:00,8/16/2023 6:00,SOUTH,11.658
8/16/2023 11:00,8/16/2023 7:00,SOUTH,408.661
8/16/2023 12:00,8/16/2023 8:00,SOUTH,1509.173
8/16/2023 13:00,8/16/2023 9:00,SOUTH,2309.538
8/16/2023 14:00,8/16/2023 10:00,SOUTH,2520.886
8/16/2023 15:00,8/16/2023 11:00,SOUTH,2688.922
8/16/2023 16:00,8/16/2023 12:00,SOUTH,2645.147
8/16/2023 17:00,8/16/2023 13:00,SOUTH,2613.357
8/16/2023 18:00,8/16/2023 14:00,SOUTH,2522.001
8/16/2023 19:00,8/16/2023 15:00,SOUTH,2436.21
8/16/2023 20:00,8/16/2023 16:00,SOUTH,2169.778
8/16/2023 21:00,8/16/2023 17:00,SOUTH,2033.001
8/16/2023 22:00,8/16/2023 18:00,SOUTH,1125.897
8/16/2023 23:00,8/16/2023 19:00,SOUTH,211.517
8/17/2023 0:00,8/16/2023 20:00,SOUTH,-4.385
8/17/2023 1:00,8/16/2023 21:00,SOUTH,-5.234
8/17/2023 2:00,8/16/2023 22:00,SOUTH,-4.664
8/17/2023 3:00,8/16/2023 23:00,SOUTH,-4.692
8/17/2023 4:00,8/17/2023 0:00,SOUTH,-4.878
8/17/2023 5:00,8/17/2023 1:00,SOUTH,-4.749
8/17/2023 6:00,8/17/2023 2:00,SOUTH,-4.824
8/17/2023 7:00,8/17/2023 3:00,SOUTH,-4.772
8/17/2023 8:00,8/17/2023 4:00,SOUTH,-4.707
8/17/2023 9:00,8/17/2023 5:00,SOUTH,-4.767
8/17/2023 10:00,8/17/2023 6:00,SOUTH,4.389
8/17/2023 11:00,8/17/2023 7:00,SOUTH,254.237
8/17/2023 12:00,8/17/2023 8:00,SOUTH,843.829
8/17/2023 13:00,8/17/2023 9:00,SOUTH,1404.341
8/17/2023 14:00,8/17/2023 10:00,SOUTH,1834.406
8/17/2023 15:00,8/17/2023 11:00,SOUTH,2153.053
8/17/2023 16:00,8/17/2023 12:00,SOUTH,2204.148
8/17/2023 17:00,8/17/2023 13:00,SOUTH,2262.216
8/17/2023 18:00,8/17/2023 14:00,SOUTH,2286.77
8/17/2023 19:00,8/17/2023 15:00,SOUTH,2199.832
8/17/2023 20:00,8/17/2023 16:00,SOUTH,2244.891
8/17/2023 21:00,8/17/2023 17:00,SOUTH,1714.682
8/17/2023 22:00,8/17/2023 18:00,SOUTH,1009.07
8/17/2023 23:00,8/17/2023 19:00,SOUTH,162.125
8/18/2023 0:00,8/17/2023 20:00,SOUTH,-5.151
8/18/2023 1:00,8/17/2023 21:00,SOUTH,-4.877
8/18/2023 2:00,8/17/2023 22:00,SOUTH,-4.689
8/18/2023 3:00,8/17/2023 23:00,SOUTH,-4.825
8/18/2023 4:00,8/18/2023 0:00,SOUTH,-4.574
8/18/2023 5:00,8/18/2023 1:00,SOUTH,-4.808
8/18/2023 6:00,8/18/2023 2:00,SOUTH,-4.598
8/18/2023 7:00,8/18/2023 3:00,SOUTH,-4.686
8/18/2023 8:00,8/18/2023 4:00,SOUTH,-4.857
8/18/2023 9:00,8/18/2023 5:00,SOUTH,-4.521
8/18/2023 10:00,8/18/2023 6:00,SOUTH,15.025
8/18/2023 11:00,8/18/2023 7:00,SOUTH,617.395
8/18/2023 12:00,8/18/2023 8:00,SOUTH,1979.19
8/18/2023 13:00,8/18/2023 9:00,SOUTH,2669.246
8/18/2023 14:00,8/18/2023 10:00,SOUTH,2923.987
8/18/2023 15:00,8/18/2023 11:00,SOUTH,2846.378
8/18/2023 16:00,8/18/2023 12:00,SOUTH,2701.403
8/18/2023 17:00,8/18/2023 13:00,SOUTH,2754.455
8/18/2023 18:00,8/18/2023 14:00,SOUTH,2725.938
8/18/2023 19:00,8/18/2023 15:00,SOUTH,2644.264
8/18/2023 20:00,8/18/2023 16:00,SOUTH,2406.147
8/18/2023 21:00,8/18/2023 17:00,SOUTH,2152.531
8/18/2023 22:00,8/18/2023 18:00,SOUTH,1235.001
8/18/2023 23:00,8/18/2023 19:00,SOUTH,191.746
8/19/2023 0:00,8/18/2023 20:00,SOUTH,-5.387
8/19/2023 1:00,8/18/2023 21:00,SOUTH,-4.854
8/19/2023 2:00,8/18/2023 22:00,SOUTH,-4.666
8/19/2023 3:00,8/18/2023 23:00,SOUTH,-4.433
8/19/2023 4:00,8/19/2023 0:00,SOUTH,-4.336
8/19/2023 5:00,8/19/2023 1:00,SOUTH,-4.513
8/19/2023 6:00,8/19/2023 2:00,SOUTH,-4.011
8/19/2023 7:00,8/19/2023 3:00,SOUTH,-4.421
8/19/2023 8:00,8/19/2023 4:00,SOUTH,-4.373
8/19/2023 9:00,8/19/2023 5:00,SOUTH,-4.282
8/19/2023 10:00,8/19/2023 6:00,SOUTH,21.009
8/19/2023 11:00,8/19/2023 7:00,SOUTH,721.587
8/19/2023 12:00,8/19/2023 8:00,SOUTH,2129.327
8/19/2023 13:00,8/19/2023 9:00,SOUTH,2873.508
8/19/2023 14:00,8/19/2023 10:00,SOUTH,3094.917
8/19/2023 15:00,8/19/2023 11:00,SOUTH,3138.517
8/19/2023 16:00,8/19/2023 12:00,SOUTH,3139.114
8/19/2023 17:00,8/19/2023 13:00,SOUTH,3129.878
8/19/2023 18:00,8/19/2023 14:00,SOUTH,3114.835
8/19/2023 19:00,8/19/2023 15:00,SOUTH,3051.344
8/19/2023 20:00,8/19/2023 16:00,SOUTH,2877.581
8/19/2023 21:00,8/19/2023 17:00,SOUTH,2411.703
8/19/2023 22:00,8/19/2023 18:00,SOUTH,1271.623
8/19/2023 23:00,8/19/2023 19:00,SOUTH,170.806
8/20/2023 0:00,8/19/2023 20:00,SOUTH,-4.766
8/20/2023 1:00,8/19/2023 21:00,SOUTH,-4.729
8/20/2023 2:00,8/19/2023 22:00,SOUTH,-4.291
8/20/2023 3:00,8/19/2023 23:00,SOUTH,-4.714
8/20/2023 4:00,8/20/2023 0:00,SOUTH,-4.317
8/20/2023 5:00,8/20/2023 1:00,SOUTH,-4.729
8/20/2023 6:00,8/20/2023 2:00,SOUTH,-4.759
8/20/2023 7:00,8/20/2023 3:00,SOUTH,-4.771
8/20/2023 8:00,8/20/2023 4:00,SOUTH,-4.854
8/20/2023 9:00,8/20/2023 5:00,SOUTH,-4.763
8/20/2023 10:00,8/20/2023 6:00,SOUTH,18.987
8/20/2023 11:00,8/20/2023 7:00,SOUTH,627.174
8/20/2023 12:00,8/20/2023 8:00,SOUTH,1776.982
8/20/2023 13:00,8/20/2023 9:00,SOUTH,2426.998
8/20/2023 14:00,8/20/2023 10:00,SOUTH,2645.2
8/20/2023 15:00,8/20/2023 11:00,SOUTH,2854.723
8/20/2023 16:00,8/20/2023 12:00,SOUTH,2865.754
8/20/2023 17:00,8/20/2023 13:00,SOUTH,2828.618
8/20/2023 18:00,8/20/2023 14:00,SOUTH,2835.337
8/20/2023 19:00,8/20/2023 15:00,SOUTH,2839.767
8/20/2023 20:00,8/20/2023 16:00,SOUTH,2709.007
8/20/2023 21:00,8/20/2023 17:00,SOUTH,2295.887
8/20/2023 22:00,8/20/2023 18:00,SOUTH,1172.354
8/20/2023 23:00,8/20/2023 19:00,SOUTH,150.854
8/21/2023 0:00,8/20/2023 20:00,SOUTH,-5.457
8/21/2023 1:00,8/20/2023 21:00,SOUTH,-4.709
8/21/2023 2:00,8/20/2023 22:00,SOUTH,-4.907
8/21/2023 3:00,8/20/2023 23:00,SOUTH,-4.629
8/21/2023 4:00,8/21/2023 0:00,SOUTH,-4.571
8/21/2023 5:00,8/21/2023 1:00,SOUTH,-4.62
8/21/2023 6:00,8/21/2023 2:00,SOUTH,-4.824
8/21/2023 7:00,8/21/2023 3:00,SOUTH,-4.777
8/21/2023 8:00,8/21/2023 4:00,SOUTH,-4.625
8/21/2023 9:00,8/21/2023 5:00,SOUTH,-4.936
8/21/2023 10:00,8/21/2023 6:00,SOUTH,15.67
8/21/2023 11:00,8/21/2023 7:00,SOUTH,560.656
8/21/2023 12:00,8/21/2023 8:00,SOUTH,1717.904
8/21/2023 13:00,8/21/2023 9:00,SOUTH,2129.64
8/21/2023 14:00,8/21/2023 10:00,SOUTH,2068.98
8/21/2023 15:00,8/21/2023 11:00,SOUTH,2497.468
8/21/2023 16:00,8/21/2023 12:00,SOUTH,2534.825
8/21/2023 17:00,8/21/2023 13:00,SOUTH,2616.744
8/21/2023 18:00,8/21/2023 14:00,SOUTH,2509.161
8/21/2023 19:00,8/21/2023 15:00,SOUTH,2305.772
8/21/2023 20:00,8/21/2023 16:00,SOUTH,2013.311
8/21/2023 21:00,8/21/2023 17:00,SOUTH,1478.796
8/21/2023 22:00,8/21/2023 18:00,SOUTH,740.434
8/21/2023 23:00,8/21/2023 19:00,SOUTH,130.432
8/22/2023 0:00,8/21/2023 20:00,SOUTH,-5.186
8/22/2023 1:00,8/21/2023 21:00,SOUTH,-4.851
8/22/2023 2:00,8/21/2023 22:00,SOUTH,-4.696
8/22/2023 3:00,8/21/2023 23:00,SOUTH,-4.714
8/22/2023 4:00,8/22/2023 0:00,SOUTH,-4.538
8/22/2023 5:00,8/22/2023 1:00,SOUTH,-4.613
8/22/2023 6:00,8/22/2023 2:00,SOUTH,-4.479
8/22/2023 7:00,8/22/2023 3:00,SOUTH,-4.765
8/22/2023 8:00,8/22/2023 4:00,SOUTH,-4.677
8/22/2023 9:00,8/22/2023 5:00,SOUTH,-4.504
8/22/2023 10:00,8/22/2023 6:00,SOUTH,9.621
8/22/2023 11:00,8/22/2023 7:00,SOUTH,337.84
8/22/2023 12:00,8/22/2023 8:00,SOUTH,1099.621
8/22/2023 13:00,8/22/2023 9:00,SOUTH,2004.811
8/22/2023 14:00,8/22/2023 10:00,SOUTH,2399.647
8/22/2023 15:00,8/22/2023 11:00,SOUTH,2617.365
8/22/2023 16:00,8/22/2023 12:00,SOUTH,2603.045
8/22/2023 17:00,8/22/2023 13:00,SOUTH,2514.999
8/22/2023 18:00,8/22/2023 14:00,SOUTH,2522.15
8/22/2023 19:00,8/22/2023 15:00,SOUTH,2419.556
8/22/2023 20:00,8/22/2023 16:00,SOUTH,2157.135
8/22/2023 21:00,8/22/2023 17:00,SOUTH,1571.377
8/22/2023 22:00,8/22/2023 18:00,SOUTH,729.394
8/22/2023 23:00,8/22/2023 19:00,SOUTH,106.768
8/23/2023 0:00,8/22/2023 20:00,SOUTH,-5.067
8/23/2023 1:00,8/22/2023 21:00,SOUTH,-4.833
8/23/2023 2:00,8/22/2023 22:00,SOUTH,-4.681
8/23/2023 3:00,8/22/2023 23:00,SOUTH,-4.647
8/23/2023 4:00,8/23/2023 0:00,SOUTH,-4.49
8/23/2023 5:00,8/23/2023 1:00,SOUTH,-4.836
8/23/2023 6:00,8/23/2023 2:00,SOUTH,-4.693
8/23/2023 7:00,8/23/2023 3:00,SOUTH,-4.906
8/23/2023 8:00,8/23/2023 4:00,SOUTH,-4.729
8/23/2023 9:00,8/23/2023 5:00,SOUTH,-4.831
8/23/2023 10:00,8/23/2023 6:00,SOUTH,16.99
8/23/2023 11:00,8/23/2023 7:00,SOUTH,724.945
8/23/2023 12:00,8/23/2023 8:00,SOUTH,2184.017
8/23/2023 13:00,8/23/2023 9:00,SOUTH,2873.052
8/23/2023 14:00,8/23/2023 10:00,SOUTH,2996.398
8/23/2023 15:00,8/23/2023 11:00,SOUTH,3009.982
8/23/2023 16:00,8/23/2023 12:00,SOUTH,3006.743
8/23/2023 17:00,8/23/2023 13:00,SOUTH,2986.2
8/23/2023 18:00,8/23/2023 14:00,SOUTH,3006.344
8/23/2023 19:00,8/23/2023 15:00,SOUTH,2866.965
8/23/2023 20:00,8/23/2023 16:00,SOUTH,2309.335
8/23/2023 21:00,8/23/2023 17:00,SOUTH,1680.768
8/23/2023 22:00,8/23/2023 18:00,SOUTH,787.946
8/23/2023 23:00,8/23/2023 19:00,SOUTH,105.174
8/24/2023 0:00,8/23/2023 20:00,SOUTH,-5.136
8/24/2023 1:00,8/23/2023 21:00,SOUTH,-5.008
8/24/2023 2:00,8/23/2023 22:00,SOUTH,-4.679
8/24/2023 3:00,8/23/2023 23:00,SOUTH,-4.736
8/24/2023 4:00,8/24/2023 0:00,SOUTH,-4.772
8/24/2023 5:00,8/24/2023 1:00,SOUTH,-4.698
8/24/2023 6:00,8/24/2023 2:00,SOUTH,-4.838
8/24/2023 7:00,8/24/2023 3:00,SOUTH,-4.706
8/24/2023 8:00,8/24/2023 4:00,SOUTH,-4.824
8/24/2023 9:00,8/24/2023 5:00,SOUTH,-4.593
8/24/2023 10:00,8/24/2023 6:00,SOUTH,10.925
8/24/2023 11:00,8/24/2023 7:00,SOUTH,393.88
8/24/2023 12:00,8/24/2023 8:00,SOUTH,930.981
8/24/2023 13:00,8/24/2023 9:00,SOUTH,1017.291
8/24/2023 14:00,8/24/2023 10:00,SOUTH,1571.945
8/24/2023 15:00,8/24/2023 11:00,SOUTH,2171.115
8/24/2023 16:00,8/24/2023 12:00,SOUTH,2377.003
8/24/2023 17:00,8/24/2023 13:00,SOUTH,2357.547
8/24/2023 18:00,8/24/2023 14:00,SOUTH,2451.136
8/24/2023 19:00,8/24/2023 15:00,SOUTH,2377.336
8/24/2023 20:00,8/24/2023 16:00,SOUTH,2172.786
8/24/2023 21:00,8/24/2023 17:00,SOUTH,1504.199
8/24/2023 22:00,8/24/2023 18:00,SOUTH,615.692
8/24/2023 23:00,8/24/2023 19:00,SOUTH,59.398
8/25/2023 0:00,8/24/2023 20:00,SOUTH,-5.071
8/25/2023 1:00,8/24/2023 21:00,SOUTH,-5.026
8/25/2023 2:00,8/24/2023 22:00,SOUTH,-4.592
8/25/2023 3:00,8/24/2023 23:00,SOUTH,-4.693
8/25/2023 4:00,8/25/2023 0:00,SOUTH,-4.899
8/25/2023 5:00,8/25/2023 1:00,SOUTH,-4.631
8/25/2023 6:00,8/25/2023 2:00,SOUTH,-4.763
8/25/2023 7:00,8/25/2023 3:00,SOUTH,-4.683
8/25/2023 8:00,8/25/2023 4:00,SOUTH,-4.58
8/25/2023 9:00,8/25/2023 5:00,SOUTH,-4.827
8/25/2023 10:00,8/25/2023 6:00,SOUTH,8.955
8/25/2023 11:00,8/25/2023 7:00,SOUTH,318.416
8/25/2023 12:00,8/25/2023 8:00,SOUTH,954.346
8/25/2023 13:00,8/25/2023 9:00,SOUTH,1980.693
8/25/2023 14:00,8/25/2023 10:00,SOUTH,2646.061
8/25/2023 15:00,8/25/2023 11:00,SOUTH,2801.817
8/25/2023 16:00,8/25/2023 12:00,SOUTH,2731.215
8/25/2023 17:00,8/25/2023 13:00,SOUTH,2904.492
8/25/2023 18:00,8/25/2023 14:00,SOUTH,2819.367
8/25/2023 19:00,8/25/2023 15:00,SOUTH,2769.352
8/25/2023 20:00,8/25/2023 16:00,SOUTH,2536.986
8/25/2023 21:00,8/25/2023 17:00,SOUTH,1948.128
8/25/2023 22:00,8/25/2023 18:00,SOUTH,739.761
8/25/2023 23:00,8/25/2023 19:00,SOUTH,75.721
8/26/2023 0:00,8/25/2023 20:00,SOUTH,-5.143
8/26/2023 1:00,8/25/2023 21:00,SOUTH,-4.872
8/26/2023 2:00,8/25/2023 22:00,SOUTH,-4.476
8/26/2023 3:00,8/25/2023 23:00,SOUTH,-4.825
8/26/2023 4:00,8/26/2023 0:00,SOUTH,-4.574
8/26/2023 5:00,8/26/2023 1:00,SOUTH,-4.734
8/26/2023 6:00,8/26/2023 2:00,SOUTH,-4.743
8/26/2023 7:00,8/26/2023 3:00,SOUTH,-4.878
8/26/2023 8:00,8/26/2023 4:00,SOUTH,-4.662
8/26/2023 9:00,8/26/2023 5:00,SOUTH,-4.63
8/26/2023 10:00,8/26/2023 6:00,SOUTH,8.963
8/26/2023 11:00,8/26/2023 7:00,SOUTH,473.383
8/26/2023 12:00,8/26/2023 8:00,SOUTH,1545.881
8/26/2023 13:00,8/26/2023 9:00,SOUTH,2221.125
8/26/2023 14:00,8/26/2023 10:00,SOUTH,2601.103
8/26/2023 15:00,8/26/2023 11:00,SOUTH,2539.71
8/26/2023 16:00,8/26/2023 12:00,SOUTH,2394.295
8/26/2023 17:00,8/26/2023 13:00,SOUTH,2402.991
8/26/2023 18:00,8/26/2023 14:00,SOUTH,2390.135
8/26/2023 19:00,8/26/2023 15:00,SOUTH,2447.176
8/26/2023 20:00,8/26/2023 16:00,SOUTH,2268.087
8/26/2023 21:00,8/26/2023 17:00,SOUTH,2003.036
8/26/2023 22:00,8/26/2023 18:00,SOUTH,1005.899
8/26/2023 23:00,8/26/2023 19:00,SOUTH,87.503
8/27/2023 0:00,8/26/2023 20:00,SOUTH,-5.19
8/27/2023 1:00,8/26/2023 21:00,SOUTH,-4.946
8/27/2023 2:00,8/26/2023 22:00,SOUTH,-4.711
8/27/2023 3:00,8/26/2023 23:00,SOUTH,-4.69
8/27/2023 4:00,8/27/2023 0:00,SOUTH,-4.894
8/27/2023 5:00,8/27/2023 1:00,SOUTH,-4.769
8/27/2023 6:00,8/27/2023 2:00,SOUTH,-4.798
8/27/2023 7:00,8/27/2023 3:00,SOUTH,-4.743
8/27/2023 8:00,8/27/2023 4:00,SOUTH,-4.91
8/27/2023 9:00,8/27/2023 5:00,SOUTH,-4.704
8/27/2023 10:00,8/27/2023 6:00,SOUTH,2.958
8/27/2023 11:00,8/27/2023 7:00,SOUTH,184.314
8/27/2023 12:00,8/27/2023 8:00,SOUTH,511.625
8/27/2023 13:00,8/27/2023 9:00,SOUTH,895.767
8/27/2023 14:00,8/27/2023 10:00,SOUTH,1148.898
8/27/2023 15:00,8/27/2023 11:00,SOUTH,1455.932
8/27/2023 16:00,8/27/2023 12:00,SOUTH,1507.233
8/27/2023 17:00,8/27/2023 13:00,SOUTH,1497.271
8/27/2023 18:00,8/27/2023 14:00,SOUTH,1555.571
8/27/2023 19:00,8/27/2023 15:00,SOUTH,1497.918
8/27/2023 20:00,8/27/2023 16:00,SOUTH,1518.815
8/27/2023 21:00,8/27/2023 17:00,SOUTH,1632.346
8/27/2023 22:00,8/27/2023 18:00,SOUTH,715.591
8/27/2023 23:00,8/27/2023 19:00,SOUTH,56.984
8/28/2023 0:00,8/27/2023 20:00,SOUTH,-4.998
8/28/2023 1:00,8/27/2023 21:00,SOUTH,-4.806
8/28/2023 2:00,8/27/2023 22:00,SOUTH,-4.709
8/28/2023 3:00,8/27/2023 23:00,SOUTH,-4.614
8/28/2023 4:00,8/28/2023 0:00,SOUTH,-4.817
8/28/2023 5:00,8/28/2023 1:00,SOUTH,-4.51
8/28/2023 6:00,8/28/2023 2:00,SOUTH,-4.743
8/28/2023 7:00,8/28/2023 3:00,SOUTH,-4.909
8/28/2023 8:00,8/28/2023 4:00,SOUTH,-4.718
8/28/2023 9:00,8/28/2023 5:00,SOUTH,-4.615
8/28/2023 10:00,8/28/2023 6:00,SOUTH,-2.151
8/28/2023 11:00,8/28/2023 7:00,SOUTH,95.709
8/28/2023 12:00,8/28/2023 8:00,SOUTH,320.69
8/28/2023 13:00,8/28/2023 9:00,SOUTH,587.441
8/28/2023 14:00,8/28/2023 10:00,SOUTH,740.999
8/28/2023 15:00,8/28/2023 11:00,SOUTH,705.44
8/28/2023 16:00,8/28/2023 12:00,SOUTH,923.353
8/28/2023 17:00,8/28/2023 13:00,SOUTH,1087.498
8/28/2023 18:00,8/28/2023 14:00,SOUTH,1195.762
8/28/2023 19:00,8/28/2023 15:00,SOUTH,1154.411
8/28/2023 20:00,8/28/2023 16:00,SOUTH,953.77
8/28/2023 21:00,8/28/2023 17:00,SOUTH,717.766
8/28/2023 22:00,8/28/2023 18:00,SOUTH,305.036
8/28/2023 23:00,8/28/2023 19:00,SOUTH,27.916
8/29/2023 0:00,8/28/2023 20:00,SOUTH,-4.651
8/29/2023 1:00,8/28/2023 21:00,SOUTH,-4.686
8/29/2023 2:00,8/28/2023 22:00,SOUTH,-4.599
8/29/2023 3:00,8/28/2023 23:00,SOUTH,-4.393
8/29/2023 4:00,8/29/2023 0:00,SOUTH,-4.352
8/29/2023 5:00,8/29/2023 1:00,SOUTH,-4.315
8/29/2023 6:00,8/29/2023 2:00,SOUTH,-4.275
8/29/2023 7:00,8/29/2023 3:00,SOUTH,-4.516
8/29/2023 8:00,8/29/2023 4:00,SOUTH,-4.405
8/29/2023 9:00,8/29/2023 5:00,SOUTH,-4.313
8/29/2023 10:00,8/29/2023 6:00,SOUTH,-0.107
8/29/2023 11:00,8/29/2023 7:00,SOUTH,164.706
8/29/2023 12:00,8/29/2023 8:00,SOUTH,521.489
8/29/2023 13:00,8/29/2023 9:00,SOUTH,869.192
8/29/2023 14:00,8/29/2023 10:00,SOUTH,1260.314
8/29/2023 15:00,8/29/2023 11:00,SOUTH,1422.92
8/29/2023 16:00,8/29/2023 12:00,SOUTH,1702.168
8/29/2023 17:00,8/29/2023 13:00,SOUTH,1936.82
8/29/2023 18:00,8/29/2023 14:00,SOUTH,2024.032
8/29/2023 19:00,8/29/2023 15:00,SOUTH,1775.5
8/29/2023 20:00,8/29/2023 16:00,SOUTH,1555.096
8/29/2023 21:00,8/29/2023 17:00,SOUTH,1340.262
8/29/2023 22:00,8/29/2023 18:00,SOUTH,482.58
8/29/2023 23:00,8/29/2023 19:00,SOUTH,27.157
8/30/2023 0:00,8/29/2023 20:00,SOUTH,-4.943
8/30/2023 1:00,8/29/2023 21:00,SOUTH,-4.856
8/30/2023 2:00,8/29/2023 22:00,SOUTH,-4.375
8/30/2023 3:00,8/29/2023 23:00,SOUTH,-4.595
8/30/2023 4:00,8/30/2023 0:00,SOUTH,-4.676
8/30/2023 5:00,8/30/2023 1:00,SOUTH,-4.564
8/30/2023 6:00,8/30/2023 2:00,SOUTH,-4.754
8/30/2023 7:00,8/30/2023 3:00,SOUTH,-4.558
8/30/2023 8:00,8/30/2023 4:00,SOUTH,-4.898
8/30/2023 9:00,8/30/2023 5:00,SOUTH,-4.61
8/30/2023 10:00,8/30/2023 6:00,SOUTH,4.747
8/30/2023 11:00,8/30/2023 7:00,SOUTH,330.826
8/30/2023 12:00,8/30/2023 8:00,SOUTH,1023.995
8/30/2023 13:00,8/30/2023 9:00,SOUTH,1849.53
8/30/2023 14:00,8/30/2023 10:00,SOUTH,2028.685
8/30/2023 15:00,8/30/2023 11:00,SOUTH,1944.083
8/30/2023 16:00,8/30/2023 12:00,SOUTH,1911.175
8/30/2023 17:00,8/30/2023 13:00,SOUTH,1871.569
8/30/2023 18:00,8/30/2023 14:00,SOUTH,1693.271
8/30/2023 19:00,8/30/2023 15:00,SOUTH,1177.879
8/30/2023 20:00,8/30/2023 16:00,SOUTH,741.022
8/30/2023 21:00,8/30/2023 17:00,SOUTH,339.256
8/30/2023 22:00,8/30/2023 18:00,SOUTH,125.089
8/30/2023 23:00,8/30/2023 19:00,SOUTH,8.398
8/31/2023 0:00,8/30/2023 20:00,SOUTH,-5.059
8/31/2023 1:00,8/30/2023 21:00,SOUTH,-4.902
8/31/2023 2:00,8/30/2023 22:00,SOUTH,-4.671
8/31/2023 3:00,8/30/2023 23:00,SOUTH,-4.761
8/31/2023 4:00,8/31/2023 0:00,SOUTH,-4.487
8/31/2023 5:00,8/31/2023 1:00,SOUTH,-4.361
8/31/2023 6:00,8/31/2023 2:00,SOUTH,-4.52
8/31/2023 7:00,8/31/2023 3:00,SOUTH,-4.339
8/31/2023 8:00,8/31/2023 4:00,SOUTH,-4.474
8/31/2023 9:00,8/31/2023 5:00,SOUTH,-4.32
8/31/2023 10:00,8/31/2023 6:00,SOUTH,-3.815
8/31/2023 11:00,8/31/2023 7:00,SOUTH,62.56
8/31/2023 12:00,8/31/2023 8:00,SOUTH,399.511
8/31/2023 13:00,8/31/2023 9:00,SOUTH,917.8
8/31/2023 14:00,8/31/2023 10:00,SOUTH,1266.595
8/31/2023 15:00,8/31/2023 11:00,SOUTH,1587.076
8/31/2023 16:00,8/31/2023 12:00,SOUTH,1722.603
8/31/2023 17:00,8/31/2023 13:00,SOUTH,1949.267
8/31/2023 18:00,8/31/2023 14:00,SOUTH,2095.409
8/31/2023 19:00,8/31/2023 15:00,SOUTH,2233.045
8/31/2023 20:00,8/31/2023 16:00,SOUTH,2348.038
8/31/2023 21:00,8/31/2023 17:00,SOUTH,2098.823
8/31/2023 22:00,8/31/2023 18:00,SOUTH,1006.511
8/31/2023 23:00,8/31/2023 19:00,SOUTH,71.437
9/1/2023 0:00,8/31/2023 20:00,SOUTH,-4.781
9/1/2023 1:00,8/31/2023 21:00,SOUTH,-4.446
9/1/2023 2:00,8/31/2023 22:00,SOUTH,-4.382
9/1/2023 3:00,8/31/2023 23:00,SOUTH,-4.324
9/1/2023 4:00,9/1/2023 0:00,SOUTH,-4.718
9/1/2023 5:00,9/1/2023 1:00,SOUTH,-4.648
9/1/2023 6:00,9/1/2023 2:00,SOUTH,-4.477
9/1/2023 7:00,9/1/2023 3:00,SOUTH,-4.718
9/1/2023 8:00,9/1/2023 4:00,SOUTH,-4.585
9/1/2023 9:00,9/1/2023 5:00,SOUTH,-4.653
9/1/2023 10:00,9/1/2023 6:00,SOUTH,4.292
9/1/2023 11:00,9/1/2023 7:00,SOUTH,591.776
9/1/2023 12:00,9/1/2023 8:00,SOUTH,2023.101
9/1/2023 13:00,9/1/2023 9:00,SOUTH,2731.969
9/1/2023 14:00,9/1/2023 10:00,SOUTH,2767.928
9/1/2023 15:00,9/1/2023 11:00,SOUTH,2799.426
9/1/2023 16:00,9/1/2023 12:00,SOUTH,2849.844
9/1/2023 17:00,9/1/2023 13:00,SOUTH,2947.832
9/1/2023 18:00,9/1/2023 14:00,SOUTH,2997.03
9/1/2023 19:00,9/1/2023 15:00,SOUTH,2976.479
9/1/2023 20:00,9/1/2023 16:00,SOUTH,2928.623
9/1/2023 21:00,9/1/2023 17:00,SOUTH,2459.489
9/1/2023 22:00,9/1/2023 18:00,SOUTH,1072.88
9/1/2023 23:00,9/1/2023 19:00,SOUTH,62.272
9/2/2023 0:00,9/1/2023 20:00,SOUTH,-4.904
9/2/2023 1:00,9/1/2023 21:00,SOUTH,-4.867
9/2/2023 2:00,9/1/2023 22:00,SOUTH,-5.011
9/2/2023 3:00,9/1/2023 23:00,SOUTH,-4.647
9/2/2023 4:00,9/2/2023 0:00,SOUTH,-4.877
9/2/2023 5:00,9/2/2023 1:00,SOUTH,-5.073
9/2/2023 6:00,9/2/2023 2:00,SOUTH,-4.665
9/2/2023 7:00,9/2/2023 3:00,SOUTH,-4.773
9/2/2023 8:00,9/2/2023 4:00,SOUTH,-4.72
9/2/2023 9:00,9/2/2023 5:00,SOUTH,-4.79
9/2/2023 10:00,9/2/2023 6:00,SOUTH,6.543
9/2/2023 11:00,9/2/2023 7:00,SOUTH,586.982
9/2/2023 12:00,9/2/2023 8:00,SOUTH,2070.941
9/2/2023 13:00,9/2/2023 9:00,SOUTH,2855.344
9/2/2023 14:00,9/2/2023 10:00,SOUTH,3001.695
9/2/2023 15:00,9/2/2023 11:00,SOUTH,3052.98
9/2/2023 16:00,9/2/2023 12:00,SOUTH,3057.008
9/2/2023 17:00,9/2/2023 13:00,SOUTH,3086.101
9/2/2023 18:00,9/2/2023 14:00,SOUTH,3085.641
9/2/2023 19:00,9/2/2023 15:00,SOUTH,3072.427
9/2/2023 20:00,9/2/2023 16:00,SOUTH,2972.174
9/2/2023 21:00,9/2/2023 17:00,SOUTH,2462.349
9/2/2023 22:00,9/2/2023 18:00,SOUTH,1049.23
9/2/2023 23:00,9/2/2023 19:00,SOUTH,56.103
9/3/2023 0:00,9/2/2023 20:00,SOUTH,-5.196
9/3/2023 1:00,9/2/2023 21:00,SOUTH,-4.852
9/3/2023 2:00,9/2/2023 22:00,SOUTH,-4.824
9/3/2023 3:00,9/2/2023 23:00,SOUTH,-4.713
9/3/2023 4:00,9/3/2023 0:00,SOUTH,-4.82
9/3/2023 5:00,9/3/2023 1:00,SOUTH,-4.773
9/3/2023 6:00,9/3/2023 2:00,SOUTH,-4.777
9/3/2023 7:00,9/3/2023 3:00,SOUTH,-4.946
9/3/2023 8:00,9/3/2023 4:00,SOUTH,-4.765
9/3/2023 9:00,9/3/2023 5:00,SOUTH,-4.753
9/3/2023 10:00,9/3/2023 6:00,SOUTH,1.916
9/3/2023 11:00,9/3/2023 7:00,SOUTH,493.678
9/3/2023 12:00,9/3/2023 8:00,SOUTH,1950.218
9/3/2023 13:00,9/3/2023 9:00,SOUTH,2737.783
9/3/2023 14:00,9/3/2023 10:00,SOUTH,2892.574
9/3/2023 15:00,9/3/2023 11:00,SOUTH,2932.556
9/3/2023 16:00,9/3/2023 12:00,SOUTH,2935.968
9/3/2023 17:00,9/3/2023 13:00,SOUTH,2918.644
9/3/2023 18:00,9/3/2023 14:00,SOUTH,2898.252
9/3/2023 19:00,9/3/2023 15:00,SOUTH,2875.569
9/3/2023 20:00,9/3/2023 16:00,SOUTH,2762.411
9/3/2023 21:00,9/3/2023 17:00,SOUTH,2202.504
9/3/2023 22:00,9/3/2023 18:00,SOUTH,880.877
9/3/2023 23:00,9/3/2023 19:00,SOUTH,41.785
9/4/2023 0:00,9/3/2023 20:00,SOUTH,-5.13
9/4/2023 1:00,9/3/2023 21:00,SOUTH,-4.813
9/4/2023 2:00,9/3/2023 22:00,SOUTH,-4.785
9/4/2023 3:00,9/3/2023 23:00,SOUTH,-4.593
9/4/2023 4:00,9/4/2023 0:00,SOUTH,-4.868
9/4/2023 5:00,9/4/2023 1:00,SOUTH,-4.858
9/4/2023 6:00,9/4/2023 2:00,SOUTH,-4.727
9/4/2023 7:00,9/4/2023 3:00,SOUTH,-4.825
9/4/2023 8:00,9/4/2023 4:00,SOUTH,-4.761
9/4/2023 9:00,9/4/2023 5:00,SOUTH,-4.833
9/4/2023 10:00,9/4/2023 6:00,SOUTH,1.448
9/4/2023 11:00,9/4/2023 7:00,SOUTH,422.63
9/4/2023 12:00,9/4/2023 8:00,SOUTH,1606.132
9/4/2023 13:00,9/4/2023 9:00,SOUTH,2368.753
9/4/2023 14:00,9/4/2023 10:00,SOUTH,2651.187
9/4/2023 15:00,9/4/2023 11:00,SOUTH,2730.029
9/4/2023 16:00,9/4/2023 12:00,SOUTH,2738.185
9/4/2023 17:00,9/4/2023 13:00,SOUTH,2734.61
9/4/2023 18:00,9/4/2023 14:00,SOUTH,2690.473
9/4/2023 19:00,9/4/2023 15:00,SOUTH,2679.039
9/4/2023 20:00,9/4/2023 16:00,SOUTH,2586
9/4/2023 21:00,9/4/2023 17:00,SOUTH,1927.623
9/4/2023 22:00,9/4/2023 18:00,SOUTH,676.169
9/4/2023 23:00,9/4/2023 19:00,SOUTH,33.366
9/5/2023 0:00,9/4/2023 20:00,SOUTH,-4.974
9/5/2023 1:00,9/4/2023 21:00,SOUTH,-4.948
9/5/2023 2:00,9/4/2023 22:00,SOUTH,-4.721
9/5/2023 3:00,9/4/2023 23:00,SOUTH,-4.819
9/5/2023 4:00,9/5/2023 0:00,SOUTH,-4.625
9/5/2023 5:00,9/5/2023 1:00,SOUTH,-4.625
9/5/2023 6:00,9/5/2023 2:00,SOUTH,-4.641
9/5/2023 7:00,9/5/2023 3:00,SOUTH,-4.719
9/5/2023 8:00,9/5/2023 4:00,SOUTH,-4.794
9/5/2023 9:00,9/5/2023 5:00,SOUTH,-4.575
9/5/2023 10:00,9/5/2023 6:00,SOUTH,0.675
9/5/2023 11:00,9/5/2023 7:00,SOUTH,465.911
9/5/2023 12:00,9/5/2023 8:00,SOUTH,1764.145
9/5/2023 13:00,9/5/2023 9:00,SOUTH,2535.843
9/5/2023 14:00,9/5/2023 10:00,SOUTH,2741.213
9/5/2023 15:00,9/5/2023 11:00,SOUTH,2794.161
9/5/2023 16:00,9/5/2023 12:00,SOUTH,2799.927
9/5/2023 17:00,9/5/2023 13:00,SOUTH,2726.28
9/5/2023 18:00,9/5/2023 14:00,SOUTH,2690.585
9/5/2023 19:00,9/5/2023 15:00,SOUTH,2674.546
9/5/2023 20:00,9/5/2023 16:00,SOUTH,2437.868
9/5/2023 21:00,9/5/2023 17:00,SOUTH,1907.7
9/5/2023 22:00,9/5/2023 18:00,SOUTH,757.213
9/5/2023 23:00,9/5/2023 19:00,SOUTH,39.022
9/6/2023 0:00,9/5/2023 20:00,SOUTH,-5.018
9/6/2023 1:00,9/5/2023 21:00,SOUTH,-4.764
9/6/2023 2:00,9/5/2023 22:00,SOUTH,-4.58
9/6/2023 3:00,9/5/2023 23:00,SOUTH,-4.715
9/6/2023 4:00,9/6/2023 0:00,SOUTH,-4.458
9/6/2023 5:00,9/6/2023 1:00,SOUTH,-4.858
9/6/2023 6:00,9/6/2023 2:00,SOUTH,-4.632
9/6/2023 7:00,9/6/2023 3:00,SOUTH,-4.659
9/6/2023 8:00,9/6/2023 4:00,SOUTH,-4.752
9/6/2023 9:00,9/6/2023 5:00,SOUTH,-4.538
9/6/2023 10:00,9/6/2023 6:00,SOUTH,-0.344
9/6/2023 11:00,9/6/2023 7:00,SOUTH,429.747
9/6/2023 12:00,9/6/2023 8:00,SOUTH,1686.428
9/6/2023 13:00,9/6/2023 9:00,SOUTH,2427.733
9/6/2023 14:00,9/6/2023 10:00,SOUTH,2640.884
9/6/2023 15:00,9/6/2023 11:00,SOUTH,2714.173
9/6/2023 16:00,9/6/2023 12:00,SOUTH,2638.025
9/6/2023 17:00,9/6/2023 13:00,SOUTH,2500.399
9/6/2023 18:00,9/6/2023 14:00,SOUTH,2474.858
9/6/2023 19:00,9/6/2023 15:00,SOUTH,2432.548
9/6/2023 20:00,9/6/2023 16:00,SOUTH,2438.036
9/6/2023 21:00,9/6/2023 17:00,SOUTH,1895.901
9/6/2023 22:00,9/6/2023 18:00,SOUTH,681.649
9/6/2023 23:00,9/6/2023 19:00,SOUTH,20.154
9/7/2023 0:00,9/6/2023 20:00,SOUTH,-4.944
9/7/2023 1:00,9/6/2023 21:00,SOUTH,-4.846
9/7/2023 2:00,9/6/2023 22:00,SOUTH,-4.64
9/7/2023 3:00,9/6/2023 23:00,SOUTH,-4.701
9/7/2023 4:00,9/7/2023 0:00,SOUTH,-4.556
9/7/2023 5:00,9/7/2023 1:00,SOUTH,-4.639
9/7/2023 6:00,9/7/2023 2:00,SOUTH,-4.658
9/7/2023 7:00,9/7/2023 3:00,SOUTH,-4.691
9/7/2023 8:00,9/7/2023 4:00,SOUTH,-4.559
9/7/2023 9:00,9/7/2023 5:00,SOUTH,-4.6
9/7/2023 10:00,9/7/2023 6:00,SOUTH,-0.338
9/7/2023 11:00,9/7/2023 7:00,SOUTH,322.718
9/7/2023 12:00,9/7/2023 8:00,SOUTH,1483.569
9/7/2023 13:00,9/7/2023 9:00,SOUTH,2346.683
9/7/2023 14:00,9/7/2023 10:00,SOUTH,2641.222
9/7/2023 15:00,9/7/2023 11:00,SOUTH,2680.072
9/7/2023 16:00,9/7/2023 12:00,SOUTH,2540.275
9/7/2023 17:00,9/7/2023 13:00,SOUTH,2345.66
9/7/2023 18:00,9/7/2023 14:00,SOUTH,2384.609
9/7/2023 19:00,9/7/2023 15:00,SOUTH,2218.865
9/7/2023 20:00,9/7/2023 16:00,SOUTH,2128.708
9/7/2023 21:00,9/7/2023 17:00,SOUTH,1561.653
9/7/2023 22:00,9/7/2023 18:00,SOUTH,485.205
9/7/2023 23:00,9/7/2023 19:00,SOUTH,13.25
9/8/2023 0:00,9/7/2023 20:00,SOUTH,-4.795
9/8/2023 1:00,9/7/2023 21:00,SOUTH,-4.83
9/8/2023 2:00,9/7/2023 22:00,SOUTH,-4.633
9/8/2023 3:00,9/7/2023 23:00,SOUTH,-4.57
9/8/2023 4:00,9/8/2023 0:00,SOUTH,-4.586
9/8/2023 5:00,9/8/2023 1:00,SOUTH,-4.616
9/8/2023 6:00,9/8/2023 2:00,SOUTH,-4.808
9/8/2023 7:00,9/8/2023 3:00,SOUTH,-4.645
9/8/2023 8:00,9/8/2023 4:00,SOUTH,-4.782
9/8/2023 9:00,9/8/2023 5:00,SOUTH,-4.728
9/8/2023 10:00,9/8/2023 6:00,SOUTH,-0.527
9/8/2023 11:00,9/8/2023 7:00,SOUTH,312.511
9/8/2023 12:00,9/8/2023 8:00,SOUTH,1335.343
9/8/2023 13:00,9/8/2023 9:00,SOUTH,2126.167
9/8/2023 14:00,9/8/2023 10:00,SOUTH,2564.147
9/8/2023 15:00,9/8/2023 11:00,SOUTH,2655.958
9/8/2023 16:00,9/8/2023 12:00,SOUTH,2596.095
9/8/2023 17:00,9/8/2023 13:00,SOUTH,2522.911
9/8/2023 18:00,9/8/2023 14:00,SOUTH,2433.748
9/8/2023 19:00,9/8/2023 15:00,SOUTH,2223.272
9/8/2023 20:00,9/8/2023 16:00,SOUTH,1998.528
9/8/2023 21:00,9/8/2023 17:00,SOUTH,1288.076
9/8/2023 22:00,9/8/2023 18:00,SOUTH,342.399
9/8/2023 23:00,9/8/2023 19:00,SOUTH,7.49
9/9/2023 0:00,9/8/2023 20:00,SOUTH,-4.911
9/9/2023 1:00,9/8/2023 21:00,SOUTH,-4.639
9/9/2023 2:00,9/8/2023 22:00,SOUTH,-4.73
9/9/2023 3:00,9/8/2023 23:00,SOUTH,-4.481
9/9/2023 4:00,9/9/2023 0:00,SOUTH,-4.686
9/9/2023 5:00,9/9/2023 1:00,SOUTH,-4.479
9/9/2023 6:00,9/9/2023 2:00,SOUTH,-4.674
9/9/2023 7:00,9/9/2023 3:00,SOUTH,-4.562
9/9/2023 8:00,9/9/2023 4:00,SOUTH,-4.612
9/9/2023 9:00,9/9/2023 5:00,SOUTH,-4.687
9/9/2023 10:00,9/9/2023 6:00,SOUTH,-2.285
9/9/2023 11:00,9/9/2023 7:00,SOUTH,226.746
9/9/2023 12:00,9/9/2023 8:00,SOUTH,815.924
9/9/2023 13:00,9/9/2023 9:00,SOUTH,1401.244
9/9/2023 14:00,9/9/2023 10:00,SOUTH,1753.229
9/9/2023 15:00,9/9/2023 11:00,SOUTH,1671.289
9/9/2023 16:00,9/9/2023 12:00,SOUTH,1449.904
9/9/2023 17:00,9/9/2023 13:00,SOUTH,1069.995
9/9/2023 18:00,9/9/2023 14:00,SOUTH,728.303
9/9/2023 19:00,9/9/2023 15:00,SOUTH,493.071
9/9/2023 20:00,9/9/2023 16:00,SOUTH,475.801
9/9/2023 21:00,9/9/2023 17:00,SOUTH,352.961
9/9/2023 22:00,9/9/2023 18:00,SOUTH,132.516
9/9/2023 23:00,9/9/2023 19:00,SOUTH,4.093
9/10/2023 0:00,9/9/2023 20:00,SOUTH,-4.719
9/10/2023 1:00,9/9/2023 21:00,SOUTH,-4.578
9/10/2023 2:00,9/9/2023 22:00,SOUTH,-4.749
9/10/2023 3:00,9/9/2023 23:00,SOUTH,-4.413
9/10/2023 4:00,9/10/2023 0:00,SOUTH,-4.73
9/10/2023 5:00,9/10/2023 1:00,SOUTH,-4.597
9/10/2023 6:00,9/10/2023 2:00,SOUTH,-4.66
9/10/2023 7:00,9/10/2023 3:00,SOUTH,-4.648
9/10/2023 8:00,9/10/2023 4:00,SOUTH,-4.677
9/10/2023 9:00,9/10/2023 5:00,SOUTH,-4.673
9/10/2023 10:00,9/10/2023 6:00,SOUTH,-3.981
9/10/2023 11:00,9/10/2023 7:00,SOUTH,201.706
9/10/2023 12:00,9/10/2023 8:00,SOUTH,736.119
9/10/2023 13:00,9/10/2023 9:00,SOUTH,1027.256
9/10/2023 14:00,9/10/2023 10:00,SOUTH,1283.656
9/10/2023 15:00,9/10/2023 11:00,SOUTH,1628.63
9/10/2023 16:00,9/10/2023 12:00,SOUTH,1848.901
9/10/2023 17:00,9/10/2023 13:00,SOUTH,1814.597
9/10/2023 18:00,9/10/2023 14:00,SOUTH,1793.451
9/10/2023 19:00,9/10/2023 15:00,SOUTH,2098.195
9/10/2023 20:00,9/10/2023 16:00,SOUTH,1798.169
9/10/2023 21:00,9/10/2023 17:00,SOUTH,1117.44
9/10/2023 22:00,9/10/2023 18:00,SOUTH,454.155
9/10/2023 23:00,9/10/2023 19:00,SOUTH,7.272
9/11/2023 0:00,9/10/2023 20:00,SOUTH,-4.929
9/11/2023 1:00,9/10/2023 21:00,SOUTH,-4.816
9/11/2023 2:00,9/10/2023 22:00,SOUTH,-4.568
9/11/2023 3:00,9/10/2023 23:00,SOUTH,-4.602
9/11/2023 4:00,9/11/2023 0:00,SOUTH,-4.642
9/11/2023 5:00,9/11/2023 1:00,SOUTH,-4.646
9/11/2023 6:00,9/11/2023 2:00,SOUTH,-4.56
9/11/2023 7:00,9/11/2023 3:00,SOUTH,-4.77
9/11/2023 8:00,9/11/2023 4:00,SOUTH,-4.603
9/11/2023 9:00,9/11/2023 5:00,SOUTH,-4.73
9/11/2023 10:00,9/11/2023 6:00,SOUTH,-2.966
9/11/2023 11:00,9/11/2023 7:00,SOUTH,278.187
9/11/2023 12:00,9/11/2023 8:00,SOUTH,1191.658
9/11/2023 13:00,9/11/2023 9:00,SOUTH,1881.083
9/11/2023 14:00,9/11/2023 10:00,SOUTH,2036.451
9/11/2023 15:00,9/11/2023 11:00,SOUTH,1779.187
9/11/2023 16:00,9/11/2023 12:00,SOUTH,1900.066
9/11/2023 17:00,9/11/2023 13:00,SOUTH,2068.582
9/11/2023 18:00,9/11/2023 14:00,SOUTH,2040.77
9/11/2023 19:00,9/11/2023 15:00,SOUTH,2207.263
9/11/2023 20:00,9/11/2023 16:00,SOUTH,2214.627
9/11/2023 21:00,9/11/2023 17:00,SOUTH,1718.649
9/11/2023 22:00,9/11/2023 18:00,SOUTH,517.397
9/11/2023 23:00,9/11/2023 19:00,SOUTH,8.109
9/12/2023 0:00,9/11/2023 20:00,SOUTH,-4.813
9/12/2023 1:00,9/11/2023 21:00,SOUTH,-4.844
9/12/2023 2:00,9/11/2023 22:00,SOUTH,-4.719
9/12/2023 3:00,9/11/2023 23:00,SOUTH,-4.539
9/12/2023 4:00,9/12/2023 0:00,SOUTH,-4.658
9/12/2023 5:00,9/12/2023 1:00,SOUTH,-4.547
9/12/2023 6:00,9/12/2023 2:00,SOUTH,-4.692
9/12/2023 7:00,9/12/2023 3:00,SOUTH,-4.845
9/12/2023 8:00,9/12/2023 4:00,SOUTH,-4.683
9/12/2023 9:00,9/12/2023 5:00,SOUTH,-4.623
9/12/2023 10:00,9/12/2023 6:00,SOUTH,-2.406
9/12/2023 11:00,9/12/2023 7:00,SOUTH,399.851
9/12/2023 12:00,9/12/2023 8:00,SOUTH,1522.901
9/12/2023 13:00,9/12/2023 9:00,SOUTH,2022.446
9/12/2023 14:00,9/12/2023 10:00,SOUTH,2361.442
9/12/2023 15:00,9/12/2023 11:00,SOUTH,2540.434
9/12/2023 16:00,9/12/2023 12:00,SOUTH,2443.135
9/12/2023 17:00,9/12/2023 13:00,SOUTH,2289.415
9/12/2023 18:00,9/12/2023 14:00,SOUTH,2110.977
9/12/2023 19:00,9/12/2023 15:00,SOUTH,1833.626
9/12/2023 20:00,9/12/2023 16:00,SOUTH,1922.799
9/12/2023 21:00,9/12/2023 17:00,SOUTH,1094.855
9/12/2023 22:00,9/12/2023 18:00,SOUTH,234.917
9/12/2023 23:00,9/12/2023 19:00,SOUTH,-2.829
9/13/2023 0:00,9/12/2023 20:00,SOUTH,-4.907
9/13/2023 1:00,9/12/2023 21:00,SOUTH,-4.793
9/13/2023 2:00,9/12/2023 22:00,SOUTH,-4.586
9/13/2023 3:00,9/12/2023 23:00,SOUTH,-4.713
9/13/2023 4:00,9/13/2023 0:00,SOUTH,-4.602
9/13/2023 5:00,9/13/2023 1:00,SOUTH,-4.774
9/13/2023 6:00,9/13/2023 2:00,SOUTH,-4.69
9/13/2023 7:00,9/13/2023 3:00,SOUTH,-4.455
9/13/2023 8:00,9/13/2023 4:00,SOUTH,-4.539
9/13/2023 9:00,9/13/2023 5:00,SOUTH,-4.386
9/13/2023 10:00,9/13/2023 6:00,SOUTH,-3.688
9/13/2023 11:00,9/13/2023 7:00,SOUTH,163.794
9/13/2023 12:00,9/13/2023 8:00,SOUTH,845.587
9/13/2023 13:00,9/13/2023 9:00,SOUTH,1400.932
9/13/2023 14:00,9/13/2023 10:00,SOUTH,1861.074
9/13/2023 15:00,9/13/2023 11:00,SOUTH,2168.815
9/13/2023 16:00,9/13/2023 12:00,SOUTH,2307.172
9/13/2023 17:00,9/13/2023 13:00,SOUTH,2339.749
9/13/2023 18:00,9/13/2023 14:00,SOUTH,2197.043
9/13/2023 19:00,9/13/2023 15:00,SOUTH,1836.752
9/13/2023 20:00,9/13/2023 16:00,SOUTH,1558.286
9/13/2023 21:00,9/13/2023 17:00,SOUTH,1106.416
9/13/2023 22:00,9/13/2023 18:00,SOUTH,394.672
9/13/2023 23:00,9/13/2023 19:00,SOUTH,3.957
9/14/2023 0:00,9/13/2023 20:00,SOUTH,-4.831
9/14/2023 1:00,9/13/2023 21:00,SOUTH,-4.675
9/14/2023 2:00,9/13/2023 22:00,SOUTH,-4.468
9/14/2023 3:00,9/13/2023 23:00,SOUTH,-4.775
9/14/2023 4:00,9/14/2023 0:00,SOUTH,-4.402
9/14/2023 5:00,9/14/2023 1:00,SOUTH,-4.668
9/14/2023 6:00,9/14/2023 2:00,SOUTH,-4.606
9/14/2023 7:00,9/14/2023 3:00,SOUTH,-4.563
9/14/2023 8:00,9/14/2023 4:00,SOUTH,-4.547
9/14/2023 9:00,9/14/2023 5:00,SOUTH,-4.515
9/14/2023 10:00,9/14/2023 6:00,SOUTH,-3.22
9/14/2023 11:00,9/14/2023 7:00,SOUTH,347.437
9/14/2023 12:00,9/14/2023 8:00,SOUTH,1578.807
9/14/2023 13:00,9/14/2023 9:00,SOUTH,2131.072
9/14/2023 14:00,9/14/2023 10:00,SOUTH,2301.285
9/14/2023 15:00,9/14/2023 11:00,SOUTH,2423.377
9/14/2023 16:00,9/14/2023 12:00,SOUTH,2502.175
9/14/2023 17:00,9/14/2023 13:00,SOUTH,2378.346
9/14/2023 18:00,9/14/2023 14:00,SOUTH,2124.3
9/14/2023 19:00,9/14/2023 15:00,SOUTH,2128.446
9/14/2023 20:00,9/14/2023 16:00,SOUTH,1912.409
9/14/2023 21:00,9/14/2023 17:00,SOUTH,1443.044
9/14/2023 22:00,9/14/2023 18:00,SOUTH,449.728
9/14/2023 23:00,9/14/2023 19:00,SOUTH,2.641
9/15/2023 0:00,9/14/2023 20:00,SOUTH,-4.243
9/15/2023 1:00,9/14/2023 21:00,SOUTH,-4.111
9/15/2023 2:00,9/14/2023 22:00,SOUTH,-3.875
9/15/2023 3:00,9/14/2023 23:00,SOUTH,-4.161
9/15/2023 4:00,9/15/2023 0:00,SOUTH,-3.768
9/15/2023 5:00,9/15/2023 1:00,SOUTH,-4.059
9/15/2023 6:00,9/15/2023 2:00,SOUTH,-4.016
9/15/2023 7:00,9/15/2023 3:00,SOUTH,-3.954
9/15/2023 8:00,9/15/2023 4:00,SOUTH,-4.187
9/15/2023 9:00,9/15/2023 5:00,SOUTH,-3.908
9/15/2023 10:00,9/15/2023 6:00,SOUTH,-2.683
9/15/2023 11:00,9/15/2023 7:00,SOUTH,411.041
9/15/2023 12:00,9/15/2023 8:00,SOUTH,1787.112
9/15/2023 13:00,9/15/2023 9:00,SOUTH,2497.759
9/15/2023 14:00,9/15/2023 10:00,SOUTH,2699.848
9/15/2023 15:00,9/15/2023 11:00,SOUTH,2725.624
9/15/2023 16:00,9/15/2023 12:00,SOUTH,2812.982
9/15/2023 17:00,9/15/2023 13:00,SOUTH,2882.156
9/15/2023 18:00,9/15/2023 14:00,SOUTH,2891.784
9/15/2023 19:00,9/15/2023 15:00,SOUTH,2868.83
9/15/2023 20:00,9/15/2023 16:00,SOUTH,2677.556
9/15/2023 21:00,9/15/2023 17:00,SOUTH,1911.104
9/15/2023 22:00,9/15/2023 18:00,SOUTH,549.021
9/15/2023 23:00,9/15/2023 19:00,SOUTH,3.255
9/16/2023 0:00,9/15/2023 20:00,SOUTH,-4.781
9/16/2023 1:00,9/15/2023 21:00,SOUTH,-4.613
9/16/2023 2:00,9/15/2023 22:00,SOUTH,-4.612
9/16/2023 3:00,9/15/2023 23:00,SOUTH,-4.737
9/16/2023 4:00,9/16/2023 0:00,SOUTH,-4.597
9/16/2023 5:00,9/16/2023 1:00,SOUTH,-4.634
9/16/2023 6:00,9/16/2023 2:00,SOUTH,-4.853
9/16/2023 7:00,9/16/2023 3:00,SOUTH,-4.602
9/16/2023 8:00,9/16/2023 4:00,SOUTH,-4.625
9/16/2023 9:00,9/16/2023 5:00,SOUTH,-4.719
9/16/2023 10:00,9/16/2023 6:00,SOUTH,-2.897
9/16/2023 11:00,9/16/2023 7:00,SOUTH,408.877
9/16/2023 12:00,9/16/2023 8:00,SOUTH,1820.297
9/16/2023 13:00,9/16/2023 9:00,SOUTH,2681.924
9/16/2023 14:00,9/16/2023 10:00,SOUTH,2761.547
9/16/2023 15:00,9/16/2023 11:00,SOUTH,2800.602
9/16/2023 16:00,9/16/2023 12:00,SOUTH,2808.814
9/16/2023 17:00,9/16/2023 13:00,SOUTH,2837.503
9/16/2023 18:00,9/16/2023 14:00,SOUTH,2802.974
9/16/2023 19:00,9/16/2023 15:00,SOUTH,2776.465
9/16/2023 20:00,9/16/2023 16:00,SOUTH,2644.567
9/16/2023 21:00,9/16/2023 17:00,SOUTH,1867.784
9/16/2023 22:00,9/16/2023 18:00,SOUTH,511.02
9/16/2023 23:00,9/16/2023 19:00,SOUTH,-0.272
9/17/2023 0:00,9/16/2023 20:00,SOUTH,-4.912
9/17/2023 1:00,9/16/2023 21:00,SOUTH,-4.65
9/17/2023 2:00,9/16/2023 22:00,SOUTH,-4.689
9/17/2023 3:00,9/16/2023 23:00,SOUTH,-4.612
9/17/2023 4:00,9/17/2023 0:00,SOUTH,-4.775
9/17/2023 5:00,9/17/2023 1:00,SOUTH,-4.671
9/17/2023 6:00,9/17/2023 2:00,SOUTH,-4.791
9/17/2023 7:00,9/17/2023 3:00,SOUTH,-4.719
9/17/2023 8:00,9/17/2023 4:00,SOUTH,-4.717
9/17/2023 9:00,9/17/2023 5:00,SOUTH,-4.737
9/17/2023 10:00,9/17/2023 6:00,SOUTH,-3.127
9/17/2023 11:00,9/17/2023 7:00,SOUTH,271.931
9/17/2023 12:00,9/17/2023 8:00,SOUTH,1154.697
9/17/2023 13:00,9/17/2023 9:00,SOUTH,1586.624
9/17/2023 14:00,9/17/2023 10:00,SOUTH,1623.863
9/17/2023 15:00,9/17/2023 11:00,SOUTH,1663.743
9/17/2023 16:00,9/17/2023 12:00,SOUTH,1556.991
9/17/2023 17:00,9/17/2023 13:00,SOUTH,1334.106
9/17/2023 18:00,9/17/2023 14:00,SOUTH,1014.734
9/17/2023 19:00,9/17/2023 15:00,SOUTH,627.662
9/17/2023 20:00,9/17/2023 16:00,SOUTH,324.246
9/17/2023 21:00,9/17/2023 17:00,SOUTH,153.118
9/17/2023 22:00,9/17/2023 18:00,SOUTH,46.227
9/17/2023 23:00,9/17/2023 19:00,SOUTH,-3.982
9/18/2023 0:00,9/17/2023 20:00,SOUTH,-4.813
9/18/2023 1:00,9/17/2023 21:00,SOUTH,-4.637
9/18/2023 2:00,9/17/2023 22:00,SOUTH,-4.659
9/18/2023 3:00,9/17/2023 23:00,SOUTH,-4.584
9/18/2023 4:00,9/18/2023 0:00,SOUTH,-4.643
9/18/2023 5:00,9/18/2023 1:00,SOUTH,-4.795
9/18/2023 6:00,9/18/2023 2:00,SOUTH,-4.718
9/18/2023 7:00,9/18/2023 3:00,SOUTH,-4.535
9/18/2023 8:00,9/18/2023 4:00,SOUTH,-4.865
9/18/2023 9:00,9/18/2023 5:00,SOUTH,-4.526
9/18/2023 10:00,9/18/2023 6:00,SOUTH,-4.605
9/18/2023 11:00,9/18/2023 7:00,SOUTH,70.591
9/18/2023 12:00,9/18/2023 8:00,SOUTH,427.186
9/18/2023 13:00,9/18/2023 9:00,SOUTH,821.377
9/18/2023 14:00,9/18/2023 10:00,SOUTH,1438.763
9/18/2023 15:00,9/18/2023 11:00,SOUTH,1778.86
9/18/2023 16:00,9/18/2023 12:00,SOUTH,2034.913
9/18/2023 17:00,9/18/2023 13:00,SOUTH,2088.626
9/18/2023 18:00,9/18/2023 14:00,SOUTH,2115.824
9/18/2023 19:00,9/18/2023 15:00,SOUTH,2105.75
9/18/2023 20:00,9/18/2023 16:00,SOUTH,2030.307
9/18/2023 21:00,9/18/2023 17:00,SOUTH,1520.244
9/18/2023 22:00,9/18/2023 18:00,SOUTH,389.094
9/18/2023 23:00,9/18/2023 19:00,SOUTH,-1.525
9/19/2023 0:00,9/18/2023 20:00,SOUTH,-4.599
9/19/2023 1:00,9/18/2023 21:00,SOUTH,-4.727
9/19/2023 2:00,9/18/2023 22:00,SOUTH,-4.463
9/19/2023 3:00,9/18/2023 23:00,SOUTH,-4.643
9/19/2023 4:00,9/19/2023 0:00,SOUTH,-4.714
9/19/2023 5:00,9/19/2023 1:00,SOUTH,-4.55
9/19/2023 6:00,9/19/2023 2:00,SOUTH,-4.687
9/19/2023 7:00,9/19/2023 3:00,SOUTH,-4.677
9/19/2023 8:00,9/19/2023 4:00,SOUTH,-4.601
9/19/2023 9:00,9/19/2023 5:00,SOUTH,-4.752
9/19/2023 10:00,9/19/2023 6:00,SOUTH,-3.615
9/19/2023 11:00,9/19/2023 7:00,SOUTH,332.616
9/19/2023 12:00,9/19/2023 8:00,SOUTH,1620.919
9/19/2023 13:00,9/19/2023 9:00,SOUTH,2131.736
9/19/2023 14:00,9/19/2023 10:00,SOUTH,2395.452
9/19/2023 15:00,9/19/2023 11:00,SOUTH,2457.786
9/19/2023 16:00,9/19/2023 12:00,SOUTH,2464.141
9/19/2023 17:00,9/19/2023 13:00,SOUTH,2425.797
9/19/2023 18:00,9/19/2023 14:00,SOUTH,2484.408
9/19/2023 19:00,9/19/2023 15:00,SOUTH,2452.808
9/19/2023 20:00,9/19/2023 16:00,SOUTH,2346.758
9/19/2023 21:00,9/19/2023 17:00,SOUTH,1537.579
9/19/2023 22:00,9/19/2023 18:00,SOUTH,388.419
9/19/2023 23:00,9/19/2023 19:00,SOUTH,-2.341
9/20/2023 0:00,9/19/2023 20:00,SOUTH,-4.892
9/20/2023 1:00,9/19/2023 21:00,SOUTH,-4.559
9/20/2023 2:00,9/19/2023 22:00,SOUTH,-4.652
9/20/2023 3:00,9/19/2023 23:00,SOUTH,-4.471
9/20/2023 4:00,9/20/2023 0:00,SOUTH,-4.769
9/20/2023 5:00,9/20/2023 1:00,SOUTH,-4.824
9/20/2023 6:00,9/20/2023 2:00,SOUTH,-4.516
9/20/2023 7:00,9/20/2023 3:00,SOUTH,-4.827
9/20/2023 8:00,9/20/2023 4:00,SOUTH,-4.713
9/20/2023 9:00,9/20/2023 5:00,SOUTH,-4.743
9/20/2023 10:00,9/20/2023 6:00,SOUTH,-4.117
9/20/2023 11:00,9/20/2023 7:00,SOUTH,225.374
9/20/2023 12:00,9/20/2023 8:00,SOUTH,1188.73
9/20/2023 13:00,9/20/2023 9:00,SOUTH,1844.943
9/20/2023 14:00,9/20/2023 10:00,SOUTH,2290.579
9/20/2023 15:00,9/20/2023 11:00,SOUTH,2469.314
9/20/2023 16:00,9/20/2023 12:00,SOUTH,2513.021
9/20/2023 17:00,9/20/2023 13:00,SOUTH,2263.631
9/20/2023 18:00,9/20/2023 14:00,SOUTH,2054.8
9/20/2023 19:00,9/20/2023 15:00,SOUTH,2087.553
9/20/2023 20:00,9/20/2023 16:00,SOUTH,2148.133
9/20/2023 21:00,9/20/2023 17:00,SOUTH,1540.669
9/20/2023 22:00,9/20/2023 18:00,SOUTH,343.926
9/20/2023 23:00,9/20/2023 19:00,SOUTH,-3.547
9/21/2023 0:00,9/20/2023 20:00,SOUTH,-4.95
9/21/2023 1:00,9/20/2023 21:00,SOUTH,-4.44
9/21/2023 2:00,9/20/2023 22:00,SOUTH,-4.37
9/21/2023 3:00,9/20/2023 23:00,SOUTH,-4.653
9/21/2023 4:00,9/21/2023 0:00,SOUTH,-4.44
9/21/2023 5:00,9/21/2023 1:00,SOUTH,-4.693
9/21/2023 6:00,9/21/2023 2:00,SOUTH,-4.734
9/21/2023 7:00,9/21/2023 3:00,SOUTH,-4.741
9/21/2023 8:00,9/21/2023 4:00,SOUTH,-4.801
9/21/2023 9:00,9/21/2023 5:00,SOUTH,-4.691
9/21/2023 10:00,9/21/2023 6:00,SOUTH,-3.939
9/21/2023 11:00,9/21/2023 7:00,SOUTH,185.922
9/21/2023 12:00,9/21/2023 8:00,SOUTH,805.67
9/21/2023 13:00,9/21/2023 9:00,SOUTH,1346.953
9/21/2023 14:00,9/21/2023 10:00,SOUTH,1599.006
9/21/2023 15:00,9/21/2023 11:00,SOUTH,1810.427
9/21/2023 16:00,9/21/2023 12:00,SOUTH,2003.096
9/21/2023 17:00,9/21/2023 13:00,SOUTH,2108.294
9/21/2023 18:00,9/21/2023 14:00,SOUTH,1919.6
9/21/2023 19:00,9/21/2023 15:00,SOUTH,1671.435
9/21/2023 20:00,9/21/2023 16:00,SOUTH,1718.065
9/21/2023 21:00,9/21/2023 17:00,SOUTH,1160.683
9/21/2023 22:00,9/21/2023 18:00,SOUTH,307.118
9/21/2023 23:00,9/21/2023 19:00,SOUTH,-2.934
9/22/2023 0:00,9/21/2023 20:00,SOUTH,-4.864
9/22/2023 1:00,9/21/2023 21:00,SOUTH,-4.62
9/22/2023 2:00,9/21/2023 22:00,SOUTH,-4.48
9/22/2023 3:00,9/21/2023 23:00,SOUTH,-4.801
9/22/2023 4:00,9/22/2023 0:00,SOUTH,-4.567
9/22/2023 5:00,9/22/2023 1:00,SOUTH,-4.837
9/22/2023 6:00,9/22/2023 2:00,SOUTH,-4.635
9/22/2023 7:00,9/22/2023 3:00,SOUTH,-4.604
9/22/2023 8:00,9/22/2023 4:00,SOUTH,-4.736
9/22/2023 9:00,9/22/2023 5:00,SOUTH,-4.613
9/22/2023 10:00,9/22/2023 6:00,SOUTH,-4.856
9/22/2023 11:00,9/22/2023 7:00,SOUTH,79.884
9/22/2023 12:00,9/22/2023 8:00,SOUTH,433.829
9/22/2023 13:00,9/22/2023 9:00,SOUTH,686.076
9/22/2023 14:00,9/22/2023 10:00,SOUTH,833.378
9/22/2023 15:00,9/22/2023 11:00,SOUTH,910.735
9/22/2023 16:00,9/22/2023 12:00,SOUTH,945.194
9/22/2023 17:00,9/22/2023 13:00,SOUTH,884.346
9/22/2023 18:00,9/22/2023 14:00,SOUTH,714.465
9/22/2023 19:00,9/22/2023 15:00,SOUTH,437.169
9/22/2023 20:00,9/22/2023 16:00,SOUTH,263.596
9/22/2023 21:00,9/22/2023 17:00,SOUTH,106.046
9/22/2023 22:00,9/22/2023 18:00,SOUTH,19.8
9/22/2023 23:00,9/22/2023 19:00,SOUTH,-3.781
9/23/2023 0:00,9/22/2023 20:00,SOUTH,-4.443
9/23/2023 1:00,9/22/2023 21:00,SOUTH,-4.494
9/23/2023 2:00,9/22/2023 22:00,SOUTH,-4.705
9/23/2023 3:00,9/22/2023 23:00,SOUTH,-4.56
9/23/2023 4:00,9/23/2023 0:00,SOUTH,-4.623
9/23/2023 5:00,9/23/2023 1:00,SOUTH,-4.679
9/23/2023 6:00,9/23/2023 2:00,SOUTH,-4.323
9/23/2023 7:00,9/23/2023 3:00,SOUTH,-4.498
9/23/2023 8:00,9/23/2023 4:00,SOUTH,-4.473
9/23/2023 9:00,9/23/2023 5:00,SOUTH,-4.126
9/23/2023 10:00,9/23/2023 6:00,SOUTH,-4.548
9/23/2023 11:00,9/23/2023 7:00,SOUTH,15.377
9/23/2023 12:00,9/23/2023 8:00,SOUTH,77.142
9/23/2023 13:00,9/23/2023 9:00,SOUTH,162.498
9/23/2023 14:00,9/23/2023 10:00,SOUTH,289.536
9/23/2023 15:00,9/23/2023 11:00,SOUTH,365.472
9/23/2023 16:00,9/23/2023 12:00,SOUTH,416.524
9/23/2023 17:00,9/23/2023 13:00,SOUTH,372.63
9/23/2023 18:00,9/23/2023 14:00,SOUTH,353.566
9/23/2023 19:00,9/23/2023 15:00,SOUTH,293.261
9/23/2023 20:00,9/23/2023 16:00,SOUTH,200.663
9/23/2023 21:00,9/23/2023 17:00,SOUTH,111.861
9/23/2023 22:00,9/23/2023 18:00,SOUTH,19.854
9/23/2023 23:00,9/23/2023 19:00,SOUTH,-4.199
9/24/2023 0:00,9/23/2023 20:00,SOUTH,-4.284
9/24/2023 1:00,9/23/2023 21:00,SOUTH,-4.324
9/24/2023 2:00,9/23/2023 22:00,SOUTH,-4.462
9/24/2023 3:00,9/23/2023 23:00,SOUTH,-4.31
9/24/2023 4:00,9/24/2023 0:00,SOUTH,-4.446
9/24/2023 5:00,9/24/2023 1:00,SOUTH,-4.236
9/24/2023 6:00,9/24/2023 2:00,SOUTH,-4.351
9/24/2023 7:00,9/24/2023 3:00,SOUTH,-4.348
9/24/2023 8:00,9/24/2023 4:00,SOUTH,-4.383
9/24/2023 9:00,9/24/2023 5:00,SOUTH,-4.438
9/24/2023 10:00,9/24/2023 6:00,SOUTH,-4.199
9/24/2023 11:00,9/24/2023 7:00,SOUTH,78.849
9/24/2023 12:00,9/24/2023 8:00,SOUTH,440.484
9/24/2023 13:00,9/24/2023 9:00,SOUTH,997.344
9/24/2023 14:00,9/24/2023 10:00,SOUTH,1349.121
9/24/2023 15:00,9/24/2023 11:00,SOUTH,1476.756
9/24/2023 16:00,9/24/2023 12:00,SOUTH,1564.487
9/24/2023 17:00,9/24/2023 13:00,SOUTH,1530.57
9/24/2023 18:00,9/24/2023 14:00,SOUTH,1286.34
9/24/2023 19:00,9/24/2023 15:00,SOUTH,1005.15
9/24/2023 20:00,9/24/2023 16:00,SOUTH,738.824
9/24/2023 21:00,9/24/2023 17:00,SOUTH,550.452
9/24/2023 22:00,9/24/2023 18:00,SOUTH,105.75
9/24/2023 23:00,9/24/2023 19:00,SOUTH,-4.491
9/25/2023 0:00,9/24/2023 20:00,SOUTH,-4.503
9/25/2023 1:00,9/24/2023 21:00,SOUTH,-4.497
9/25/2023 2:00,9/24/2023 22:00,SOUTH,-4.684
9/25/2023 3:00,9/24/2023 23:00,SOUTH,-4.498
9/25/2023 4:00,9/25/2023 0:00,SOUTH,-4.638
9/25/2023 5:00,9/25/2023 1:00,SOUTH,-4.608
9/25/2023 6:00,9/25/2023 2:00,SOUTH,-4.372
9/25/2023 7:00,9/25/2023 3:00,SOUTH,-4.535
9/25/2023 8:00,9/25/2023 4:00,SOUTH,-4.541
9/25/2023 9:00,9/25/2023 5:00,SOUTH,-4.527
9/25/2023 10:00,9/25/2023 6:00,SOUTH,-4.401
9/25/2023 11:00,9/25/2023 7:00,SOUTH,101.631
9/25/2023 12:00,9/25/2023 8:00,SOUTH,448.531
9/25/2023 13:00,9/25/2023 9:00,SOUTH,769.429
9/25/2023 14:00,9/25/2023 10:00,SOUTH,1084.545
9/25/2023 15:00,9/25/2023 11:00,SOUTH,1453.483
9/25/2023 16:00,9/25/2023 12:00,SOUTH,1600.331
9/25/2023 17:00,9/25/2023 13:00,SOUTH,1564.053
9/25/2023 18:00,9/25/2023 14:00,SOUTH,1206.775
9/25/2023 19:00,9/25/2023 15:00,SOUTH,971.69
9/25/2023 20:00,9/25/2023 16:00,SOUTH,669.904
9/25/2023 21:00,9/25/2023 17:00,SOUTH,358.132
9/25/2023 22:00,9/25/2023 18:00,SOUTH,59.314
9/25/2023 23:00,9/25/2023 19:00,SOUTH,-4.745
9/26/2023 0:00,9/25/2023 20:00,SOUTH,-4.491
9/26/2023 1:00,9/25/2023 21:00,SOUTH,-4.312
9/26/2023 2:00,9/25/2023 22:00,SOUTH,-4.582
9/26/2023 3:00,9/25/2023 23:00,SOUTH,-4.337
9/26/2023 4:00,9/26/2023 0:00,SOUTH,-4.486
9/26/2023 5:00,9/26/2023 1:00,SOUTH,-4.45
9/26/2023 6:00,9/26/2023 2:00,SOUTH,-4.393
9/26/2023 7:00,9/26/2023 3:00,SOUTH,-4.483
9/26/2023 8:00,9/26/2023 4:00,SOUTH,-4.417
9/26/2023 9:00,9/26/2023 5:00,SOUTH,-4.538
9/26/2023 10:00,9/26/2023 6:00,SOUTH,-4.312
9/26/2023 11:00,9/26/2023 7:00,SOUTH,68.866
9/26/2023 12:00,9/26/2023 8:00,SOUTH,354.922
9/26/2023 13:00,9/26/2023 9:00,SOUTH,506.336
9/26/2023 14:00,9/26/2023 10:00,SOUTH,661.029
9/26/2023 15:00,9/26/2023 11:00,SOUTH,879.128
9/26/2023 16:00,9/26/2023 12:00,SOUTH,1065.623
9/26/2023 17:00,9/26/2023 13:00,SOUTH,1000.092
9/26/2023 18:00,9/26/2023 14:00,SOUTH,860.279
9/26/2023 19:00,9/26/2023 15:00,SOUTH,634.901
9/26/2023 20:00,9/26/2023 16:00,SOUTH,360.998
9/26/2023 21:00,9/26/2023 17:00,SOUTH,173.815
9/26/2023 22:00,9/26/2023 18:00,SOUTH,37.492
9/26/2023 23:00,9/26/2023 19:00,SOUTH,-4.769
9/27/2023 0:00,9/26/2023 20:00,SOUTH,-4.327
9/27/2023 1:00,9/26/2023 21:00,SOUTH,-4.569
9/27/2023 2:00,9/26/2023 22:00,SOUTH,-4.379
9/27/2023 3:00,9/26/2023 23:00,SOUTH,-4.558
9/27/2023 4:00,9/27/2023 0:00,SOUTH,-4.489
9/27/2023 5:00,9/27/2023 1:00,SOUTH,-4.406
9/27/2023 6:00,9/27/2023 2:00,SOUTH,-4.558
9/27/2023 7:00,9/27/2023 3:00,SOUTH,-4.291
9/27/2023 8:00,9/27/2023 4:00,SOUTH,-4.465
9/27/2023 9:00,9/27/2023 5:00,SOUTH,-4.6
9/27/2023 10:00,9/27/2023 6:00,SOUTH,-4.366
9/27/2023 11:00,9/27/2023 7:00,SOUTH,30.71
9/27/2023 12:00,9/27/2023 8:00,SOUTH,199.208
9/27/2023 13:00,9/27/2023 9:00,SOUTH,480.47
9/27/2023 14:00,9/27/2023 10:00,SOUTH,725.097
9/27/2023 15:00,9/27/2023 11:00,SOUTH,900.109
9/27/2023 16:00,9/27/2023 12:00,SOUTH,1005.019
9/27/2023 17:00,9/27/2023 13:00,SOUTH,934.589
9/27/2023 18:00,9/27/2023 14:00,SOUTH,910.914
9/27/2023 19:00,9/27/2023 15:00,SOUTH,696.714
9/27/2023 20:00,9/27/2023 16:00,SOUTH,493.535
9/27/2023 21:00,9/27/2023 17:00,SOUTH,261.527
9/27/2023 22:00,9/27/2023 18:00,SOUTH,49.353
9/27/2023 23:00,9/27/2023 19:00,SOUTH,-4.547
9/28/2023 0:00,9/27/2023 20:00,SOUTH,-4.266
9/28/2023 1:00,9/27/2023 21:00,SOUTH,-4.441
9/28/2023 2:00,9/27/2023 22:00,SOUTH,-4.19
9/28/2023 3:00,9/27/2023 23:00,SOUTH,-4.254
9/28/2023 4:00,9/28/2023 0:00,SOUTH,-4.427
9/28/2023 5:00,9/28/2023 1:00,SOUTH,-4.16
9/28/2023 6:00,9/28/2023 2:00,SOUTH,-4.392
9/28/2023 7:00,9/28/2023 3:00,SOUTH,-4.215
9/28/2023 8:00,9/28/2023 4:00,SOUTH,-4.515
9/28/2023 9:00,9/28/2023 5:00,SOUTH,-4.415
9/28/2023 10:00,9/28/2023 6:00,SOUTH,-4.231
9/28/2023 11:00,9/28/2023 7:00,SOUTH,50.575
9/28/2023 12:00,9/28/2023 8:00,SOUTH,392.051
9/28/2023 13:00,9/28/2023 9:00,SOUTH,870.045
9/28/2023 14:00,9/28/2023 10:00,SOUTH,1214.626
9/28/2023 15:00,9/28/2023 11:00,SOUTH,1408.005
9/28/2023 16:00,9/28/2023 12:00,SOUTH,1515.525
9/28/2023 17:00,9/28/2023 13:00,SOUTH,1441.447
9/28/2023 18:00,9/28/2023 14:00,SOUTH,1100.354
9/28/2023 19:00,9/28/2023 15:00,SOUTH,898.516
9/28/2023 20:00,9/28/2023 16:00,SOUTH,705.05
9/28/2023 21:00,9/28/2023 17:00,SOUTH,435.535
9/28/2023 22:00,9/28/2023 18:00,SOUTH,81.786
9/28/2023 23:00,9/28/2023 19:00,SOUTH,-4.54
9/29/2023 0:00,9/28/2023 20:00,SOUTH,-4.309
9/29/2023 1:00,9/28/2023 21:00,SOUTH,-4.465
9/29/2023 2:00,9/28/2023 22:00,SOUTH,-4.235
9/29/2023 3:00,9/28/2023 23:00,SOUTH,-4.534
9/29/2023 4:00,9/29/2023 0:00,SOUTH,-4.289
9/29/2023 5:00,9/29/2023 1:00,SOUTH,-4.315
9/29/2023 6:00,9/29/2023 2:00,SOUTH,-4.616
9/29/2023 7:00,9/29/2023 3:00,SOUTH,-4.32
9/29/2023 8:00,9/29/2023 4:00,SOUTH,-3.776
9/29/2023 9:00,9/29/2023 5:00,SOUTH,-4.282
9/29/2023 10:00,9/29/2023 6:00,SOUTH,-4.514
9/29/2023 11:00,9/29/2023 7:00,SOUTH,21.635
9/29/2023 12:00,9/29/2023 8:00,SOUTH,179.165
9/29/2023 13:00,9/29/2023 9:00,SOUTH,371.57
9/29/2023 14:00,9/29/2023 10:00,SOUTH,595.105
9/29/2023 15:00,9/29/2023 11:00,SOUTH,995.952
9/29/2023 16:00,9/29/2023 12:00,SOUTH,1279.985
9/29/2023 17:00,9/29/2023 13:00,SOUTH,1398.67
9/29/2023 18:00,9/29/2023 14:00,SOUTH,1227.948
9/29/2023 19:00,9/29/2023 15:00,SOUTH,1021.398
9/29/2023 20:00,9/29/2023 16:00,SOUTH,905.242
9/29/2023 21:00,9/29/2023 17:00,SOUTH,474.162
9/29/2023 22:00,9/29/2023 18:00,SOUTH,73.384
9/29/2023 23:00,9/29/2023 19:00,SOUTH,-4.608
9/30/2023 0:00,9/29/2023 20:00,SOUTH,-4.764
9/30/2023 1:00,9/29/2023 21:00,SOUTH,-4.564
9/30/2023 2:00,9/29/2023 22:00,SOUTH,-4.804
9/30/2023 3:00,9/29/2023 23:00,SOUTH,-4.708
9/30/2023 4:00,9/30/2023 0:00,SOUTH,-4.695
9/30/2023 5:00,9/30/2023 1:00,SOUTH,-4.847
9/30/2023 6:00,9/30/2023 2:00,SOUTH,-4.537
9/30/2023 7:00,9/30/2023 3:00,SOUTH,-4.847
9/30/2023 8:00,9/30/2023 4:00,SOUTH,-4.571
9/30/2023 9:00,9/30/2023 5:00,SOUTH,-4.778
9/30/2023 10:00,9/30/2023 6:00,SOUTH,-4.793
9/30/2023 11:00,9/30/2023 7:00,SOUTH,44.147
9/30/2023 12:00,9/30/2023 8:00,SOUTH,319.09
9/30/2023 13:00,9/30/2023 9:00,SOUTH,644.694
9/30/2023 14:00,9/30/2023 10:00,SOUTH,890.795
9/30/2023 15:00,9/30/2023 11:00,SOUTH,952.417
9/30/2023 16:00,9/30/2023 12:00,SOUTH,1197.382
9/30/2023 17:00,9/30/2023 13:00,SOUTH,1225.286
9/30/2023 18:00,9/30/2023 14:00,SOUTH,1180.873
9/30/2023 19:00,9/30/2023 15:00,SOUTH,1117.119
9/30/2023 20:00,9/30/2023 16:00,SOUTH,958.149
9/30/2023 21:00,9/30/2023 17:00,SOUTH,644.12
9/30/2023 22:00,9/30/2023 18:00,SOUTH,73.899
9/30/2023 23:00,9/30/2023 19:00,SOUTH,-4.952
10/1/2023 0:00,9/30/2023 20:00,SOUTH,-4.815
10/1/2023 1:00,9/30/2023 21:00,SOUTH,-4.718
10/1/2023 2:00,9/30/2023 22:00,SOUTH,-4.92
10/1/2023 3:00,9/30/2023 23:00,SOUTH,-4.639
10/1/2023 4:00,10/1/2023 0:00,SOUTH,-4.73
10/1/2023 5:00,10/1/2023 1:00,SOUTH,-4.745
10/1/2023 6:00,10/1/2023 2:00,SOUTH,-4.821
10/1/2023 7:00,10/1/2023 3:00,SOUTH,-4.793
10/1/2023 8:00,10/1/2023 4:00,SOUTH,-4.811
10/1/2023 9:00,10/1/2023 5:00,SOUTH,-4.736
10/1/2023 10:00,10/1/2023 6:00,SOUTH,-4.638
10/1/2023 11:00,10/1/2023 7:00,SOUTH,196.376
10/1/2023 12:00,10/1/2023 8:00,SOUTH,1433.223
10/1/2023 13:00,10/1/2023 9:00,SOUTH,2349.623
10/1/2023 14:00,10/1/2023 10:00,SOUTH,2527.01
10/1/2023 15:00,10/1/2023 11:00,SOUTH,2481.007
10/1/2023 16:00,10/1/2023 12:00,SOUTH,2407.499
10/1/2023 17:00,10/1/2023 13:00,SOUTH,2336.191
10/1/2023 18:00,10/1/2023 14:00,SOUTH,2305.464
10/1/2023 19:00,10/1/2023 15:00,SOUTH,2090.818
10/1/2023 20:00,10/1/2023 16:00,SOUTH,1740.7
10/1/2023 21:00,10/1/2023 17:00,SOUTH,929.534
10/1/2023 22:00,10/1/2023 18:00,SOUTH,136.374
10/1/2023 23:00,10/1/2023 19:00,SOUTH,-5.276
10/2/2023 0:00,10/1/2023 20:00,SOUTH,-5.075
10/2/2023 1:00,10/1/2023 21:00,SOUTH,-4.541
10/2/2023 2:00,10/1/2023 22:00,SOUTH,-4.794
10/2/2023 3:00,10/1/2023 23:00,SOUTH,-4.738
10/2/2023 4:00,10/2/2023 0:00,SOUTH,-4.749
10/2/2023 5:00,10/2/2023 1:00,SOUTH,-4.768
10/2/2023 6:00,10/2/2023 2:00,SOUTH,-4.795
10/2/2023 7:00,10/2/2023 3:00,SOUTH,-5.006
10/2/2023 8:00,10/2/2023 4:00,SOUTH,-4.594
10/2/2023 9:00,10/2/2023 5:00,SOUTH,-4.848
10/2/2023 10:00,10/2/2023 6:00,SOUTH,-4.481
10/2/2023 11:00,10/2/2023 7:00,SOUTH,195.016
10/2/2023 12:00,10/2/2023 8:00,SOUTH,1407.842
10/2/2023 13:00,10/2/2023 9:00,SOUTH,2271.452
10/2/2023 14:00,10/2/2023 10:00,SOUTH,2462.631
10/2/2023 15:00,10/2/2023 11:00,SOUTH,2494.74
10/2/2023 16:00,10/2/2023 12:00,SOUTH,2337.548
10/2/2023 17:00,10/2/2023 13:00,SOUTH,2124.013
10/2/2023 18:00,10/2/2023 14:00,SOUTH,2414.143
10/2/2023 19:00,10/2/2023 15:00,SOUTH,2430.303
10/2/2023 20:00,10/2/2023 16:00,SOUTH,2164.331
10/2/2023 21:00,10/2/2023 17:00,SOUTH,1198.512
10/2/2023 22:00,10/2/2023 18:00,SOUTH,141.302
10/2/2023 23:00,10/2/2023 19:00,SOUTH,-5.143
10/3/2023 0:00,10/2/2023 20:00,SOUTH,-4.916
10/3/2023 1:00,10/2/2023 21:00,SOUTH,-4.547
10/3/2023 2:00,10/2/2023 22:00,SOUTH,-4.661
10/3/2023 3:00,10/2/2023 23:00,SOUTH,-4.656
10/3/2023 4:00,10/3/2023 0:00,SOUTH,-4.839
10/3/2023 5:00,10/3/2023 1:00,SOUTH,-4.754
10/3/2023 6:00,10/3/2023 2:00,SOUTH,-4.646
10/3/2023 7:00,10/3/2023 3:00,SOUTH,-4.823
10/3/2023 8:00,10/3/2023 4:00,SOUTH,-4.765
10/3/2023 9:00,10/3/2023 5:00,SOUTH,-4.85
10/3/2023 10:00,10/3/2023 6:00,SOUTH,-4.57
10/3/2023 11:00,10/3/2023 7:00,SOUTH,163.279
10/3/2023 12:00,10/3/2023 8:00,SOUTH,1236.553
10/3/2023 13:00,10/3/2023 9:00,SOUTH,2231.483
10/3/2023 14:00,10/3/2023 10:00,SOUTH,2242.332
10/3/2023 15:00,10/3/2023 11:00,SOUTH,2237.094
10/3/2023 16:00,10/3/2023 12:00,SOUTH,2144.271
10/3/2023 17:00,10/3/2023 13:00,SOUTH,2181.415
10/3/2023 18:00,10/3/2023 14:00,SOUTH,2103.947
10/3/2023 19:00,10/3/2023 15:00,SOUTH,2129.197
10/3/2023 20:00,10/3/2023 16:00,SOUTH,1849.202
10/3/2023 21:00,10/3/2023 17:00,SOUTH,997.197
10/3/2023 22:00,10/3/2023 18:00,SOUTH,121.559
10/3/2023 23:00,10/3/2023 19:00,SOUTH,-5.126
10/4/2023 0:00,10/3/2023 20:00,SOUTH,-4.726
10/4/2023 1:00,10/3/2023 21:00,SOUTH,-4.72
10/4/2023 2:00,10/3/2023 22:00,SOUTH,-4.626
10/4/2023 3:00,10/3/2023 23:00,SOUTH,-4.524
10/4/2023 4:00,10/4/2023 0:00,SOUTH,-4.715
10/4/2023 5:00,10/4/2023 1:00,SOUTH,-4.605
10/4/2023 6:00,10/4/2023 2:00,SOUTH,-4.79
10/4/2023 7:00,10/4/2023 3:00,SOUTH,-4.618
10/4/2023 8:00,10/4/2023 4:00,SOUTH,-4.671
10/4/2023 9:00,10/4/2023 5:00,SOUTH,-4.889
10/4/2023 10:00,10/4/2023 6:00,SOUTH,-4.415
10/4/2023 11:00,10/4/2023 7:00,SOUTH,167.302
10/4/2023 12:00,10/4/2023 8:00,SOUTH,1295.943
10/4/2023 13:00,10/4/2023 9:00,SOUTH,2263.269
10/4/2023 14:00,10/4/2023 10:00,SOUTH,2367.024
10/4/2023 15:00,10/4/2023 11:00,SOUTH,2380.881
10/4/2023 16:00,10/4/2023 12:00,SOUTH,2381.582
10/4/2023 17:00,10/4/2023 13:00,SOUTH,2417.273
10/4/2023 18:00,10/4/2023 14:00,SOUTH,2353.97
10/4/2023 19:00,10/4/2023 15:00,SOUTH,2306.523
10/4/2023 20:00,10/4/2023 16:00,SOUTH,2178.983
10/4/2023 21:00,10/4/2023 17:00,SOUTH,1255.804
10/4/2023 22:00,10/4/2023 18:00,SOUTH,135.547
10/4/2023 23:00,10/4/2023 19:00,SOUTH,-5.354
10/5/2023 0:00,10/4/2023 20:00,SOUTH,-4.964
10/5/2023 1:00,10/4/2023 21:00,SOUTH,-4.451
10/5/2023 2:00,10/4/2023 22:00,SOUTH,-4.649
10/5/2023 3:00,10/4/2023 23:00,SOUTH,-4.517
10/5/2023 4:00,10/5/2023 0:00,SOUTH,-4.826
10/5/2023 5:00,10/5/2023 1:00,SOUTH,-4.684
10/5/2023 6:00,10/5/2023 2:00,SOUTH,-4.752
10/5/2023 7:00,10/5/2023 3:00,SOUTH,-4.75
10/5/2023 8:00,10/5/2023 4:00,SOUTH,-4.92
10/5/2023 9:00,10/5/2023 5:00,SOUTH,-4.876
10/5/2023 10:00,10/5/2023 6:00,SOUTH,-4.662
10/5/2023 11:00,10/5/2023 7:00,SOUTH,131.158
10/5/2023 12:00,10/5/2023 8:00,SOUTH,1117.129
10/5/2023 13:00,10/5/2023 9:00,SOUTH,2104.583
10/5/2023 14:00,10/5/2023 10:00,SOUTH,2352.761
10/5/2023 15:00,10/5/2023 11:00,SOUTH,2015.699
10/5/2023 16:00,10/5/2023 12:00,SOUTH,1755.76
10/5/2023 17:00,10/5/2023 13:00,SOUTH,1812.63
10/5/2023 18:00,10/5/2023 14:00,SOUTH,2008.226
10/5/2023 19:00,10/5/2023 15:00,SOUTH,2045.901
10/5/2023 20:00,10/5/2023 16:00,SOUTH,1830.877
10/5/2023 21:00,10/5/2023 17:00,SOUTH,869.154
10/5/2023 22:00,10/5/2023 18:00,SOUTH,78.717
10/5/2023 23:00,10/5/2023 19:00,SOUTH,-5.073
10/6/2023 0:00,10/5/2023 20:00,SOUTH,-4.773
10/6/2023 1:00,10/5/2023 21:00,SOUTH,-4.967
10/6/2023 2:00,10/5/2023 22:00,SOUTH,-4.544
10/6/2023 3:00,10/5/2023 23:00,SOUTH,-4.889
10/6/2023 4:00,10/6/2023 0:00,SOUTH,-4.554
10/6/2023 5:00,10/6/2023 1:00,SOUTH,-4.762
10/6/2023 6:00,10/6/2023 2:00,SOUTH,-4.678
10/6/2023 7:00,10/6/2023 3:00,SOUTH,-4.788
10/6/2023 8:00,10/6/2023 4:00,SOUTH,-4.779
10/6/2023 9:00,10/6/2023 5:00,SOUTH,-4.775
10/6/2023 10:00,10/6/2023 6:00,SOUTH,-4.886
10/6/2023 11:00,10/6/2023 7:00,SOUTH,117.571
10/6/2023 12:00,10/6/2023 8:00,SOUTH,688.214
10/6/2023 13:00,10/6/2023 9:00,SOUTH,1070.354
10/6/2023 14:00,10/6/2023 10:00,SOUTH,1281.357
10/6/2023 15:00,10/6/2023 11:00,SOUTH,1461.672
10/6/2023 16:00,10/6/2023 12:00,SOUTH,1616.721
10/6/2023 17:00,10/6/2023 13:00,SOUTH,1666.113
10/6/2023 18:00,10/6/2023 14:00,SOUTH,1555.556
10/6/2023 19:00,10/6/2023 15:00,SOUTH,1381.824
10/6/2023 20:00,10/6/2023 16:00,SOUTH,763.161
10/6/2023 21:00,10/6/2023 17:00,SOUTH,416.206
10/6/2023 22:00,10/6/2023 18:00,SOUTH,56.774
10/6/2023 23:00,10/6/2023 19:00,SOUTH,-5.136
10/7/2023 0:00,10/6/2023 20:00,SOUTH,-4.752
10/7/2023 1:00,10/6/2023 21:00,SOUTH,-4.83
10/7/2023 2:00,10/6/2023 22:00,SOUTH,-4.64
10/7/2023 3:00,10/6/2023 23:00,SOUTH,-4.939
10/7/2023 4:00,10/7/2023 0:00,SOUTH,-4.743
10/7/2023 5:00,10/7/2023 1:00,SOUTH,-4.915
10/7/2023 6:00,10/7/2023 2:00,SOUTH,-4.747
10/7/2023 7:00,10/7/2023 3:00,SOUTH,-4.719
10/7/2023 8:00,10/7/2023 4:00,SOUTH,-4.869
10/7/2023 9:00,10/7/2023 5:00,SOUTH,-4.631
10/7/2023 10:00,10/7/2023 6:00,SOUTH,-4.868
10/7/2023 11:00,10/7/2023 7:00,SOUTH,96.621
10/7/2023 12:00,10/7/2023 8:00,SOUTH,488.821
10/7/2023 13:00,10/7/2023 9:00,SOUTH,694.986
10/7/2023 14:00,10/7/2023 10:00,SOUTH,1085.92
10/7/2023 15:00,10/7/2023 11:00,SOUTH,1211.793
10/7/2023 16:00,10/7/2023 12:00,SOUTH,1393.328
10/7/2023 17:00,10/7/2023 13:00,SOUTH,1640.416
10/7/2023 18:00,10/7/2023 14:00,SOUTH,2077.394
10/7/2023 19:00,10/7/2023 15:00,SOUTH,2096.865
10/7/2023 20:00,10/7/2023 16:00,SOUTH,2029.466
10/7/2023 21:00,10/7/2023 17:00,SOUTH,1131.486
10/7/2023 22:00,10/7/2023 18:00,SOUTH,100.627
10/7/2023 23:00,10/7/2023 19:00,SOUTH,-4.91
10/8/2023 0:00,10/7/2023 20:00,SOUTH,-4.998
10/8/2023 1:00,10/7/2023 21:00,SOUTH,-4.694
10/8/2023 2:00,10/7/2023 22:00,SOUTH,-4.854
10/8/2023 3:00,10/7/2023 23:00,SOUTH,-4.758
10/8/2023 4:00,10/8/2023 0:00,SOUTH,-4.784
10/8/2023 5:00,10/8/2023 1:00,SOUTH,-4.743
10/8/2023 6:00,10/8/2023 2:00,SOUTH,-4.642
10/8/2023 7:00,10/8/2023 3:00,SOUTH,-4.882
10/8/2023 8:00,10/8/2023 4:00,SOUTH,-4.686
10/8/2023 9:00,10/8/2023 5:00,SOUTH,-4.948
10/8/2023 10:00,10/8/2023 6:00,SOUTH,-4.51
10/8/2023 11:00,10/8/2023 7:00,SOUTH,170.082
10/8/2023 12:00,10/8/2023 8:00,SOUTH,1454.059
10/8/2023 13:00,10/8/2023 9:00,SOUTH,2607.998
10/8/2023 14:00,10/8/2023 10:00,SOUTH,2818.386
10/8/2023 15:00,10/8/2023 11:00,SOUTH,2736.755
10/8/2023 16:00,10/8/2023 12:00,SOUTH,2626.529
10/8/2023 17:00,10/8/2023 13:00,SOUTH,2514.457
10/8/2023 18:00,10/8/2023 14:00,SOUTH,2348.887
10/8/2023 19:00,10/8/2023 15:00,SOUTH,2302.317
10/8/2023 20:00,10/8/2023 16:00,SOUTH,2043.078
10/8/2023 21:00,10/8/2023 17:00,SOUTH,909.856
10/8/2023 22:00,10/8/2023 18:00,SOUTH,70.462
10/8/2023 23:00,10/8/2023 19:00,SOUTH,-5.001
10/9/2023 0:00,10/8/2023 20:00,SOUTH,-4.758
10/9/2023 1:00,10/8/2023 21:00,SOUTH,-4.929
10/9/2023 2:00,10/8/2023 22:00,SOUTH,-4.899
10/9/2023 3:00,10/8/2023 23:00,SOUTH,-4.726
10/9/2023 4:00,10/9/2023 0:00,SOUTH,-4.735
10/9/2023 5:00,10/9/2023 1:00,SOUTH,-4.498
10/9/2023 6:00,10/9/2023 2:00,SOUTH,-4.648
10/9/2023 7:00,10/9/2023 3:00,SOUTH,-4.515
10/9/2023 8:00,10/9/2023 4:00,SOUTH,-4.518
10/9/2023 9:00,10/9/2023 5:00,SOUTH,-4.859
10/9/2023 10:00,10/9/2023 6:00,SOUTH,-4.477
10/9/2023 11:00,10/9/2023 7:00,SOUTH,152.68
10/9/2023 12:00,10/9/2023 8:00,SOUTH,1376.189
10/9/2023 13:00,10/9/2023 9:00,SOUTH,2355.976
10/9/2023 14:00,10/9/2023 10:00,SOUTH,2639.183
10/9/2023 15:00,10/9/2023 11:00,SOUTH,2561.638
10/9/2023 16:00,10/9/2023 12:00,SOUTH,2477.587
10/9/2023 17:00,10/9/2023 13:00,SOUTH,2516.197
10/9/2023 18:00,10/9/2023 14:00,SOUTH,2469.187
10/9/2023 19:00,10/9/2023 15:00,SOUTH,2284.538
10/9/2023 20:00,10/9/2023 16:00,SOUTH,1707.682
10/9/2023 21:00,10/9/2023 17:00,SOUTH,555.629
10/9/2023 22:00,10/9/2023 18:00,SOUTH,33.97
10/9/2023 23:00,10/9/2023 19:00,SOUTH,-4.529
10/10/2023 0:00,10/9/2023 20:00,SOUTH,-4.519
10/10/2023 1:00,10/9/2023 21:00,SOUTH,-4.665
10/10/2023 2:00,10/9/2023 22:00,SOUTH,-4.333
10/10/2023 3:00,10/9/2023 23:00,SOUTH,-4.59
10/10/2023 4:00,10/10/2023 0:00,SOUTH,-4.635
10/10/2023 5:00,10/10/2023 1:00,SOUTH,-4.657
10/10/2023 6:00,10/10/2023 2:00,SOUTH,-4.662
10/10/2023 7:00,10/10/2023 3:00,SOUTH,-4.718
10/10/2023 8:00,10/10/2023 4:00,SOUTH,-4.793
10/10/2023 9:00,10/10/2023 5:00,SOUTH,-4.867
10/10/2023 10:00,10/10/2023 6:00,SOUTH,-4.839
10/10/2023 11:00,10/10/2023 7:00,SOUTH,88.133
10/10/2023 12:00,10/10/2023 8:00,SOUTH,998.997
10/10/2023 13:00,10/10/2023 9:00,SOUTH,2202.953
10/10/2023 14:00,10/10/2023 10:00,SOUTH,2423.086
10/10/2023 15:00,10/10/2023 11:00,SOUTH,2434.159
10/10/2023 16:00,10/10/2023 12:00,SOUTH,2365.731
10/10/2023 17:00,10/10/2023 13:00,SOUTH,2256.039
10/10/2023 18:00,10/10/2023 14:00,SOUTH,2351.166
10/10/2023 19:00,10/10/2023 15:00,SOUTH,2357.889
10/10/2023 20:00,10/10/2023 16:00,SOUTH,1992.215
10/10/2023 21:00,10/10/2023 17:00,SOUTH,861.23
10/10/2023 22:00,10/10/2023 18:00,SOUTH,63.944
10/10/2023 23:00,10/10/2023 19:00,SOUTH,-4.881
10/11/2023 0:00,10/10/2023 20:00,SOUTH,-4.644
10/11/2023 1:00,10/10/2023 21:00,SOUTH,-4.792
10/11/2023 2:00,10/10/2023 22:00,SOUTH,-4.697
10/11/2023 3:00,10/10/2023 23:00,SOUTH,-4.589
10/11/2023 4:00,10/11/2023 0:00,SOUTH,-4.817
10/11/2023 5:00,10/11/2023 1:00,SOUTH,-4.815
10/11/2023 6:00,10/11/2023 2:00,SOUTH,-4.733
10/11/2023 7:00,10/11/2023 3:00,SOUTH,-4.847
10/11/2023 8:00,10/11/2023 4:00,SOUTH,-4.64
10/11/2023 9:00,10/11/2023 5:00,SOUTH,-4.73
10/11/2023 10:00,10/11/2023 6:00,SOUTH,-4.653
10/11/2023 11:00,10/11/2023 7:00,SOUTH,98.919
10/11/2023 12:00,10/11/2023 8:00,SOUTH,1028.573
10/11/2023 13:00,10/11/2023 9:00,SOUTH,1897.409
10/11/2023 14:00,10/11/2023 10:00,SOUTH,2317.475
10/11/2023 15:00,10/11/2023 11:00,SOUTH,2213.713
10/11/2023 16:00,10/11/2023 12:00,SOUTH,2087.437
10/11/2023 17:00,10/11/2023 13:00,SOUTH,2074.226
10/11/2023 18:00,10/11/2023 14:00,SOUTH,1713.713
10/11/2023 19:00,10/11/2023 15:00,SOUTH,1100.669
10/11/2023 20:00,10/11/2023 16:00,SOUTH,619.006
10/11/2023 21:00,10/11/2023 17:00,SOUTH,261.943
10/11/2023 22:00,10/11/2023 18:00,SOUTH,20.003
10/11/2023 23:00,10/11/2023 19:00,SOUTH,-4.675
10/12/2023 0:00,10/11/2023 20:00,SOUTH,-4.564
10/12/2023 1:00,10/11/2023 21:00,SOUTH,-4.676
10/12/2023 2:00,10/11/2023 22:00,SOUTH,-4.946
10/12/2023 3:00,10/11/2023 23:00,SOUTH,-4.639
10/12/2023 4:00,10/12/2023 0:00,SOUTH,-4.799
10/12/2023 5:00,10/12/2023 1:00,SOUTH,-4.831
10/12/2023 6:00,10/12/2023 2:00,SOUTH,-4.685
10/12/2023 7:00,10/12/2023 3:00,SOUTH,-5.076
10/12/2023 8:00,10/12/2023 4:00,SOUTH,-4.675
10/12/2023 9:00,10/12/2023 5:00,SOUTH,-5.016
10/12/2023 10:00,10/12/2023 6:00,SOUTH,-4.854
10/12/2023 11:00,10/12/2023 7:00,SOUTH,21.116
10/12/2023 12:00,10/12/2023 8:00,SOUTH,326.168
10/12/2023 13:00,10/12/2023 9:00,SOUTH,883.428
10/12/2023 14:00,10/12/2023 10:00,SOUTH,1357.464
10/12/2023 15:00,10/12/2023 11:00,SOUTH,1791.358
10/12/2023 16:00,10/12/2023 12:00,SOUTH,2010.625
10/12/2023 17:00,10/12/2023 13:00,SOUTH,2074.65
10/12/2023 18:00,10/12/2023 14:00,SOUTH,2297.325
10/12/2023 19:00,10/12/2023 15:00,SOUTH,2504.026
10/12/2023 20:00,10/12/2023 16:00,SOUTH,2256.877
10/12/2023 21:00,10/12/2023 17:00,SOUTH,1002.947
10/12/2023 22:00,10/12/2023 18:00,SOUTH,57.953
10/12/2023 23:00,10/12/2023 19:00,SOUTH,-5.279
10/13/2023 0:00,10/12/2023 20:00,SOUTH,-4.934
10/13/2023 1:00,10/12/2023 21:00,SOUTH,-4.97
10/13/2023 2:00,10/12/2023 22:00,SOUTH,-4.704
10/13/2023 3:00,10/12/2023 23:00,SOUTH,-4.89
10/13/2023 4:00,10/13/2023 0:00,SOUTH,-4.846
10/13/2023 5:00,10/13/2023 1:00,SOUTH,-4.79
10/13/2023 6:00,10/13/2023 2:00,SOUTH,-4.941
10/13/2023 7:00,10/13/2023 3:00,SOUTH,-4.661
10/13/2023 8:00,10/13/2023 4:00,SOUTH,-4.875
10/13/2023 9:00,10/13/2023 5:00,SOUTH,-4.771
10/13/2023 10:00,10/13/2023 6:00,SOUTH,-4.691
10/13/2023 11:00,10/13/2023 7:00,SOUTH,95.251
10/13/2023 12:00,10/13/2023 8:00,SOUTH,1111.433
10/13/2023 13:00,10/13/2023 9:00,SOUTH,2254.516
10/13/2023 14:00,10/13/2023 10:00,SOUTH,2550.321
10/13/2023 15:00,10/13/2023 11:00,SOUTH,2544.386
10/13/2023 16:00,10/13/2023 12:00,SOUTH,2509.132
10/13/2023 17:00,10/13/2023 13:00,SOUTH,2516.024
10/13/2023 18:00,10/13/2023 14:00,SOUTH,2536.267
10/13/2023 19:00,10/13/2023 15:00,SOUTH,2484.159
10/13/2023 20:00,10/13/2023 16:00,SOUTH,2142.281
10/13/2023 21:00,10/13/2023 17:00,SOUTH,929.53
10/13/2023 22:00,10/13/2023 18:00,SOUTH,48.703
10/13/2023 23:00,10/13/2023 19:00,SOUTH,-5.07
10/14/2023 0:00,10/13/2023 20:00,SOUTH,-4.784
10/14/2023 1:00,10/13/2023 21:00,SOUTH,-4.749
10/14/2023 2:00,10/13/2023 22:00,SOUTH,-4.823
10/14/2023 3:00,10/13/2023 23:00,SOUTH,-4.748
10/14/2023 4:00,10/14/2023 0:00,SOUTH,-4.833
10/14/2023 5:00,10/14/2023 1:00,SOUTH,-4.715
10/14/2023 6:00,10/14/2023 2:00,SOUTH,-4.64
10/14/2023 7:00,10/14/2023 3:00,SOUTH,-4.786
10/14/2023 8:00,10/14/2023 4:00,SOUTH,-4.883
10/14/2023 9:00,10/14/2023 5:00,SOUTH,-4.799
10/14/2023 10:00,10/14/2023 6:00,SOUTH,-4.809
10/14/2023 11:00,10/14/2023 7:00,SOUTH,31.611
10/14/2023 12:00,10/14/2023 8:00,SOUTH,147.078
10/14/2023 13:00,10/14/2023 9:00,SOUTH,184.519
10/14/2023 14:00,10/14/2023 10:00,SOUTH,225.926
10/14/2023 15:00,10/14/2023 11:00,SOUTH,350.474
10/14/2023 16:00,10/14/2023 12:00,SOUTH,361.284
10/14/2023 17:00,10/14/2023 13:00,SOUTH,276.764
10/14/2023 18:00,10/14/2023 14:00,SOUTH,338.149
10/14/2023 19:00,10/14/2023 15:00,SOUTH,294.523
10/14/2023 20:00,10/14/2023 16:00,SOUTH,244.676
10/14/2023 21:00,10/14/2023 17:00,SOUTH,118.383
10/14/2023 22:00,10/14/2023 18:00,SOUTH,1.782
10/14/2023 23:00,10/14/2023 19:00,SOUTH,-4.733
10/15/2023 0:00,10/14/2023 20:00,SOUTH,-4.684
10/15/2023 1:00,10/14/2023 21:00,SOUTH,-4.828
10/15/2023 2:00,10/14/2023 22:00,SOUTH,-4.92
10/15/2023 3:00,10/14/2023 23:00,SOUTH,-4.654
10/15/2023 4:00,10/15/2023 0:00,SOUTH,-5.011
10/15/2023 5:00,10/15/2023 1:00,SOUTH,-4.791
10/15/2023 6:00,10/15/2023 2:00,SOUTH,-4.67
10/15/2023 7:00,10/15/2023 3:00,SOUTH,-4.882
10/15/2023 8:00,10/15/2023 4:00,SOUTH,-4.795
10/15/2023 9:00,10/15/2023 5:00,SOUTH,-4.829
10/15/2023 10:00,10/15/2023 6:00,SOUTH,-4.851
10/15/2023 11:00,10/15/2023 7:00,SOUTH,32.372
10/15/2023 12:00,10/15/2023 8:00,SOUTH,557.931
10/15/2023 13:00,10/15/2023 9:00,SOUTH,1405.423
10/15/2023 14:00,10/15/2023 10:00,SOUTH,1799.968
10/15/2023 15:00,10/15/2023 11:00,SOUTH,1863.127
10/15/2023 16:00,10/15/2023 12:00,SOUTH,1855.828
10/15/2023 17:00,10/15/2023 13:00,SOUTH,1727.935
10/15/2023 18:00,10/15/2023 14:00,SOUTH,1649.543
10/15/2023 19:00,10/15/2023 15:00,SOUTH,1303.352
10/15/2023 20:00,10/15/2023 16:00,SOUTH,1173.979
10/15/2023 21:00,10/15/2023 17:00,SOUTH,643.763
10/15/2023 22:00,10/15/2023 18:00,SOUTH,33.661
10/15/2023 23:00,10/15/2023 19:00,SOUTH,-4.918
10/16/2023 0:00,10/15/2023 20:00,SOUTH,-4.83
10/16/2023 1:00,10/15/2023 21:00,SOUTH,-4.718
10/16/2023 2:00,10/15/2023 22:00,SOUTH,-4.816
10/16/2023 3:00,10/15/2023 23:00,SOUTH,-4.652
10/16/2023 4:00,10/16/2023 0:00,SOUTH,-4.709
10/16/2023 5:00,10/16/2023 1:00,SOUTH,-4.695
10/16/2023 6:00,10/16/2023 2:00,SOUTH,-4.703
10/16/2023 7:00,10/16/2023 3:00,SOUTH,-4.726
10/16/2023 8:00,10/16/2023 4:00,SOUTH,-4.979
10/16/2023 9:00,10/16/2023 5:00,SOUTH,-4.579
10/16/2023 10:00,10/16/2023 6:00,SOUTH,-4.86
10/16/2023 11:00,10/16/2023 7:00,SOUTH,72.651
10/16/2023 12:00,10/16/2023 8:00,SOUTH,756.381
10/16/2023 13:00,10/16/2023 9:00,SOUTH,1737.036
10/16/2023 14:00,10/16/2023 10:00,SOUTH,2357.917
10/16/2023 15:00,10/16/2023 11:00,SOUTH,2278.17
10/16/2023 16:00,10/16/2023 12:00,SOUTH,1982.048
10/16/2023 17:00,10/16/2023 13:00,SOUTH,1899.939
10/16/2023 18:00,10/16/2023 14:00,SOUTH,1679.653
10/16/2023 19:00,10/16/2023 15:00,SOUTH,1339.658
10/16/2023 20:00,10/16/2023 16:00,SOUTH,1055.223
10/16/2023 21:00,10/16/2023 17:00,SOUTH,609.668
10/16/2023 22:00,10/16/2023 18:00,SOUTH,66.506
10/16/2023 23:00,10/16/2023 19:00,SOUTH,-4.667
10/17/2023 0:00,10/16/2023 20:00,SOUTH,-4.851
10/17/2023 1:00,10/16/2023 21:00,SOUTH,-4.634
10/17/2023 2:00,10/16/2023 22:00,SOUTH,-4.884
10/17/2023 3:00,10/16/2023 23:00,SOUTH,-4.591
10/17/2023 4:00,10/17/2023 0:00,SOUTH,-4.753
10/17/2023 5:00,10/17/2023 1:00,SOUTH,-4.709
10/17/2023 6:00,10/17/2023 2:00,SOUTH,-4.609
10/17/2023 7:00,10/17/2023 3:00,SOUTH,-4.795
10/17/2023 8:00,10/17/2023 4:00,SOUTH,-4.719
10/17/2023 9:00,10/17/2023 5:00,SOUTH,-4.7
10/17/2023 10:00,10/17/2023 6:00,SOUTH,-4.764
10/17/2023 11:00,10/17/2023 7:00,SOUTH,86.296
10/17/2023 12:00,10/17/2023 8:00,SOUTH,960.91
10/17/2023 13:00,10/17/2023 9:00,SOUTH,1970.481
10/17/2023 14:00,10/17/2023 10:00,SOUTH,2073.005
10/17/2023 15:00,10/17/2023 11:00,SOUTH,2004.362
10/17/2023 16:00,10/17/2023 12:00,SOUTH,1913.867
10/17/2023 17:00,10/17/2023 13:00,SOUTH,1469.414
10/17/2023 18:00,10/17/2023 14:00,SOUTH,1080.068
10/17/2023 19:00,10/17/2023 15:00,SOUTH,875.084
10/17/2023 20:00,10/17/2023 16:00,SOUTH,702.931
10/17/2023 21:00,10/17/2023 17:00,SOUTH,321.585
10/17/2023 22:00,10/17/2023 18:00,SOUTH,11.82
10/17/2023 23:00,10/17/2023 19:00,SOUTH,-4.433
10/18/2023 0:00,10/17/2023 20:00,SOUTH,-4.34
10/18/2023 1:00,10/17/2023 21:00,SOUTH,-4.625
10/18/2023 2:00,10/17/2023 22:00,SOUTH,-4.415
10/18/2023 3:00,10/17/2023 23:00,SOUTH,-4.44
10/18/2023 4:00,10/18/2023 0:00,SOUTH,-4.524
10/18/2023 5:00,10/18/2023 1:00,SOUTH,-4.421
10/18/2023 6:00,10/18/2023 2:00,SOUTH,-4.38
10/18/2023 7:00,10/18/2023 3:00,SOUTH,-4.475
10/18/2023 8:00,10/18/2023 4:00,SOUTH,-4.401
10/18/2023 9:00,10/18/2023 5:00,SOUTH,-4.383
10/18/2023 10:00,10/18/2023 6:00,SOUTH,-4.638
10/18/2023 11:00,10/18/2023 7:00,SOUTH,53.312
10/18/2023 12:00,10/18/2023 8:00,SOUTH,644.845
10/18/2023 13:00,10/18/2023 9:00,SOUTH,1521.184
10/18/2023 14:00,10/18/2023 10:00,SOUTH,2144.429
10/18/2023 15:00,10/18/2023 11:00,SOUTH,2131.3
10/18/2023 16:00,10/18/2023 12:00,SOUTH,2120.438
10/18/2023 17:00,10/18/2023 13:00,SOUTH,1895.365
10/18/2023 18:00,10/18/2023 14:00,SOUTH,1528.446
10/18/2023 19:00,10/18/2023 15:00,SOUTH,1138.161
10/18/2023 20:00,10/18/2023 16:00,SOUTH,780.52
10/18/2023 21:00,10/18/2023 17:00,SOUTH,327.386
10/18/2023 22:00,10/18/2023 18:00,SOUTH,16.121
10/18/2023 23:00,10/18/2023 19:00,SOUTH,-4.382
10/19/2023 0:00,10/18/2023 20:00,SOUTH,-4.509
10/19/2023 1:00,10/18/2023 21:00,SOUTH,-4.324
10/19/2023 2:00,10/18/2023 22:00,SOUTH,-4.436
10/19/2023 3:00,10/18/2023 23:00,SOUTH,-4.359
10/19/2023 4:00,10/19/2023 0:00,SOUTH,-4.503
10/19/2023 5:00,10/19/2023 1:00,SOUTH,-4.545
10/19/2023 6:00,10/19/2023 2:00,SOUTH,-4.307
10/19/2023 7:00,10/19/2023 3:00,SOUTH,-4.514
10/19/2023 8:00,10/19/2023 4:00,SOUTH,-4.573
10/19/2023 9:00,10/19/2023 5:00,SOUTH,-4.309
10/19/2023 10:00,10/19/2023 6:00,SOUTH,-4.626
10/19/2023 11:00,10/19/2023 7:00,SOUTH,65.693
10/19/2023 12:00,10/19/2023 8:00,SOUTH,942.041
10/19/2023 13:00,10/19/2023 9:00,SOUTH,2058.902
10/19/2023 14:00,10/19/2023 10:00,SOUTH,2317.55
10/19/2023 15:00,10/19/2023 11:00,SOUTH,2278.958
10/19/2023 16:00,10/19/2023 12:00,SOUTH,2148.745
10/19/2023 17:00,10/19/2023 13:00,SOUTH,1974.685
10/19/2023 18:00,10/19/2023 14:00,SOUTH,1658.699
10/19/2023 19:00,10/19/2023 15:00,SOUTH,1362.689
10/19/2023 20:00,10/19/2023 16:00,SOUTH,958.621
10/19/2023 21:00,10/19/2023 17:00,SOUTH,407.07
10/19/2023 22:00,10/19/2023 18:00,SOUTH,11.965
10/19/2023 23:00,10/19/2023 19:00,SOUTH,-4.573
10/20/2023 0:00,10/19/2023 20:00,SOUTH,-4.576
10/20/2023 1:00,10/19/2023 21:00,SOUTH,-4.313
10/20/2023 2:00,10/19/2023 22:00,SOUTH,-4.521
10/20/2023 3:00,10/19/2023 23:00,SOUTH,-4.607
10/20/2023 4:00,10/20/2023 0:00,SOUTH,-4.503
10/20/2023 5:00,10/20/2023 1:00,SOUTH,-4.527
10/20/2023 6:00,10/20/2023 2:00,SOUTH,-4.671
10/20/2023 7:00,10/20/2023 3:00,SOUTH,-4.282
10/20/2023 8:00,10/20/2023 4:00,SOUTH,-4.506
10/20/2023 9:00,10/20/2023 5:00,SOUTH,-4.545
10/20/2023 10:00,10/20/2023 6:00,SOUTH,-4.445
10/20/2023 11:00,10/20/2023 7:00,SOUTH,15.426
10/20/2023 12:00,10/20/2023 8:00,SOUTH,320.079
10/20/2023 13:00,10/20/2023 9:00,SOUTH,1180.195
10/20/2023 14:00,10/20/2023 10:00,SOUTH,1752.923
10/20/2023 15:00,10/20/2023 11:00,SOUTH,1735.553
10/20/2023 16:00,10/20/2023 12:00,SOUTH,1500.033
10/20/2023 17:00,10/20/2023 13:00,SOUTH,1531.326
10/20/2023 18:00,10/20/2023 14:00,SOUTH,1335.491
10/20/2023 19:00,10/20/2023 15:00,SOUTH,1045.68
10/20/2023 20:00,10/20/2023 16:00,SOUTH,764.174
10/20/2023 21:00,10/20/2023 17:00,SOUTH,218.589
10/20/2023 22:00,10/20/2023 18:00,SOUTH,6.402
10/20/2023 23:00,10/20/2023 19:00,SOUTH,-4.711
10/21/2023 0:00,10/20/2023 20:00,SOUTH,-5.013
10/21/2023 1:00,10/20/2023 21:00,SOUTH,-4.684
10/21/2023 2:00,10/20/2023 22:00,SOUTH,-4.671
10/21/2023 3:00,10/20/2023 23:00,SOUTH,-4.839
10/21/2023 4:00,10/21/2023 0:00,SOUTH,-4.732
10/21/2023 5:00,10/21/2023 1:00,SOUTH,-4.741
10/21/2023 6:00,10/21/2023 2:00,SOUTH,-4.816
10/21/2023 7:00,10/21/2023 3:00,SOUTH,-4.673
10/21/2023 8:00,10/21/2023 4:00,SOUTH,-4.684
10/21/2023 9:00,10/21/2023 5:00,SOUTH,-4.621
10/21/2023 10:00,10/21/2023 6:00,SOUTH,-4.545
10/21/2023 11:00,10/21/2023 7:00,SOUTH,52.517
10/21/2023 12:00,10/21/2023 8:00,SOUTH,941.949
10/21/2023 13:00,10/21/2023 9:00,SOUTH,2101.994
10/21/2023 14:00,10/21/2023 10:00,SOUTH,2402.236
10/21/2023 15:00,10/21/2023 11:00,SOUTH,2488.409
10/21/2023 16:00,10/21/2023 12:00,SOUTH,2340.275
10/21/2023 17:00,10/21/2023 13:00,SOUTH,2074.016
10/21/2023 18:00,10/21/2023 14:00,SOUTH,2246.395
10/21/2023 19:00,10/21/2023 15:00,SOUTH,2419.175
10/21/2023 20:00,10/21/2023 16:00,SOUTH,2081.26
10/21/2023 21:00,10/21/2023 17:00,SOUTH,775.276
10/21/2023 22:00,10/21/2023 18:00,SOUTH,15.696
10/21/2023 23:00,10/21/2023 19:00,SOUTH,-4.921
10/22/2023 0:00,10/21/2023 20:00,SOUTH,-4.605
10/22/2023 1:00,10/21/2023 21:00,SOUTH,-4.894
10/22/2023 2:00,10/21/2023 22:00,SOUTH,-4.836
10/22/2023 3:00,10/21/2023 23:00,SOUTH,-4.698
10/22/2023 4:00,10/22/2023 0:00,SOUTH,-4.683
10/22/2023 5:00,10/22/2023 1:00,SOUTH,-4.809
10/22/2023 6:00,10/22/2023 2:00,SOUTH,-4.718
10/22/2023 7:00,10/22/2023 3:00,SOUTH,-4.775
10/22/2023 8:00,10/22/2023 4:00,SOUTH,-4.781
10/22/2023 9:00,10/22/2023 5:00,SOUTH,-4.714
10/22/2023 10:00,10/22/2023 6:00,SOUTH,-4.782
10/22/2023 11:00,10/22/2023 7:00,SOUTH,51.565
10/22/2023 12:00,10/22/2023 8:00,SOUTH,862.567
10/22/2023 13:00,10/22/2023 9:00,SOUTH,2019.421
10/22/2023 14:00,10/22/2023 10:00,SOUTH,2399.677
10/22/2023 15:00,10/22/2023 11:00,SOUTH,2332.699
10/22/2023 16:00,10/22/2023 12:00,SOUTH,2348.312
10/22/2023 17:00,10/22/2023 13:00,SOUTH,2343.942
10/22/2023 18:00,10/22/2023 14:00,SOUTH,2417.082
10/22/2023 19:00,10/22/2023 15:00,SOUTH,2448.684
10/22/2023 20:00,10/22/2023 16:00,SOUTH,2044.561
10/22/2023 21:00,10/22/2023 17:00,SOUTH,737.879
10/22/2023 22:00,10/22/2023 18:00,SOUTH,13.33
10/22/2023 23:00,10/22/2023 19:00,SOUTH,-4.769
10/23/2023 0:00,10/22/2023 20:00,SOUTH,-4.844
10/23/2023 1:00,10/22/2023 21:00,SOUTH,-4.697
10/23/2023 2:00,10/22/2023 22:00,SOUTH,-4.881
10/23/2023 3:00,10/22/2023 23:00,SOUTH,-4.797
10/23/2023 4:00,10/23/2023 0:00,SOUTH,-4.684
10/23/2023 5:00,10/23/2023 1:00,SOUTH,-4.836
10/23/2023 6:00,10/23/2023 2:00,SOUTH,-4.811
10/23/2023 7:00,10/23/2023 3:00,SOUTH,-4.733
10/23/2023 8:00,10/23/2023 4:00,SOUTH,-4.659
10/23/2023 9:00,10/23/2023 5:00,SOUTH,-4.845
10/23/2023 10:00,10/23/2023 6:00,SOUTH,-4.845
10/23/2023 11:00,10/23/2023 7:00,SOUTH,61.044
10/23/2023 12:00,10/23/2023 8:00,SOUTH,1056.277
10/23/2023 13:00,10/23/2023 9:00,SOUTH,2318.434
10/23/2023 14:00,10/23/2023 10:00,SOUTH,2606.795
10/23/2023 15:00,10/23/2023 11:00,SOUTH,2539.871
10/23/2023 16:00,10/23/2023 12:00,SOUTH,2474.179
10/23/2023 17:00,10/23/2023 13:00,SOUTH,2478.946
10/23/2023 18:00,10/23/2023 14:00,SOUTH,2544.628
10/23/2023 19:00,10/23/2023 15:00,SOUTH,2564.162
10/23/2023 20:00,10/23/2023 16:00,SOUTH,2101.139
10/23/2023 21:00,10/23/2023 17:00,SOUTH,733.565
10/23/2023 22:00,10/23/2023 18:00,SOUTH,11.073
10/23/2023 23:00,10/23/2023 19:00,SOUTH,-4.877
10/24/2023 0:00,10/23/2023 20:00,SOUTH,-4.563
10/24/2023 1:00,10/23/2023 21:00,SOUTH,-4.907
10/24/2023 2:00,10/23/2023 22:00,SOUTH,-4.668
10/24/2023 3:00,10/23/2023 23:00,SOUTH,-4.715
10/24/2023 4:00,10/24/2023 0:00,SOUTH,-4.677
10/24/2023 5:00,10/24/2023 1:00,SOUTH,-4.703
10/24/2023 6:00,10/24/2023 2:00,SOUTH,-4.696
10/24/2023 7:00,10/24/2023 3:00,SOUTH,-4.831
10/24/2023 8:00,10/24/2023 4:00,SOUTH,-4.777
10/24/2023 9:00,10/24/2023 5:00,SOUTH,-4.842
10/24/2023 10:00,10/24/2023 6:00,SOUTH,-4.727
10/24/2023 11:00,10/24/2023 7:00,SOUTH,52.273
10/24/2023 12:00,10/24/2023 8:00,SOUTH,943.586
10/24/2023 13:00,10/24/2023 9:00,SOUTH,2175.12
10/24/2023 14:00,10/24/2023 10:00,SOUTH,2454.678
10/24/2023 15:00,10/24/2023 11:00,SOUTH,2413.534
10/24/2023 16:00,10/24/2023 12:00,SOUTH,2352.532
10/24/2023 17:00,10/24/2023 13:00,SOUTH,2361.81
10/24/2023 18:00,10/24/2023 14:00,SOUTH,2419.193
10/24/2023 19:00,10/24/2023 15:00,SOUTH,2448.779
10/24/2023 20:00,10/24/2023 16:00,SOUTH,1964.675
10/24/2023 21:00,10/24/2023 17:00,SOUTH,647.291
10/24/2023 22:00,10/24/2023 18:00,SOUTH,8.266
10/24/2023 23:00,10/24/2023 19:00,SOUTH,-4.706
10/25/2023 0:00,10/24/2023 20:00,SOUTH,-4.967
10/25/2023 1:00,10/24/2023 21:00,SOUTH,-4.8
10/25/2023 2:00,10/24/2023 22:00,SOUTH,-4.779
10/25/2023 3:00,10/24/2023 23:00,SOUTH,-4.765
10/25/2023 4:00,10/25/2023 0:00,SOUTH,-4.938
10/25/2023 5:00,10/25/2023 1:00,SOUTH,-4.727
10/25/2023 6:00,10/25/2023 2:00,SOUTH,-4.737
10/25/2023 7:00,10/25/2023 3:00,SOUTH,-4.789
10/25/2023 8:00,10/25/2023 4:00,SOUTH,-4.678
10/25/2023 9:00,10/25/2023 5:00,SOUTH,-4.812
10/25/2023 10:00,10/25/2023 6:00,SOUTH,-4.802
10/25/2023 11:00,10/25/2023 7:00,SOUTH,40.016
10/25/2023 12:00,10/25/2023 8:00,SOUTH,880.398
10/25/2023 13:00,10/25/2023 9:00,SOUTH,2106.582
10/25/2023 14:00,10/25/2023 10:00,SOUTH,2362.325
10/25/2023 15:00,10/25/2023 11:00,SOUTH,2382.447
10/25/2023 16:00,10/25/2023 12:00,SOUTH,2344.847
10/25/2023 17:00,10/25/2023 13:00,SOUTH,2350.587
10/25/2023 18:00,10/25/2023 14:00,SOUTH,2395.835
10/25/2023 19:00,10/25/2023 15:00,SOUTH,2340.813
10/25/2023 20:00,10/25/2023 16:00,SOUTH,1901.988
10/25/2023 21:00,10/25/2023 17:00,SOUTH,598.462
10/25/2023 22:00,10/25/2023 18:00,SOUTH,5.391
10/25/2023 23:00,10/25/2023 19:00,SOUTH,-4.806
10/26/2023 0:00,10/25/2023 20:00,SOUTH,-4.749
10/26/2023 1:00,10/25/2023 21:00,SOUTH,-4.837
10/26/2023 2:00,10/25/2023 22:00,SOUTH,-4.746
10/26/2023 3:00,10/25/2023 23:00,SOUTH,-4.766
10/26/2023 4:00,10/26/2023 0:00,SOUTH,-4.694
10/26/2023 5:00,10/26/2023 1:00,SOUTH,-5.093
10/26/2023 6:00,10/26/2023 2:00,SOUTH,-4.587
10/26/2023 7:00,10/26/2023 3:00,SOUTH,-4.684
10/26/2023 8:00,10/26/2023 4:00,SOUTH,-4.757
10/26/2023 9:00,10/26/2023 5:00,SOUTH,-4.648
10/26/2023 10:00,10/26/2023 6:00,SOUTH,-4.749
10/26/2023 11:00,10/26/2023 7:00,SOUTH,37.061
10/26/2023 12:00,10/26/2023 8:00,SOUTH,860.581
10/26/2023 13:00,10/26/2023 9:00,SOUTH,2065.314
10/26/2023 14:00,10/26/2023 10:00,SOUTH,2357.333
10/26/2023 15:00,10/26/2023 11:00,SOUTH,2307.865
10/26/2023 16:00,10/26/2023 12:00,SOUTH,2223.686
10/26/2023 17:00,10/26/2023 13:00,SOUTH,2169.007
10/26/2023 18:00,10/26/2023 14:00,SOUTH,2105.9
10/26/2023 19:00,10/26/2023 15:00,SOUTH,1692.49
10/26/2023 20:00,10/26/2023 16:00,SOUTH,1265.974
10/26/2023 21:00,10/26/2023 17:00,SOUTH,404.389
10/26/2023 22:00,10/26/2023 18:00,SOUTH,2.954
10/26/2023 23:00,10/26/2023 19:00,SOUTH,-4.951
10/27/2023 0:00,10/26/2023 20:00,SOUTH,-4.873
10/27/2023 1:00,10/26/2023 21:00,SOUTH,-4.558
10/27/2023 2:00,10/26/2023 22:00,SOUTH,-4.939
10/27/2023 3:00,10/26/2023 23:00,SOUTH,-4.699
10/27/2023 4:00,10/27/2023 0:00,SOUTH,-4.732
10/27/2023 5:00,10/27/2023 1:00,SOUTH,-4.843
10/27/2023 6:00,10/27/2023 2:00,SOUTH,-4.832
10/27/2023 7:00,10/27/2023 3:00,SOUTH,-4.717
10/27/2023 8:00,10/27/2023 4:00,SOUTH,-4.664
10/27/2023 9:00,10/27/2023 5:00,SOUTH,-4.828
10/27/2023 10:00,10/27/2023 6:00,SOUTH,-4.686
10/27/2023 11:00,10/27/2023 7:00,SOUTH,35.568
10/27/2023 12:00,10/27/2023 8:00,SOUTH,797.015
10/27/2023 13:00,10/27/2023 9:00,SOUTH,1963.801
10/27/2023 14:00,10/27/2023 10:00,SOUTH,2228.9
10/27/2023 15:00,10/27/2023 11:00,SOUTH,2259.824
10/27/2023 16:00,10/27/2023 12:00,SOUTH,2196.965
10/27/2023 17:00,10/27/2023 13:00,SOUTH,2087.909
10/27/2023 18:00,10/27/2023 14:00,SOUTH,2070.341
10/27/2023 19:00,10/27/2023 15:00,SOUTH,1987.562
10/27/2023 20:00,10/27/2023 16:00,SOUTH,1396.684
10/27/2023 21:00,10/27/2023 17:00,SOUTH,403.226
10/27/2023 22:00,10/27/2023 18:00,SOUTH,1.655
10/27/2023 23:00,10/27/2023 19:00,SOUTH,-5.162
10/28/2023 0:00,10/27/2023 20:00,SOUTH,-4.911
10/28/2023 1:00,10/27/2023 21:00,SOUTH,-4.636
10/28/2023 2:00,10/27/2023 22:00,SOUTH,-4.841
10/28/2023 3:00,10/27/2023 23:00,SOUTH,-4.701
10/28/2023 4:00,10/28/2023 0:00,SOUTH,-4.55
10/28/2023 5:00,10/28/2023 1:00,SOUTH,-4.588
10/28/2023 6:00,10/28/2023 2:00,SOUTH,-5.739
10/28/2023 7:00,10/28/2023 3:00,SOUTH,-4.661
10/28/2023 8:00,10/28/2023 4:00,SOUTH,-4.65
10/28/2023 9:00,10/28/2023 5:00,SOUTH,-4.615
10/28/2023 10:00,10/28/2023 6:00,SOUTH,-4.181
10/28/2023 11:00,10/28/2023 7:00,SOUTH,47.622
10/28/2023 12:00,10/28/2023 8:00,SOUTH,806.338
10/28/2023 13:00,10/28/2023 9:00,SOUTH,1958.804
10/28/2023 14:00,10/28/2023 10:00,SOUTH,2252.442
10/28/2023 15:00,10/28/2023 11:00,SOUTH,2264.245
10/28/2023 16:00,10/28/2023 12:00,SOUTH,2127.319
10/28/2023 17:00,10/28/2023 13:00,SOUTH,2147.765
10/28/2023 18:00,10/28/2023 14:00,SOUTH,2243.375
10/28/2023 19:00,10/28/2023 15:00,SOUTH,2219.959
10/28/2023 20:00,10/28/2023 16:00,SOUTH,1660.152
10/28/2023 21:00,10/28/2023 17:00,SOUTH,447.38
10/28/2023 22:00,10/28/2023 18:00,SOUTH,1.388
10/28/2023 23:00,10/28/2023 19:00,SOUTH,-6.107
10/29/2023 0:00,10/28/2023 20:00,SOUTH,-4.766
10/29/2023 1:00,10/28/2023 21:00,SOUTH,-4.796
10/29/2023 2:00,10/28/2023 22:00,SOUTH,-4.618
10/29/2023 3:00,10/28/2023 23:00,SOUTH,-4.726
10/29/2023 4:00,10/29/2023 0:00,SOUTH,-4.562
10/29/2023 5:00,10/29/2023 1:00,SOUTH,-5.657
10/29/2023 6:00,10/29/2023 2:00,SOUTH,-4.805
10/29/2023 7:00,10/29/2023 3:00,SOUTH,-4.489
10/29/2023 8:00,10/29/2023 4:00,SOUTH,-4.808
10/29/2023 9:00,10/29/2023 5:00,SOUTH,-4.601
10/29/2023 10:00,10/29/2023 6:00,SOUTH,-4.587
10/29/2023 11:00,10/29/2023 7:00,SOUTH,22.394
10/29/2023 12:00,10/29/2023 8:00,SOUTH,628.976
10/29/2023 13:00,10/29/2023 9:00,SOUTH,1637.21
10/29/2023 14:00,10/29/2023 10:00,SOUTH,2144.383
10/29/2023 15:00,10/29/2023 11:00,SOUTH,2216.554
10/29/2023 16:00,10/29/2023 12:00,SOUTH,2211.89
10/29/2023 17:00,10/29/2023 13:00,SOUTH,2180.507
10/29/2023 18:00,10/29/2023 14:00,SOUTH,2255.187
10/29/2023 19:00,10/29/2023 15:00,SOUTH,2157.705
10/29/2023 20:00,10/29/2023 16:00,SOUTH,1601.766
10/29/2023 21:00,10/29/2023 17:00,SOUTH,440.681
10/29/2023 22:00,10/29/2023 18:00,SOUTH,-1.436
10/29/2023 23:00,10/29/2023 19:00,SOUTH,-5.016
10/30/2023 0:00,10/29/2023 20:00,SOUTH,-4.816
10/30/2023 1:00,10/29/2023 21:00,SOUTH,-4.597
10/30/2023 2:00,10/29/2023 22:00,SOUTH,-4.707
10/30/2023 3:00,10/29/2023 23:00,SOUTH,-4.713
10/30/2023 4:00,10/30/2023 0:00,SOUTH,-4.41
10/30/2023 5:00,10/30/2023 1:00,SOUTH,-4.509
10/30/2023 6:00,10/30/2023 2:00,SOUTH,-4.415
10/30/2023 7:00,10/30/2023 3:00,SOUTH,-4.421
10/30/2023 8:00,10/30/2023 4:00,SOUTH,-4.432
10/30/2023 9:00,10/30/2023 5:00,SOUTH,-4.465
10/30/2023 10:00,10/30/2023 6:00,SOUTH,-4.257
10/30/2023 11:00,10/30/2023 7:00,SOUTH,19.444
10/30/2023 12:00,10/30/2023 8:00,SOUTH,679.664
10/30/2023 13:00,10/30/2023 9:00,SOUTH,1916.657
10/30/2023 14:00,10/30/2023 10:00,SOUTH,2334.125
10/30/2023 15:00,10/30/2023 11:00,SOUTH,2301.786
10/30/2023 16:00,10/30/2023 12:00,SOUTH,2246.712
10/30/2023 17:00,10/30/2023 13:00,SOUTH,2232.832
10/30/2023 18:00,10/30/2023 14:00,SOUTH,2146.351
10/30/2023 19:00,10/30/2023 15:00,SOUTH,1882.154
10/30/2023 20:00,10/30/2023 16:00,SOUTH,1309.481
10/30/2023 21:00,10/30/2023 17:00,SOUTH,343.446
10/30/2023 22:00,10/30/2023 18:00,SOUTH,-2.244
10/30/2023 23:00,10/30/2023 19:00,SOUTH,-4.538
10/31/2023 0:00,10/30/2023 20:00,SOUTH,-4.633
10/31/2023 1:00,10/30/2023 21:00,SOUTH,-4.241
10/31/2023 2:00,10/30/2023 22:00,SOUTH,-4.31
10/31/2023 3:00,10/30/2023 23:00,SOUTH,-4.459
10/31/2023 4:00,10/31/2023 0:00,SOUTH,-4.706
10/31/2023 5:00,10/31/2023 1:00,SOUTH,-4.986
10/31/2023 6:00,10/31/2023 2:00,SOUTH,-4.88
10/31/2023 7:00,10/31/2023 3:00,SOUTH,-4.951
10/31/2023 8:00,10/31/2023 4:00,SOUTH,-4.726
10/31/2023 9:00,10/31/2023 5:00,SOUTH,-4.746
10/31/2023 10:00,10/31/2023 6:00,SOUTH,-4.774
10/31/2023 11:00,10/31/2023 7:00,SOUTH,-1.466
10/31/2023 12:00,10/31/2023 8:00,SOUTH,65.08
10/31/2023 13:00,10/31/2023 9:00,SOUTH,174.418
10/31/2023 14:00,10/31/2023 10:00,SOUTH,322.575
10/31/2023 15:00,10/31/2023 11:00,SOUTH,374.748
10/31/2023 16:00,10/31/2023 12:00,SOUTH,446.654
10/31/2023 17:00,10/31/2023 13:00,SOUTH,416.996
10/31/2023 18:00,10/31/2023 14:00,SOUTH,295.473
10/31/2023 19:00,10/31/2023 15:00,SOUTH,212.92
10/31/2023 20:00,10/31/2023 16:00,SOUTH,141.86
10/31/2023 21:00,10/31/2023 17:00,SOUTH,42.472
10/31/2023 22:00,10/31/2023 18:00,SOUTH,-4.331
10/31/2023 23:00,10/31/2023 19:00,SOUTH,-4.604
11/1/2023 0:00,10/31/2023 20:00,SOUTH,-4.83
11/1/2023 1:00,10/31/2023 21:00,SOUTH,-4.82
11/1/2023 2:00,10/31/2023 22:00,SOUTH,-4.657
11/1/2023 3:00,10/31/2023 23:00,SOUTH,-4.978
11/1/2023 4:00,11/1/2023 0:00,SOUTH,-4.787
11/1/2023 5:00,11/1/2023 1:00,SOUTH,-4.887
11/1/2023 6:00,11/1/2023 2:00,SOUTH,-4.735
11/1/2023 7:00,11/1/2023 3:00,SOUTH,-5.035
11/1/2023 8:00,11/1/2023 4:00,SOUTH,-4.698
11/1/2023 9:00,11/1/2023 5:00,SOUTH,-4.699
11/1/2023 10:00,11/1/2023 6:00,SOUTH,-4.845
11/1/2023 11:00,11/1/2023 7:00,SOUTH,18.308
11/1/2023 12:00,11/1/2023 8:00,SOUTH,567.233
11/1/2023 13:00,11/1/2023 9:00,SOUTH,1638.436
11/1/2023 14:00,11/1/2023 10:00,SOUTH,2215.082
11/1/2023 15:00,11/1/2023 11:00,SOUTH,2253.532
11/1/2023 16:00,11/1/2023 12:00,SOUTH,2351.43
11/1/2023 17:00,11/1/2023 13:00,SOUTH,2403.465
11/1/2023 18:00,11/1/2023 14:00,SOUTH,2478.419
11/1/2023 19:00,11/1/2023 15:00,SOUTH,2411.67
11/1/2023 20:00,11/1/2023 16:00,SOUTH,1883.894
11/1/2023 21:00,11/1/2023 17:00,SOUTH,501.442
11/1/2023 22:00,11/1/2023 18:00,SOUTH,-0.356
11/1/2023 23:00,11/1/2023 19:00,SOUTH,-4.445
11/2/2023 0:00,11/1/2023 20:00,SOUTH,-4.698
11/2/2023 1:00,11/1/2023 21:00,SOUTH,-4.802
11/2/2023 2:00,11/1/2023 22:00,SOUTH,-4.727
11/2/2023 3:00,11/1/2023 23:00,SOUTH,-4.617
11/2/2023 4:00,11/2/2023 0:00,SOUTH,-4.513
11/2/2023 5:00,11/2/2023 1:00,SOUTH,-4.634
11/2/2023 6:00,11/2/2023 2:00,SOUTH,-4.688
11/2/2023 7:00,11/2/2023 3:00,SOUTH,-4.684
11/2/2023 8:00,11/2/2023 4:00,SOUTH,-4.848
11/2/2023 9:00,11/2/2023 5:00,SOUTH,-4.689
11/2/2023 10:00,11/2/2023 6:00,SOUTH,-4.753
11/2/2023 11:00,11/2/2023 7:00,SOUTH,20.827
11/2/2023 12:00,11/2/2023 8:00,SOUTH,779.19
11/2/2023 13:00,11/2/2023 9:00,SOUTH,2098.953
11/2/2023 14:00,11/2/2023 10:00,SOUTH,2452.687
11/2/2023 15:00,11/2/2023 11:00,SOUTH,2388.533
11/2/2023 16:00,11/2/2023 12:00,SOUTH,2326.251
11/2/2023 17:00,11/2/2023 13:00,SOUTH,2337.531
11/2/2023 18:00,11/2/2023 14:00,SOUTH,2417.095
11/2/2023 19:00,11/2/2023 15:00,SOUTH,2434.666
11/2/2023 20:00,11/2/2023 16:00,SOUTH,1836.137
11/2/2023 21:00,11/2/2023 17:00,SOUTH,474.208
11/2/2023 22:00,11/2/2023 18:00,SOUTH,-1.48
11/2/2023 23:00,11/2/2023 19:00,SOUTH,-4.726
11/3/2023 0:00,11/2/2023 20:00,SOUTH,-4.703
11/3/2023 1:00,11/2/2023 21:00,SOUTH,-4.469
11/3/2023 2:00,11/2/2023 22:00,SOUTH,-4.754
11/3/2023 3:00,11/2/2023 23:00,SOUTH,-4.68
11/3/2023 4:00,11/3/2023 0:00,SOUTH,-4.667
11/3/2023 5:00,11/3/2023 1:00,SOUTH,-4.67
11/3/2023 6:00,11/3/2023 2:00,SOUTH,-4.626
11/3/2023 7:00,11/3/2023 3:00,SOUTH,-4.543
11/3/2023 8:00,11/3/2023 4:00,SOUTH,-4.937
11/3/2023 9:00,11/3/2023 5:00,SOUTH,-4.871
11/3/2023 10:00,11/3/2023 6:00,SOUTH,-4.686
11/3/2023 11:00,11/3/2023 7:00,SOUTH,21.097
11/3/2023 12:00,11/3/2023 8:00,SOUTH,785.735
11/3/2023 13:00,11/3/2023 9:00,SOUTH,2126.34
11/3/2023 14:00,11/3/2023 10:00,SOUTH,2491.481
11/3/2023 15:00,11/3/2023 11:00,SOUTH,2430.724
11/3/2023 16:00,11/3/2023 12:00,SOUTH,2364.275
11/3/2023 17:00,11/3/2023 13:00,SOUTH,2390.641
11/3/2023 18:00,11/3/2023 14:00,SOUTH,2437.692
11/3/2023 19:00,11/3/2023 15:00,SOUTH,2450.72
11/3/2023 20:00,11/3/2023 16:00,SOUTH,1826.439
11/3/2023 21:00,11/3/2023 17:00,SOUTH,459.194
11/3/2023 22:00,11/3/2023 18:00,SOUTH,-2.412
11/3/2023 23:00,11/3/2023 19:00,SOUTH,-4.548
11/4/2023 0:00,11/3/2023 20:00,SOUTH,-4.677
11/4/2023 1:00,11/3/2023 21:00,SOUTH,-4.875
11/4/2023 2:00,11/3/2023 22:00,SOUTH,-4.676
11/4/2023 3:00,11/3/2023 23:00,SOUTH,-4.676
11/4/2023 4:00,11/4/2023 0:00,SOUTH,-4.809
11/4/2023 5:00,11/4/2023 1:00,SOUTH,-4.677
11/4/2023 6:00,11/4/2023 2:00,SOUTH,-4.553
11/4/2023 7:00,11/4/2023 3:00,SOUTH,-5.074
11/4/2023 8:00,11/4/2023 4:00,SOUTH,-4.738
11/4/2023 9:00,11/4/2023 5:00,SOUTH,-4.671
11/4/2023 10:00,11/4/2023 6:00,SOUTH,-4.818
11/4/2023 11:00,11/4/2023 7:00,SOUTH,11.997
11/4/2023 12:00,11/4/2023 8:00,SOUTH,666.805
11/4/2023 13:00,11/4/2023 9:00,SOUTH,2010.517
11/4/2023 14:00,11/4/2023 10:00,SOUTH,2419.024
11/4/2023 15:00,11/4/2023 11:00,SOUTH,2330.871
11/4/2023 16:00,11/4/2023 12:00,SOUTH,2285.851
11/4/2023 17:00,11/4/2023 13:00,SOUTH,2245.454
11/4/2023 18:00,11/4/2023 14:00,SOUTH,2220.63
11/4/2023 19:00,11/4/2023 15:00,SOUTH,2139.628
11/4/2023 20:00,11/4/2023 16:00,SOUTH,1443.501
11/4/2023 21:00,11/4/2023 17:00,SOUTH,350.697
11/4/2023 22:00,11/4/2023 18:00,SOUTH,-2.65
11/4/2023 23:00,11/4/2023 19:00,SOUTH,-4.734
11/5/2023 0:00,11/4/2023 20:00,SOUTH,-4.624
11/5/2023 1:00,11/4/2023 21:00,SOUTH,-4.618
11/5/2023 2:00,11/4/2023 22:00,SOUTH,-4.653
11/5/2023 3:00,11/4/2023 23:00,SOUTH,-4.594
11/5/2023 4:00,11/5/2023 0:00,SOUTH,-4.758
11/5/2023 5:00,11/5/2023 1:00,SOUTH,-4.515
11/5/2023 6:00,11/5/2023 1:00,SOUTH,-4.779
11/5/2023 7:00,11/5/2023 2:00,SOUTH,-4.606
11/5/2023 8:00,11/5/2023 3:00,SOUTH,-4.609
11/5/2023 9:00,11/5/2023 4:00,SOUTH,-4.677
11/5/2023 10:00,11/5/2023 5:00,SOUTH,-4.626
11/5/2023 11:00,11/5/2023 6:00,SOUTH,15.528
11/5/2023 12:00,11/5/2023 7:00,SOUTH,500.025
11/5/2023 13:00,11/5/2023 8:00,SOUTH,1349.798
11/5/2023 14:00,11/5/2023 9:00,SOUTH,1671.357
11/5/2023 15:00,11/5/2023 10:00,SOUTH,1917.58
11/5/2023 16:00,11/5/2023 11:00,SOUTH,2065.172
11/5/2023 17:00,11/5/2023 12:00,SOUTH,2158.771
11/5/2023 18:00,11/5/2023 13:00,SOUTH,2204.572
11/5/2023 19:00,11/5/2023 14:00,SOUTH,2170.888
11/5/2023 20:00,11/5/2023 15:00,SOUTH,1536.648
11/5/2023 21:00,11/5/2023 16:00,SOUTH,351.218
11/5/2023 22:00,11/5/2023 17:00,SOUTH,-3.128
11/5/2023 23:00,11/5/2023 18:00,SOUTH,-4.693
11/6/2023 0:00,11/5/2023 19:00,SOUTH,-4.636
11/6/2023 1:00,11/5/2023 20:00,SOUTH,-4.706
11/6/2023 2:00,11/5/2023 21:00,SOUTH,-4.672
11/6/2023 3:00,11/5/2023 22:00,SOUTH,-4.63
11/6/2023 4:00,11/5/2023 23:00,SOUTH,-4.763
11/6/2023 5:00,11/6/2023 0:00,SOUTH,-4.583
11/6/2023 6:00,11/6/2023 1:00,SOUTH,-4.648
11/6/2023 7:00,11/6/2023 2:00,SOUTH,-4.544
11/6/2023 8:00,11/6/2023 3:00,SOUTH,-4.645
11/6/2023 9:00,11/6/2023 4:00,SOUTH,-4.722
11/6/2023 10:00,11/6/2023 5:00,SOUTH,-4.711
11/6/2023 11:00,11/6/2023 6:00,SOUTH,7.487
11/6/2023 12:00,11/6/2023 7:00,SOUTH,566.266
11/6/2023 13:00,11/6/2023 8:00,SOUTH,1778.832
11/6/2023 14:00,11/6/2023 9:00,SOUTH,2141.604
11/6/2023 15:00,11/6/2023 10:00,SOUTH,2115.277
11/6/2023 16:00,11/6/2023 11:00,SOUTH,2076.403
11/6/2023 17:00,11/6/2023 12:00,SOUTH,2110.543
11/6/2023 18:00,11/6/2023 13:00,SOUTH,2172.261
11/6/2023 19:00,11/6/2023 14:00,SOUTH,2004.659
11/6/2023 20:00,11/6/2023 15:00,SOUTH,1286.246
11/6/2023 21:00,11/6/2023 16:00,SOUTH,260.87
11/6/2023 22:00,11/6/2023 17:00,SOUTH,-3.265
11/6/2023 23:00,11/6/2023 18:00,SOUTH,-4.624
11/7/2023 0:00,11/6/2023 19:00,SOUTH,-4.685
11/7/2023 1:00,11/6/2023 20:00,SOUTH,-4.6
11/7/2023 2:00,11/6/2023 21:00,SOUTH,-4.601
11/7/2023 3:00,11/6/2023 22:00,SOUTH,-4.676
11/7/2023 4:00,11/6/2023 23:00,SOUTH,-4.504
11/7/2023 5:00,11/7/2023 0:00,SOUTH,-4.535
11/7/2023 6:00,11/7/2023 1:00,SOUTH,-4.421
11/7/2023 7:00,11/7/2023 2:00,SOUTH,-4.587
11/7/2023 8:00,11/7/2023 3:00,SOUTH,-4.405
11/7/2023 9:00,11/7/2023 4:00,SOUTH,-4.511
11/7/2023 10:00,11/7/2023 5:00,SOUTH,-4.478
11/7/2023 11:00,11/7/2023 6:00,SOUTH,5.05
11/7/2023 12:00,11/7/2023 7:00,SOUTH,399.481
11/7/2023 13:00,11/7/2023 8:00,SOUTH,1219.724
11/7/2023 14:00,11/7/2023 9:00,SOUTH,1531.872
11/7/2023 15:00,11/7/2023 10:00,SOUTH,1656.998
11/7/2023 16:00,11/7/2023 11:00,SOUTH,1684.128
11/7/2023 17:00,11/7/2023 12:00,SOUTH,1860.198
11/7/2023 18:00,11/7/2023 13:00,SOUTH,1992.59
11/7/2023 19:00,11/7/2023 14:00,SOUTH,1931.665
11/7/2023 20:00,11/7/2023 15:00,SOUTH,1396.34
11/7/2023 21:00,11/7/2023 16:00,SOUTH,281.531
11/7/2023 22:00,11/7/2023 17:00,SOUTH,-3.57
11/7/2023 23:00,11/7/2023 18:00,SOUTH,-4.729
11/8/2023 0:00,11/7/2023 19:00,SOUTH,-4.807
11/8/2023 1:00,11/7/2023 20:00,SOUTH,-4.532
11/8/2023 2:00,11/7/2023 21:00,SOUTH,-4.606
11/8/2023 3:00,11/7/2023 22:00,SOUTH,-4.574
11/8/2023 4:00,11/7/2023 23:00,SOUTH,-4.404
11/8/2023 5:00,11/8/2023 0:00,SOUTH,-4.833
11/8/2023 6:00,11/8/2023 1:00,SOUTH,-4.458
11/8/2023 7:00,11/8/2023 2:00,SOUTH,-4.767
11/8/2023 8:00,11/8/2023 3:00,SOUTH,-4.468
11/8/2023 9:00,11/8/2023 4:00,SOUTH,-4.597
11/8/2023 10:00,11/8/2023 5:00,SOUTH,-4.398
11/8/2023 11:00,11/8/2023 6:00,SOUTH,6.113
11/8/2023 12:00,11/8/2023 7:00,SOUTH,556.184
11/8/2023 13:00,11/8/2023 8:00,SOUTH,1793.993
11/8/2023 14:00,11/8/2023 9:00,SOUTH,2244.488
11/8/2023 15:00,11/8/2023 10:00,SOUTH,2205.809
11/8/2023 16:00,11/8/2023 11:00,SOUTH,2125.363
11/8/2023 17:00,11/8/2023 12:00,SOUTH,2145.806
11/8/2023 18:00,11/8/2023 13:00,SOUTH,2232.671
11/8/2023 19:00,11/8/2023 14:00,SOUTH,2227.036
11/8/2023 20:00,11/8/2023 15:00,SOUTH,1550.672
11/8/2023 21:00,11/8/2023 16:00,SOUTH,321.466
11/8/2023 22:00,11/8/2023 17:00,SOUTH,-4.066
11/8/2023 23:00,11/8/2023 18:00,SOUTH,-4.575
11/9/2023 0:00,11/8/2023 19:00,SOUTH,-4.691
11/9/2023 1:00,11/8/2023 20:00,SOUTH,-4.692
11/9/2023 2:00,11/8/2023 21:00,SOUTH,-4.67
11/9/2023 3:00,11/8/2023 22:00,SOUTH,-4.759
11/9/2023 4:00,11/8/2023 23:00,SOUTH,-4.653
11/9/2023 5:00,11/9/2023 0:00,SOUTH,-4.712
11/9/2023 6:00,11/9/2023 1:00,SOUTH,-4.66
11/9/2023 7:00,11/9/2023 2:00,SOUTH,-4.914
11/9/2023 8:00,11/9/2023 3:00,SOUTH,-4.737
11/9/2023 9:00,11/9/2023 4:00,SOUTH,-4.668
11/9/2023 10:00,11/9/2023 5:00,SOUTH,-4.709
11/9/2023 11:00,11/9/2023 6:00,SOUTH,4.59
11/9/2023 12:00,11/9/2023 7:00,SOUTH,391.744
11/9/2023 13:00,11/9/2023 8:00,SOUTH,1149.845
11/9/2023 14:00,11/9/2023 9:00,SOUTH,1447.876
11/9/2023 15:00,11/9/2023 10:00,SOUTH,1671.673
11/9/2023 16:00,11/9/2023 11:00,SOUTH,1717.41
11/9/2023 17:00,11/9/2023 12:00,SOUTH,1743.595
11/9/2023 18:00,11/9/2023 13:00,SOUTH,1967.501
11/9/2023 19:00,11/9/2023 14:00,SOUTH,1877.064
11/9/2023 20:00,11/9/2023 15:00,SOUTH,1151.534
11/9/2023 21:00,11/9/2023 16:00,SOUTH,223.101
11/9/2023 22:00,11/9/2023 17:00,SOUTH,-4.154
11/9/2023 23:00,11/9/2023 18:00,SOUTH,-4.938
11/10/2023 0:00,11/9/2023 19:00,SOUTH,-4.58
11/10/2023 1:00,11/9/2023 20:00,SOUTH,-4.572
11/10/2023 2:00,11/9/2023 21:00,SOUTH,-4.709
11/10/2023 3:00,11/9/2023 22:00,SOUTH,-4.617
11/10/2023 4:00,11/9/2023 23:00,SOUTH,-4.7
11/10/2023 5:00,11/10/2023 0:00,SOUTH,-4.6
11/10/2023 6:00,11/10/2023 1:00,SOUTH,-4.85
11/10/2023 7:00,11/10/2023 2:00,SOUTH,-4.654
11/10/2023 8:00,11/10/2023 3:00,SOUTH,-4.928
11/10/2023 9:00,11/10/2023 4:00,SOUTH,-4.668
11/10/2023 10:00,11/10/2023 5:00,SOUTH,-4.641
11/10/2023 11:00,11/10/2023 6:00,SOUTH,0.575
11/10/2023 12:00,11/10/2023 7:00,SOUTH,149.287
11/10/2023 13:00,11/10/2023 8:00,SOUTH,298.648
11/10/2023 14:00,11/10/2023 9:00,SOUTH,281.172
11/10/2023 15:00,11/10/2023 10:00,SOUTH,308.653
11/10/2023 16:00,11/10/2023 11:00,SOUTH,287.191
11/10/2023 17:00,11/10/2023 12:00,SOUTH,263.29
11/10/2023 18:00,11/10/2023 13:00,SOUTH,179.818
11/10/2023 19:00,11/10/2023 14:00,SOUTH,108.859
11/10/2023 20:00,11/10/2023 15:00,SOUTH,80.988
11/10/2023 21:00,11/10/2023 16:00,SOUTH,24.631
11/10/2023 22:00,11/10/2023 17:00,SOUTH,-4.707
11/10/2023 23:00,11/10/2023 18:00,SOUTH,-4.651
11/11/2023 0:00,11/10/2023 19:00,SOUTH,-4.634
11/11/2023 1:00,11/10/2023 20:00,SOUTH,-4.68
11/11/2023 2:00,11/10/2023 21:00,SOUTH,-4.743
11/11/2023 3:00,11/10/2023 22:00,SOUTH,-4.771
11/11/2023 4:00,11/10/2023 23:00,SOUTH,-4.621
11/11/2023 5:00,11/11/2023 0:00,SOUTH,-4.646
11/11/2023 6:00,11/11/2023 1:00,SOUTH,-4.82
11/11/2023 7:00,11/11/2023 2:00,SOUTH,-4.55
11/11/2023 8:00,11/11/2023 3:00,SOUTH,-4.942
11/11/2023 9:00,11/11/2023 4:00,SOUTH,-4.578
11/11/2023 10:00,11/11/2023 5:00,SOUTH,-4.813
11/11/2023 11:00,11/11/2023 6:00,SOUTH,-2.799
11/11/2023 12:00,11/11/2023 7:00,SOUTH,105.603
11/11/2023 13:00,11/11/2023 8:00,SOUTH,359.871
11/11/2023 14:00,11/11/2023 9:00,SOUTH,574.018
11/11/2023 15:00,11/11/2023 10:00,SOUTH,868.123
11/11/2023 16:00,11/11/2023 11:00,SOUTH,997.371
11/11/2023 17:00,11/11/2023 12:00,SOUTH,1140.026
11/11/2023 18:00,11/11/2023 13:00,SOUTH,1350.556
11/11/2023 19:00,11/11/2023 14:00,SOUTH,1289.61
11/11/2023 20:00,11/11/2023 15:00,SOUTH,828.48
11/11/2023 21:00,11/11/2023 16:00,SOUTH,130.712
11/11/2023 22:00,11/11/2023 17:00,SOUTH,-4.689
11/11/2023 23:00,11/11/2023 18:00,SOUTH,-4.576
11/12/2023 0:00,11/11/2023 19:00,SOUTH,-4.68
11/12/2023 1:00,11/11/2023 20:00,SOUTH,-4.729
11/12/2023 2:00,11/11/2023 21:00,SOUTH,-4.662
11/12/2023 3:00,11/11/2023 22:00,SOUTH,-4.719
11/12/2023 4:00,11/11/2023 23:00,SOUTH,-5.029
11/12/2023 5:00,11/12/2023 0:00,SOUTH,-4.774
11/12/2023 6:00,11/12/2023 1:00,SOUTH,-4.716
11/12/2023 7:00,11/12/2023 2:00,SOUTH,-4.653
11/12/2023 8:00,11/12/2023 3:00,SOUTH,-4.778
11/12/2023 9:00,11/12/2023 4:00,SOUTH,-4.647
11/12/2023 10:00,11/12/2023 5:00,SOUTH,-4.676
11/12/2023 11:00,11/12/2023 6:00,SOUTH,-3.839
11/12/2023 12:00,11/12/2023 7:00,SOUTH,153.919
11/12/2023 13:00,11/12/2023 8:00,SOUTH,777.889
11/12/2023 14:00,11/12/2023 9:00,SOUTH,1136.338
11/12/2023 15:00,11/12/2023 10:00,SOUTH,1353.937
11/12/2023 16:00,11/12/2023 11:00,SOUTH,1515.549
11/12/2023 17:00,11/12/2023 12:00,SOUTH,1479.027
11/12/2023 18:00,11/12/2023 13:00,SOUTH,1609.208
11/12/2023 19:00,11/12/2023 14:00,SOUTH,1581.559
11/12/2023 20:00,11/12/2023 15:00,SOUTH,1011.689
11/12/2023 21:00,11/12/2023 16:00,SOUTH,188.969
11/12/2023 22:00,11/12/2023 17:00,SOUTH,-4.321
11/12/2023 23:00,11/12/2023 18:00,SOUTH,-4.598
11/13/2023 0:00,11/12/2023 19:00,SOUTH,-4.646
11/13/2023 1:00,11/12/2023 20:00,SOUTH,-4.717
11/13/2023 2:00,11/12/2023 21:00,SOUTH,-4.799
11/13/2023 3:00,11/12/2023 22:00,SOUTH,-4.713
11/13/2023 4:00,11/12/2023 23:00,SOUTH,-4.625
11/13/2023 5:00,11/13/2023 0:00,SOUTH,-4.715
11/13/2023 6:00,11/13/2023 1:00,SOUTH,-4.694
11/13/2023 7:00,11/13/2023 2:00,SOUTH,-4.813
11/13/2023 8:00,11/13/2023 3:00,SOUTH,-4.678
11/13/2023 9:00,11/13/2023 4:00,SOUTH,-4.864
11/13/2023 10:00,11/13/2023 5:00,SOUTH,-4.743
11/13/2023 11:00,11/13/2023 6:00,SOUTH,2.676
11/13/2023 12:00,11/13/2023 7:00,SOUTH,434.805
11/13/2023 13:00,11/13/2023 8:00,SOUTH,1617.941
11/13/2023 14:00,11/13/2023 9:00,SOUTH,2179.564
11/13/2023 15:00,11/13/2023 10:00,SOUTH,2155.529
11/13/2023 16:00,11/13/2023 11:00,SOUTH,2085.901
11/13/2023 17:00,11/13/2023 12:00,SOUTH,2098.913
11/13/2023 18:00,11/13/2023 13:00,SOUTH,2141.404
11/13/2023 19:00,11/13/2023 14:00,SOUTH,2080.557
11/13/2023 20:00,11/13/2023 15:00,SOUTH,1342.662
11/13/2023 21:00,11/13/2023 16:00,SOUTH,232.385
11/13/2023 22:00,11/13/2023 17:00,SOUTH,-4.57
11/13/2023 23:00,11/13/2023 18:00,SOUTH,-4.602
11/14/2023 0:00,11/13/2023 19:00,SOUTH,-4.665
11/14/2023 1:00,11/13/2023 20:00,SOUTH,-4.574
11/14/2023 2:00,11/13/2023 21:00,SOUTH,-4.696
11/14/2023 3:00,11/13/2023 22:00,SOUTH,-4.499
11/14/2023 4:00,11/13/2023 23:00,SOUTH,-4.801
11/14/2023 5:00,11/14/2023 0:00,SOUTH,-4.682
11/14/2023 6:00,11/14/2023 1:00,SOUTH,-4.71
11/14/2023 7:00,11/14/2023 2:00,SOUTH,-4.672
11/14/2023 8:00,11/14/2023 3:00,SOUTH,-4.773
11/14/2023 9:00,11/14/2023 4:00,SOUTH,-4.86
11/14/2023 10:00,11/14/2023 5:00,SOUTH,-4.742
11/14/2023 11:00,11/14/2023 6:00,SOUTH,1.879
11/14/2023 12:00,11/14/2023 7:00,SOUTH,475.518
11/14/2023 13:00,11/14/2023 8:00,SOUTH,1685.354
11/14/2023 14:00,11/14/2023 9:00,SOUTH,2185.181
11/14/2023 15:00,11/14/2023 10:00,SOUTH,2172.816
11/14/2023 16:00,11/14/2023 11:00,SOUTH,2051.064
11/14/2023 17:00,11/14/2023 12:00,SOUTH,1972.872
11/14/2023 18:00,11/14/2023 13:00,SOUTH,1936.246
11/14/2023 19:00,11/14/2023 14:00,SOUTH,1741.303
11/14/2023 20:00,11/14/2023 15:00,SOUTH,1041.385
11/14/2023 21:00,11/14/2023 16:00,SOUTH,175.496
11/14/2023 22:00,11/14/2023 17:00,SOUTH,-5.071
11/14/2023 23:00,11/14/2023 18:00,SOUTH,-4.741
11/15/2023 0:00,11/14/2023 19:00,SOUTH,-4.717
11/15/2023 1:00,11/14/2023 20:00,SOUTH,-4.736
11/15/2023 2:00,11/14/2023 21:00,SOUTH,-4.65
11/15/2023 3:00,11/14/2023 22:00,SOUTH,-4.743
11/15/2023 4:00,11/14/2023 23:00,SOUTH,-4.633
11/15/2023 5:00,11/15/2023 0:00,SOUTH,-4.806
11/15/2023 6:00,11/15/2023 1:00,SOUTH,-4.765
11/15/2023 7:00,11/15/2023 2:00,SOUTH,-4.577
11/15/2023 8:00,11/15/2023 3:00,SOUTH,-4.873
11/15/2023 9:00,11/15/2023 4:00,SOUTH,-4.628
11/15/2023 10:00,11/15/2023 5:00,SOUTH,-4.946
11/15/2023 11:00,11/15/2023 6:00,SOUTH,-2.493
11/15/2023 12:00,11/15/2023 7:00,SOUTH,218.868
11/15/2023 13:00,11/15/2023 8:00,SOUTH,846.034
11/15/2023 14:00,11/15/2023 9:00,SOUTH,1305.182
11/15/2023 15:00,11/15/2023 10:00,SOUTH,1438.297
11/15/2023 16:00,11/15/2023 11:00,SOUTH,1465.429
11/15/2023 17:00,11/15/2023 12:00,SOUTH,1354.688
11/15/2023 18:00,11/15/2023 13:00,SOUTH,1126.902
11/15/2023 19:00,11/15/2023 14:00,SOUTH,850.038
11/15/2023 20:00,11/15/2023 15:00,SOUTH,411.492
11/15/2023 21:00,11/15/2023 16:00,SOUTH,75.745
11/15/2023 22:00,11/15/2023 17:00,SOUTH,-4.981
11/15/2023 23:00,11/15/2023 18:00,SOUTH,-4.694
11/16/2023 0:00,11/15/2023 19:00,SOUTH,-4.671
11/16/2023 1:00,11/15/2023 20:00,SOUTH,-4.703
11/16/2023 2:00,11/15/2023 21:00,SOUTH,-4.739
11/16/2023 3:00,11/15/2023 22:00,SOUTH,-4.712
11/16/2023 4:00,11/15/2023 23:00,SOUTH,-4.66
11/16/2023 5:00,11/16/2023 0:00,SOUTH,-4.731
11/16/2023 6:00,11/16/2023 1:00,SOUTH,-4.614
11/16/2023 7:00,11/16/2023 2:00,SOUTH,-4.811
11/16/2023 8:00,11/16/2023 3:00,SOUTH,-4.829
11/16/2023 9:00,11/16/2023 4:00,SOUTH,-4.651
11/16/2023 10:00,11/16/2023 5:00,SOUTH,-4.93
11/16/2023 11:00,11/16/2023 6:00,SOUTH,-2.921
11/16/2023 12:00,11/16/2023 7:00,SOUTH,361.893
11/16/2023 13:00,11/16/2023 8:00,SOUTH,1587.818
11/16/2023 14:00,11/16/2023 9:00,SOUTH,2141.902
11/16/2023 15:00,11/16/2023 10:00,SOUTH,2084.621
11/16/2023 16:00,11/16/2023 11:00,SOUTH,2003.948
11/16/2023 17:00,11/16/2023 12:00,SOUTH,1999.572
11/16/2023 18:00,11/16/2023 13:00,SOUTH,1937.914
11/16/2023 19:00,11/16/2023 14:00,SOUTH,1999.501
11/16/2023 20:00,11/16/2023 15:00,SOUTH,1345.974
11/16/2023 21:00,11/16/2023 16:00,SOUTH,214.318
11/16/2023 22:00,11/16/2023 17:00,SOUTH,-4.845
11/16/2023 23:00,11/16/2023 18:00,SOUTH,-4.829
11/17/2023 0:00,11/16/2023 19:00,SOUTH,-4.76
11/17/2023 1:00,11/16/2023 20:00,SOUTH,-4.87
11/17/2023 2:00,11/16/2023 21:00,SOUTH,-4.69
11/17/2023 3:00,11/16/2023 22:00,SOUTH,-4.736
11/17/2023 4:00,11/16/2023 23:00,SOUTH,-4.883
11/17/2023 5:00,11/17/2023 0:00,SOUTH,-4.662
11/17/2023 6:00,11/17/2023 1:00,SOUTH,-4.9
11/17/2023 7:00,11/17/2023 2:00,SOUTH,-4.808
11/17/2023 8:00,11/17/2023 3:00,SOUTH,-4.649
11/17/2023 9:00,11/17/2023 4:00,SOUTH,-4.663
11/17/2023 10:00,11/17/2023 5:00,SOUTH,-4.728
11/17/2023 11:00,11/17/2023 6:00,SOUTH,-2.991
11/17/2023 12:00,11/17/2023 7:00,SOUTH,325.296
11/17/2023 13:00,11/17/2023 8:00,SOUTH,1329.39
11/17/2023 14:00,11/17/2023 9:00,SOUTH,1665.499
11/17/2023 15:00,11/17/2023 10:00,SOUTH,1703.819
11/17/2023 16:00,11/17/2023 11:00,SOUTH,1663.942
11/17/2023 17:00,11/17/2023 12:00,SOUTH,1479.408
11/17/2023 18:00,11/17/2023 13:00,SOUTH,1249.098
11/17/2023 19:00,11/17/2023 14:00,SOUTH,1007.837
11/17/2023 20:00,11/17/2023 15:00,SOUTH,522.462
11/17/2023 21:00,11/17/2023 16:00,SOUTH,79.507
11/17/2023 22:00,11/17/2023 17:00,SOUTH,-5.19
11/17/2023 23:00,11/17/2023 18:00,SOUTH,-4.97
11/18/2023 0:00,11/17/2023 19:00,SOUTH,-4.825
11/18/2023 1:00,11/17/2023 20:00,SOUTH,-4.711
11/18/2023 2:00,11/17/2023 21:00,SOUTH,-4.904
11/18/2023 3:00,11/17/2023 22:00,SOUTH,-4.916
11/18/2023 4:00,11/17/2023 23:00,SOUTH,-4.798
11/18/2023 5:00,11/18/2023 0:00,SOUTH,-4.786
11/18/2023 6:00,11/18/2023 1:00,SOUTH,-4.829
11/18/2023 7:00,11/18/2023 2:00,SOUTH,-5.352
11/18/2023 8:00,11/18/2023 3:00,SOUTH,-4.804
11/18/2023 9:00,11/18/2023 4:00,SOUTH,-4.828
11/18/2023 10:00,11/18/2023 5:00,SOUTH,-4.788
11/18/2023 11:00,11/18/2023 6:00,SOUTH,-4.443
11/18/2023 12:00,11/18/2023 7:00,SOUTH,200.251
11/18/2023 13:00,11/18/2023 8:00,SOUTH,1305.681
11/18/2023 14:00,11/18/2023 9:00,SOUTH,1961.88
11/18/2023 15:00,11/18/2023 10:00,SOUTH,2015.674
11/18/2023 16:00,11/18/2023 11:00,SOUTH,1981.316
11/18/2023 17:00,11/18/2023 12:00,SOUTH,1885.845
11/18/2023 18:00,11/18/2023 13:00,SOUTH,1970.042
11/18/2023 19:00,11/18/2023 14:00,SOUTH,2035.517
11/18/2023 20:00,11/18/2023 15:00,SOUTH,1308.895
11/18/2023 21:00,11/18/2023 16:00,SOUTH,213.157
11/18/2023 22:00,11/18/2023 17:00,SOUTH,-4.861
11/18/2023 23:00,11/18/2023 18:00,SOUTH,-4.835
11/19/2023 0:00,11/18/2023 19:00,SOUTH,-5.036
11/19/2023 1:00,11/18/2023 20:00,SOUTH,-4.761
11/19/2023 2:00,11/18/2023 21:00,SOUTH,-4.872
11/19/2023 3:00,11/18/2023 22:00,SOUTH,-4.902
11/19/2023 4:00,11/18/2023 23:00,SOUTH,-4.775
11/19/2023 5:00,11/19/2023 0:00,SOUTH,-4.774
11/19/2023 6:00,11/19/2023 1:00,SOUTH,-4.846
11/19/2023 7:00,11/19/2023 2:00,SOUTH,-4.851
11/19/2023 8:00,11/19/2023 3:00,SOUTH,-4.918
11/19/2023 9:00,11/19/2023 4:00,SOUTH,-4.93
11/19/2023 10:00,11/19/2023 5:00,SOUTH,-4.883
11/19/2023 11:00,11/19/2023 6:00,SOUTH,-2.4
11/19/2023 12:00,11/19/2023 7:00,SOUTH,426.685
11/19/2023 13:00,11/19/2023 8:00,SOUTH,1727.665
11/19/2023 14:00,11/19/2023 9:00,SOUTH,2303.859
11/19/2023 15:00,11/19/2023 10:00,SOUTH,2235.46
11/19/2023 16:00,11/19/2023 11:00,SOUTH,2132.129
11/19/2023 17:00,11/19/2023 12:00,SOUTH,2118.222
11/19/2023 18:00,11/19/2023 13:00,SOUTH,2194.17
11/19/2023 19:00,11/19/2023 14:00,SOUTH,2205.529
11/19/2023 20:00,11/19/2023 15:00,SOUTH,1445.667
11/19/2023 21:00,11/19/2023 16:00,SOUTH,235.856
11/19/2023 22:00,11/19/2023 17:00,SOUTH,-5.098
11/19/2023 23:00,11/19/2023 18:00,SOUTH,-4.774
11/20/2023 0:00,11/19/2023 19:00,SOUTH,-4.974
11/20/2023 1:00,11/19/2023 20:00,SOUTH,-4.823
11/20/2023 2:00,11/19/2023 21:00,SOUTH,-4.799
11/20/2023 3:00,11/19/2023 22:00,SOUTH,-4.874
11/20/2023 4:00,11/19/2023 23:00,SOUTH,-4.896
11/20/2023 5:00,11/20/2023 0:00,SOUTH,-4.841
11/20/2023 6:00,11/20/2023 1:00,SOUTH,-4.864
11/20/2023 7:00,11/20/2023 2:00,SOUTH,-4.836
11/20/2023 8:00,11/20/2023 3:00,SOUTH,-4.874
11/20/2023 9:00,11/20/2023 4:00,SOUTH,-4.929
11/20/2023 10:00,11/20/2023 5:00,SOUTH,-5.045
11/20/2023 11:00,11/20/2023 6:00,SOUTH,-2.148
11/20/2023 12:00,11/20/2023 7:00,SOUTH,371.254
11/20/2023 13:00,11/20/2023 8:00,SOUTH,1445.116
11/20/2023 14:00,11/20/2023 9:00,SOUTH,2034.567
11/20/2023 15:00,11/20/2023 10:00,SOUTH,2022.714
11/20/2023 16:00,11/20/2023 11:00,SOUTH,1889.789
11/20/2023 17:00,11/20/2023 12:00,SOUTH,1821.188
11/20/2023 18:00,11/20/2023 13:00,SOUTH,1623.214
11/20/2023 19:00,11/20/2023 14:00,SOUTH,1315.14
11/20/2023 20:00,11/20/2023 15:00,SOUTH,739.712
11/20/2023 21:00,11/20/2023 16:00,SOUTH,110.157
11/20/2023 22:00,11/20/2023 17:00,SOUTH,-5.248
11/20/2023 23:00,11/20/2023 18:00,SOUTH,-4.843
11/21/2023 0:00,11/20/2023 19:00,SOUTH,-4.796
11/21/2023 1:00,11/20/2023 20:00,SOUTH,-4.934
11/21/2023 2:00,11/20/2023 21:00,SOUTH,-4.902
11/21/2023 3:00,11/20/2023 22:00,SOUTH,-4.935
11/21/2023 4:00,11/20/2023 23:00,SOUTH,-4.851
11/21/2023 5:00,11/21/2023 0:00,SOUTH,-4.888
11/21/2023 6:00,11/21/2023 1:00,SOUTH,-4.704
11/21/2023 7:00,11/21/2023 2:00,SOUTH,-4.848
11/21/2023 8:00,11/21/2023 3:00,SOUTH,-4.826
11/21/2023 9:00,11/21/2023 4:00,SOUTH,-4.769
11/21/2023 10:00,11/21/2023 5:00,SOUTH,-4.875
11/21/2023 11:00,11/21/2023 6:00,SOUTH,-4.431
11/21/2023 12:00,11/21/2023 7:00,SOUTH,15.181
11/21/2023 13:00,11/21/2023 8:00,SOUTH,70.017
11/21/2023 14:00,11/21/2023 9:00,SOUTH,153.896
11/21/2023 15:00,11/21/2023 10:00,SOUTH,200.514
11/21/2023 16:00,11/21/2023 11:00,SOUTH,230.783
11/21/2023 17:00,11/21/2023 12:00,SOUTH,196.242
11/21/2023 18:00,11/21/2023 13:00,SOUTH,148.797
11/21/2023 19:00,11/21/2023 14:00,SOUTH,92.329
11/21/2023 20:00,11/21/2023 15:00,SOUTH,63.154
11/21/2023 21:00,11/21/2023 16:00,SOUTH,5.367
11/21/2023 22:00,11/21/2023 17:00,SOUTH,-4.985
11/21/2023 23:00,11/21/2023 18:00,SOUTH,-4.733
11/22/2023 0:00,11/21/2023 19:00,SOUTH,-4.933
11/22/2023 1:00,11/21/2023 20:00,SOUTH,-4.661
11/22/2023 2:00,11/21/2023 21:00,SOUTH,-4.873
11/22/2023 3:00,11/21/2023 22:00,SOUTH,-4.909
11/22/2023 4:00,11/21/2023 23:00,SOUTH,-4.551
11/22/2023 5:00,11/22/2023 0:00,SOUTH,-4.823
11/22/2023 6:00,11/22/2023 1:00,SOUTH,-4.689
11/22/2023 7:00,11/22/2023 2:00,SOUTH,-4.59
11/22/2023 8:00,11/22/2023 3:00,SOUTH,-4.646
11/22/2023 9:00,11/22/2023 4:00,SOUTH,-4.62
11/22/2023 10:00,11/22/2023 5:00,SOUTH,-4.717
11/22/2023 11:00,11/22/2023 6:00,SOUTH,-4.644
11/22/2023 12:00,11/22/2023 7:00,SOUTH,13.457
11/22/2023 13:00,11/22/2023 8:00,SOUTH,66.512
11/22/2023 14:00,11/22/2023 9:00,SOUTH,288.091
11/22/2023 15:00,11/22/2023 10:00,SOUTH,446.938
11/22/2023 16:00,11/22/2023 11:00,SOUTH,653.206
11/22/2023 17:00,11/22/2023 12:00,SOUTH,807.807
11/22/2023 18:00,11/22/2023 13:00,SOUTH,771.255
11/22/2023 19:00,11/22/2023 14:00,SOUTH,776.852
11/22/2023 20:00,11/22/2023 15:00,SOUTH,389.602
11/22/2023 21:00,11/22/2023 16:00,SOUTH,73.011
11/22/2023 22:00,11/22/2023 17:00,SOUTH,-5.059
11/22/2023 23:00,11/22/2023 18:00,SOUTH,-4.814
11/23/2023 0:00,11/22/2023 19:00,SOUTH,-4.953
11/23/2023 1:00,11/22/2023 20:00,SOUTH,-4.889
11/23/2023 2:00,11/22/2023 21:00,SOUTH,-4.706
11/23/2023 3:00,11/22/2023 22:00,SOUTH,-4.802
11/23/2023 4:00,11/22/2023 23:00,SOUTH,-4.772
11/23/2023 5:00,11/23/2023 0:00,SOUTH,-4.865
11/23/2023 6:00,11/23/2023 1:00,SOUTH,-4.808
11/23/2023 7:00,11/23/2023 2:00,SOUTH,-5.043
11/23/2023 8:00,11/23/2023 3:00,SOUTH,-4.839
11/23/2023 9:00,11/23/2023 4:00,SOUTH,-5
11/23/2023 10:00,11/23/2023 5:00,SOUTH,-4.88
11/23/2023 11:00,11/23/2023 6:00,SOUTH,-3.631
11/23/2023 12:00,11/23/2023 7:00,SOUTH,332.677
11/23/2023 13:00,11/23/2023 8:00,SOUTH,1589.023
11/23/2023 14:00,11/23/2023 9:00,SOUTH,2249.322
11/23/2023 15:00,11/23/2023 10:00,SOUTH,2194.316
11/23/2023 16:00,11/23/2023 11:00,SOUTH,2091.782
11/23/2023 17:00,11/23/2023 12:00,SOUTH,2077.065
11/23/2023 18:00,11/23/2023 13:00,SOUTH,2152.459
11/23/2023 19:00,11/23/2023 14:00,SOUTH,2160.621
11/23/2023 20:00,11/23/2023 15:00,SOUTH,1387.138
11/23/2023 21:00,11/23/2023 16:00,SOUTH,200.974
11/23/2023 22:00,11/23/2023 17:00,SOUTH,-5.567
11/23/2023 23:00,11/23/2023 18:00,SOUTH,-4.878
11/24/2023 0:00,11/23/2023 19:00,SOUTH,-5.088
11/24/2023 1:00,11/23/2023 20:00,SOUTH,-4.902
11/24/2023 2:00,11/23/2023 21:00,SOUTH,-4.748
11/24/2023 3:00,11/23/2023 22:00,SOUTH,-4.939
11/24/2023 4:00,11/23/2023 23:00,SOUTH,-4.796
11/24/2023 5:00,11/24/2023 0:00,SOUTH,-4.993
11/24/2023 6:00,11/24/2023 1:00,SOUTH,-4.85
11/24/2023 7:00,11/24/2023 2:00,SOUTH,-4.815
11/24/2023 8:00,11/24/2023 3:00,SOUTH,-5.053
11/24/2023 9:00,11/24/2023 4:00,SOUTH,-4.8
11/24/2023 10:00,11/24/2023 5:00,SOUTH,-5.039
11/24/2023 11:00,11/24/2023 6:00,SOUTH,-4.715
11/24/2023 12:00,11/24/2023 7:00,SOUTH,164.172
11/24/2023 13:00,11/24/2023 8:00,SOUTH,1084.994
11/24/2023 14:00,11/24/2023 9:00,SOUTH,1800.339
11/24/2023 15:00,11/24/2023 10:00,SOUTH,1723.931
11/24/2023 16:00,11/24/2023 11:00,SOUTH,1707.213
11/24/2023 17:00,11/24/2023 12:00,SOUTH,1519.748
11/24/2023 18:00,11/24/2023 13:00,SOUTH,983.831
11/24/2023 19:00,11/24/2023 14:00,SOUTH,812.551
11/24/2023 20:00,11/24/2023 15:00,SOUTH,759.706
11/24/2023 21:00,11/24/2023 16:00,SOUTH,145.277
11/24/2023 22:00,11/24/2023 17:00,SOUTH,-5.21
11/24/2023 23:00,11/24/2023 18:00,SOUTH,-4.931
11/25/2023 0:00,11/24/2023 19:00,SOUTH,-4.72
11/25/2023 1:00,11/24/2023 20:00,SOUTH,-4.778
11/25/2023 2:00,11/24/2023 21:00,SOUTH,-4.981
11/25/2023 3:00,11/24/2023 22:00,SOUTH,-4.806
11/25/2023 4:00,11/24/2023 23:00,SOUTH,-4.94
11/25/2023 5:00,11/25/2023 0:00,SOUTH,-4.905
11/25/2023 6:00,11/25/2023 1:00,SOUTH,-4.82
11/25/2023 7:00,11/25/2023 2:00,SOUTH,-4.896
11/25/2023 8:00,11/25/2023 3:00,SOUTH,-5.013
11/25/2023 9:00,11/25/2023 4:00,SOUTH,-4.837
11/25/2023 10:00,11/25/2023 5:00,SOUTH,-5.024
11/25/2023 11:00,11/25/2023 6:00,SOUTH,-4.638
11/25/2023 12:00,11/25/2023 7:00,SOUTH,126.294
11/25/2023 13:00,11/25/2023 8:00,SOUTH,867.84
11/25/2023 14:00,11/25/2023 9:00,SOUTH,1786.451
11/25/2023 15:00,11/25/2023 10:00,SOUTH,2066.874
11/25/2023 16:00,11/25/2023 11:00,SOUTH,2012.118
11/25/2023 17:00,11/25/2023 12:00,SOUTH,2040.977
11/25/2023 18:00,11/25/2023 13:00,SOUTH,2116.116
11/25/2023 19:00,11/25/2023 14:00,SOUTH,1988.562
11/25/2023 20:00,11/25/2023 15:00,SOUTH,1040.935
11/25/2023 21:00,11/25/2023 16:00,SOUTH,132.699
11/25/2023 22:00,11/25/2023 17:00,SOUTH,-5.325
11/25/2023 23:00,11/25/2023 18:00,SOUTH,-4.667
11/26/2023 0:00,11/25/2023 19:00,SOUTH,-4.994
11/26/2023 1:00,11/25/2023 20:00,SOUTH,-4.966
11/26/2023 2:00,11/25/2023 21:00,SOUTH,-4.901
11/26/2023 3:00,11/25/2023 22:00,SOUTH,-4.892
11/26/2023 4:00,11/25/2023 23:00,SOUTH,-4.84
11/26/2023 5:00,11/26/2023 0:00,SOUTH,-4.96
11/26/2023 6:00,11/26/2023 1:00,SOUTH,-4.892
11/26/2023 7:00,11/26/2023 2:00,SOUTH,-4.862
11/26/2023 8:00,11/26/2023 3:00,SOUTH,-4.972
11/26/2023 9:00,11/26/2023 4:00,SOUTH,-4.84
11/26/2023 10:00,11/26/2023 5:00,SOUTH,-4.902
11/26/2023 11:00,11/26/2023 6:00,SOUTH,-4.83
11/26/2023 12:00,11/26/2023 7:00,SOUTH,45.812
11/26/2023 13:00,11/26/2023 8:00,SOUTH,237.355
11/26/2023 14:00,11/26/2023 9:00,SOUTH,384.839
11/26/2023 15:00,11/26/2023 10:00,SOUTH,627.08
11/26/2023 16:00,11/26/2023 11:00,SOUTH,819.904
11/26/2023 17:00,11/26/2023 12:00,SOUTH,743.406
11/26/2023 18:00,11/26/2023 13:00,SOUTH,560.329
11/26/2023 19:00,11/26/2023 14:00,SOUTH,369.518
11/26/2023 20:00,11/26/2023 15:00,SOUTH,166.405
11/26/2023 21:00,11/26/2023 16:00,SOUTH,24.662
11/26/2023 22:00,11/26/2023 17:00,SOUTH,-5.002
11/26/2023 23:00,11/26/2023 18:00,SOUTH,-4.92
11/27/2023 0:00,11/26/2023 19:00,SOUTH,-4.912
11/27/2023 1:00,11/26/2023 20:00,SOUTH,-4.887
11/27/2023 2:00,11/26/2023 21:00,SOUTH,-4.774
11/27/2023 3:00,11/26/2023 22:00,SOUTH,-5.032
11/27/2023 4:00,11/26/2023 23:00,SOUTH,-4.775
11/27/2023 5:00,11/27/2023 0:00,SOUTH,-4.889
11/27/2023 6:00,11/27/2023 1:00,SOUTH,-4.735
11/27/2023 7:00,11/27/2023 2:00,SOUTH,-4.887
11/27/2023 8:00,11/27/2023 3:00,SOUTH,-4.7
11/27/2023 9:00,11/27/2023 4:00,SOUTH,-4.806
11/27/2023 10:00,11/27/2023 5:00,SOUTH,-4.599
11/27/2023 11:00,11/27/2023 6:00,SOUTH,-4.485
11/27/2023 12:00,11/27/2023 7:00,SOUTH,225.444
11/27/2023 13:00,11/27/2023 8:00,SOUTH,1408.381
11/27/2023 14:00,11/27/2023 9:00,SOUTH,2090.472
11/27/2023 15:00,11/27/2023 10:00,SOUTH,2137.33
11/27/2023 16:00,11/27/2023 11:00,SOUTH,2066.568
11/27/2023 17:00,11/27/2023 12:00,SOUTH,2024.318
11/27/2023 18:00,11/27/2023 13:00,SOUTH,2015.313
11/27/2023 19:00,11/27/2023 14:00,SOUTH,2054.849
11/27/2023 20:00,11/27/2023 15:00,SOUTH,1327.975
11/27/2023 21:00,11/27/2023 16:00,SOUTH,193.168
11/27/2023 22:00,11/27/2023 17:00,SOUTH,-5.158
11/27/2023 23:00,11/27/2023 18:00,SOUTH,-4.88
11/28/2023 0:00,11/27/2023 19:00,SOUTH,-5.031
11/28/2023 1:00,11/27/2023 20:00,SOUTH,-4.695
11/28/2023 2:00,11/27/2023 21:00,SOUTH,-4.787
11/28/2023 3:00,11/27/2023 22:00,SOUTH,-4.82
11/28/2023 4:00,11/27/2023 23:00,SOUTH,-4.73
11/28/2023 5:00,11/28/2023 0:00,SOUTH,-5.094
11/28/2023 6:00,11/28/2023 1:00,SOUTH,-4.796
11/28/2023 7:00,11/28/2023 2:00,SOUTH,-4.872
11/28/2023 8:00,11/28/2023 3:00,SOUTH,-4.993
11/28/2023 9:00,11/28/2023 4:00,SOUTH,-4.998
11/28/2023 10:00,11/28/2023 5:00,SOUTH,-4.989
11/28/2023 11:00,11/28/2023 6:00,SOUTH,-4.836
11/28/2023 12:00,11/28/2023 7:00,SOUTH,209.883
11/28/2023 13:00,11/28/2023 8:00,SOUTH,1375.073
11/28/2023 14:00,11/28/2023 9:00,SOUTH,2063.638
11/28/2023 15:00,11/28/2023 10:00,SOUTH,2004.09
11/28/2023 16:00,11/28/2023 11:00,SOUTH,1850.468
11/28/2023 17:00,11/28/2023 12:00,SOUTH,1657.067
11/28/2023 18:00,11/28/2023 13:00,SOUTH,1809.544
11/28/2023 19:00,11/28/2023 14:00,SOUTH,1939.248
11/28/2023 20:00,11/28/2023 15:00,SOUTH,1263.654
11/28/2023 21:00,11/28/2023 16:00,SOUTH,197.169
11/28/2023 22:00,11/28/2023 17:00,SOUTH,-5.337
11/28/2023 23:00,11/28/2023 18:00,SOUTH,-4.725
11/29/2023 0:00,11/28/2023 19:00,SOUTH,-5.008
11/29/2023 1:00,11/28/2023 20:00,SOUTH,-4.528
11/29/2023 2:00,11/28/2023 21:00,SOUTH,-4.815
11/29/2023 3:00,11/28/2023 22:00,SOUTH,-4.921
11/29/2023 4:00,11/28/2023 23:00,SOUTH,-4.738
11/29/2023 5:00,11/29/2023 0:00,SOUTH,-5.053
11/29/2023 6:00,11/29/2023 1:00,SOUTH,-4.821
11/29/2023 7:00,11/29/2023 2:00,SOUTH,-4.804
11/29/2023 8:00,11/29/2023 3:00,SOUTH,-5.175
11/29/2023 9:00,11/29/2023 4:00,SOUTH,-4.967
11/29/2023 10:00,11/29/2023 5:00,SOUTH,-5.169
11/29/2023 11:00,11/29/2023 6:00,SOUTH,-4.492
11/29/2023 12:00,11/29/2023 7:00,SOUTH,267.414
11/29/2023 13:00,11/29/2023 8:00,SOUTH,1500.768
11/29/2023 14:00,11/29/2023 9:00,SOUTH,2256.505
11/29/2023 15:00,11/29/2023 10:00,SOUTH,2289.536
11/29/2023 16:00,11/29/2023 11:00,SOUTH,2166.578
11/29/2023 17:00,11/29/2023 12:00,SOUTH,2148.654
11/29/2023 18:00,11/29/2023 13:00,SOUTH,2241.538
11/29/2023 19:00,11/29/2023 14:00,SOUTH,2248.529
11/29/2023 20:00,11/29/2023 15:00,SOUTH,1387.266
11/29/2023 21:00,11/29/2023 16:00,SOUTH,192.239
11/29/2023 22:00,11/29/2023 17:00,SOUTH,-5.236
11/29/2023 23:00,11/29/2023 18:00,SOUTH,-4.877
11/30/2023 0:00,11/29/2023 19:00,SOUTH,-4.923
11/30/2023 1:00,11/29/2023 20:00,SOUTH,-4.813
11/30/2023 2:00,11/29/2023 21:00,SOUTH,-4.701
11/30/2023 3:00,11/29/2023 22:00,SOUTH,-4.869
11/30/2023 4:00,11/29/2023 23:00,SOUTH,-4.739
11/30/2023 5:00,11/30/2023 0:00,SOUTH,-4.805
11/30/2023 6:00,11/30/2023 1:00,SOUTH,-5.101
11/30/2023 7:00,11/30/2023 2:00,SOUTH,-4.822
11/30/2023 8:00,11/30/2023 3:00,SOUTH,-5.035
11/30/2023 9:00,11/30/2023 4:00,SOUTH,-5.072
11/30/2023 10:00,11/30/2023 5:00,SOUTH,-5.039
11/30/2023 11:00,11/30/2023 6:00,SOUTH,-4.662
11/30/2023 12:00,11/30/2023 7:00,SOUTH,252.974
11/30/2023 13:00,11/30/2023 8:00,SOUTH,1430.337
11/30/2023 14:00,11/30/2023 9:00,SOUTH,2124.719
11/30/2023 15:00,11/30/2023 10:00,SOUTH,2129.157
11/30/2023 16:00,11/30/2023 11:00,SOUTH,1957.566
11/30/2023 17:00,11/30/2023 12:00,SOUTH,1976.826
11/30/2023 18:00,11/30/2023 13:00,SOUTH,2057.071
11/30/2023 19:00,11/30/2023 14:00,SOUTH,2028.894
11/30/2023 20:00,11/30/2023 15:00,SOUTH,1231.088
11/30/2023 21:00,11/30/2023 16:00,SOUTH,176.741
11/30/2023 22:00,11/30/2023 17:00,SOUTH,-5.241
11/30/2023 23:00,11/30/2023 18:00,SOUTH,-5.183
12/1/2023 0:00,11/30/2023 19:00,SOUTH,-4.837
12/1/2023 1:00,11/30/2023 20:00,SOUTH,-4.852
12/1/2023 2:00,11/30/2023 21:00,SOUTH,-4.775
12/1/2023 3:00,11/30/2023 22:00,SOUTH,-4.839
12/1/2023 4:00,11/30/2023 23:00,SOUTH,-4.941
12/1/2023 5:00,12/1/2023 0:00,SOUTH,-4.926
12/1/2023 6:00,12/1/2023 1:00,SOUTH,-5.025
12/1/2023 7:00,12/1/2023 2:00,SOUTH,-4.899
12/1/2023 8:00,12/1/2023 3:00,SOUTH,-4.999
12/1/2023 9:00,12/1/2023 4:00,SOUTH,-5.093
12/1/2023 10:00,12/1/2023 5:00,SOUTH,-5.029
12/1/2023 11:00,12/1/2023 6:00,SOUTH,-5.019
12/1/2023 12:00,12/1/2023 7:00,SOUTH,141.725
12/1/2023 13:00,12/1/2023 8:00,SOUTH,882.693
12/1/2023 14:00,12/1/2023 9:00,SOUTH,924.911
12/1/2023 15:00,12/1/2023 10:00,SOUTH,981.967
12/1/2023 16:00,12/1/2023 11:00,SOUTH,818.904
12/1/2023 17:00,12/1/2023 12:00,SOUTH,611.868
12/1/2023 18:00,12/1/2023 13:00,SOUTH,482.344
12/1/2023 19:00,12/1/2023 14:00,SOUTH,300.087
12/1/2023 20:00,12/1/2023 15:00,SOUTH,142.86
12/1/2023 21:00,12/1/2023 16:00,SOUTH,19.024
12/1/2023 22:00,12/1/2023 17:00,SOUTH,-5.08
12/1/2023 23:00,12/1/2023 18:00,SOUTH,-5.076
12/2/2023 0:00,12/1/2023 19:00,SOUTH,-4.995
12/2/2023 1:00,12/1/2023 20:00,SOUTH,-5.01
12/2/2023 2:00,12/1/2023 21:00,SOUTH,-4.921
12/2/2023 3:00,12/1/2023 22:00,SOUTH,-5.105
12/2/2023 4:00,12/1/2023 23:00,SOUTH,-4.927
12/2/2023 5:00,12/2/2023 0:00,SOUTH,-5.017
12/2/2023 6:00,12/2/2023 1:00,SOUTH,-5.124
12/2/2023 7:00,12/2/2023 2:00,SOUTH,-4.89
12/2/2023 8:00,12/2/2023 3:00,SOUTH,-4.884
12/2/2023 9:00,12/2/2023 4:00,SOUTH,-4.905
12/2/2023 10:00,12/2/2023 5:00,SOUTH,-4.838
12/2/2023 11:00,12/2/2023 6:00,SOUTH,-5.03
12/2/2023 12:00,12/2/2023 7:00,SOUTH,26.355
12/2/2023 13:00,12/2/2023 8:00,SOUTH,168.675
12/2/2023 14:00,12/2/2023 9:00,SOUTH,306.885
12/2/2023 15:00,12/2/2023 10:00,SOUTH,470.485
12/2/2023 16:00,12/2/2023 11:00,SOUTH,568.004
12/2/2023 17:00,12/2/2023 12:00,SOUTH,544.172
12/2/2023 18:00,12/2/2023 13:00,SOUTH,427.964
12/2/2023 19:00,12/2/2023 14:00,SOUTH,266.868
12/2/2023 20:00,12/2/2023 15:00,SOUTH,130.263
12/2/2023 21:00,12/2/2023 16:00,SOUTH,11.628
12/2/2023 22:00,12/2/2023 17:00,SOUTH,-5.116
12/2/2023 23:00,12/2/2023 18:00,SOUTH,-5.037
12/3/2023 0:00,12/2/2023 19:00,SOUTH,-4.952
12/3/2023 1:00,12/2/2023 20:00,SOUTH,-5.063
12/3/2023 2:00,12/2/2023 21:00,SOUTH,-4.891
12/3/2023 3:00,12/2/2023 22:00,SOUTH,-4.966
12/3/2023 4:00,12/2/2023 23:00,SOUTH,-5.119
12/3/2023 5:00,12/3/2023 0:00,SOUTH,-4.914
12/3/2023 6:00,12/3/2023 1:00,SOUTH,-5.105
12/3/2023 7:00,12/3/2023 2:00,SOUTH,-4.969
12/3/2023 8:00,12/3/2023 3:00,SOUTH,-5.064
12/3/2023 9:00,12/3/2023 4:00,SOUTH,-4.986
12/3/2023 10:00,12/3/2023 5:00,SOUTH,-4.887
12/3/2023 11:00,12/3/2023 6:00,SOUTH,-4.945
12/3/2023 12:00,12/3/2023 7:00,SOUTH,12.48
12/3/2023 13:00,12/3/2023 8:00,SOUTH,146.327
12/3/2023 14:00,12/3/2023 9:00,SOUTH,369.76
12/3/2023 15:00,12/3/2023 10:00,SOUTH,549.649
12/3/2023 16:00,12/3/2023 11:00,SOUTH,671.166
12/3/2023 17:00,12/3/2023 12:00,SOUTH,584.486
12/3/2023 18:00,12/3/2023 13:00,SOUTH,451.335
12/3/2023 19:00,12/3/2023 14:00,SOUTH,485.119
12/3/2023 20:00,12/3/2023 15:00,SOUTH,299.081
12/3/2023 21:00,12/3/2023 16:00,SOUTH,57.51
12/3/2023 22:00,12/3/2023 17:00,SOUTH,-5.064
12/3/2023 23:00,12/3/2023 18:00,SOUTH,-4.922
12/4/2023 0:00,12/3/2023 19:00,SOUTH,-4.964
12/4/2023 1:00,12/3/2023 20:00,SOUTH,-5.067
12/4/2023 2:00,12/3/2023 21:00,SOUTH,-5.058
12/4/2023 3:00,12/3/2023 22:00,SOUTH,-5.037
12/4/2023 4:00,12/3/2023 23:00,SOUTH,-5.06
12/4/2023 5:00,12/4/2023 0:00,SOUTH,-4.993
12/4/2023 6:00,12/4/2023 1:00,SOUTH,-5.027
12/4/2023 7:00,12/4/2023 2:00,SOUTH,-4.941
12/4/2023 8:00,12/4/2023 3:00,SOUTH,-5.06
12/4/2023 9:00,12/4/2023 4:00,SOUTH,-4.935
12/4/2023 10:00,12/4/2023 5:00,SOUTH,-4.86
12/4/2023 11:00,12/4/2023 6:00,SOUTH,-4.717
12/4/2023 12:00,12/4/2023 7:00,SOUTH,88.065
12/4/2023 13:00,12/4/2023 8:00,SOUTH,591.67
12/4/2023 14:00,12/4/2023 9:00,SOUTH,1427.168
12/4/2023 15:00,12/4/2023 10:00,SOUTH,1761.664
12/4/2023 16:00,12/4/2023 11:00,SOUTH,1644.218
12/4/2023 17:00,12/4/2023 12:00,SOUTH,1695.029
12/4/2023 18:00,12/4/2023 13:00,SOUTH,1782.171
12/4/2023 19:00,12/4/2023 14:00,SOUTH,1682.201
12/4/2023 20:00,12/4/2023 15:00,SOUTH,985.429
12/4/2023 21:00,12/4/2023 16:00,SOUTH,156.938
12/4/2023 22:00,12/4/2023 17:00,SOUTH,-5.262
12/4/2023 23:00,12/4/2023 18:00,SOUTH,-4.882
12/5/2023 0:00,12/4/2023 19:00,SOUTH,-4.833
12/5/2023 1:00,12/4/2023 20:00,SOUTH,-4.944
12/5/2023 2:00,12/4/2023 21:00,SOUTH,-4.781
12/5/2023 3:00,12/4/2023 22:00,SOUTH,-5.052
12/5/2023 4:00,12/4/2023 23:00,SOUTH,-4.837
12/5/2023 5:00,12/5/2023 0:00,SOUTH,-4.825
12/5/2023 6:00,12/5/2023 1:00,SOUTH,-4.802
12/5/2023 7:00,12/5/2023 2:00,SOUTH,-4.84
12/5/2023 8:00,12/5/2023 3:00,SOUTH,-5.09
12/5/2023 9:00,12/5/2023 4:00,SOUTH,-4.869
12/5/2023 10:00,12/5/2023 5:00,SOUTH,-5.078
12/5/2023 11:00,12/5/2023 6:00,SOUTH,-4.774
12/5/2023 12:00,12/5/2023 7:00,SOUTH,186.178
12/5/2023 13:00,12/5/2023 8:00,SOUTH,1274.608
12/5/2023 14:00,12/5/2023 9:00,SOUTH,2075.779
12/5/2023 15:00,12/5/2023 10:00,SOUTH,1923.693
12/5/2023 16:00,12/5/2023 11:00,SOUTH,1902.342
12/5/2023 17:00,12/5/2023 12:00,SOUTH,1919.835
12/5/2023 18:00,12/5/2023 13:00,SOUTH,1877.233
12/5/2023 19:00,12/5/2023 14:00,SOUTH,1604.533
12/5/2023 20:00,12/5/2023 15:00,SOUTH,844.921
12/5/2023 21:00,12/5/2023 16:00,SOUTH,96.012
12/5/2023 22:00,12/5/2023 17:00,SOUTH,-4.859
12/5/2023 23:00,12/5/2023 18:00,SOUTH,-4.831
12/6/2023 0:00,12/5/2023 19:00,SOUTH,-4.883
12/6/2023 1:00,12/5/2023 20:00,SOUTH,-4.947
12/6/2023 2:00,12/5/2023 21:00,SOUTH,-4.777
12/6/2023 3:00,12/5/2023 22:00,SOUTH,-5.118
12/6/2023 4:00,12/5/2023 23:00,SOUTH,-4.899
12/6/2023 5:00,12/6/2023 0:00,SOUTH,-4.885
12/6/2023 6:00,12/6/2023 1:00,SOUTH,-4.91
12/6/2023 7:00,12/6/2023 2:00,SOUTH,-4.91
12/6/2023 8:00,12/6/2023 3:00,SOUTH,-5.003
12/6/2023 9:00,12/6/2023 4:00,SOUTH,-5.269
12/6/2023 10:00,12/6/2023 5:00,SOUTH,-4.865
12/6/2023 11:00,12/6/2023 6:00,SOUTH,-4.983
12/6/2023 12:00,12/6/2023 7:00,SOUTH,11.593
12/6/2023 13:00,12/6/2023 8:00,SOUTH,164.151
12/6/2023 14:00,12/6/2023 9:00,SOUTH,383.124
12/6/2023 15:00,12/6/2023 10:00,SOUTH,724.588
12/6/2023 16:00,12/6/2023 11:00,SOUTH,1094.211
12/6/2023 17:00,12/6/2023 12:00,SOUTH,1006.175
12/6/2023 18:00,12/6/2023 13:00,SOUTH,1096.831
12/6/2023 19:00,12/6/2023 14:00,SOUTH,1244.677
12/6/2023 20:00,12/6/2023 15:00,SOUTH,900.973
12/6/2023 21:00,12/6/2023 16:00,SOUTH,166.481
12/6/2023 22:00,12/6/2023 17:00,SOUTH,-4.968
12/6/2023 23:00,12/6/2023 18:00,SOUTH,-5.079
12/7/2023 0:00,12/6/2023 19:00,SOUTH,-4.987
12/7/2023 1:00,12/6/2023 20:00,SOUTH,-5.001
12/7/2023 2:00,12/6/2023 21:00,SOUTH,-4.974
12/7/2023 3:00,12/6/2023 22:00,SOUTH,-5.085
12/7/2023 4:00,12/6/2023 23:00,SOUTH,-5.076
12/7/2023 5:00,12/7/2023 0:00,SOUTH,-4.88
12/7/2023 6:00,12/7/2023 1:00,SOUTH,-5.142
12/7/2023 7:00,12/7/2023 2:00,SOUTH,-4.905
12/7/2023 8:00,12/7/2023 3:00,SOUTH,-5.109
12/7/2023 9:00,12/7/2023 4:00,SOUTH,-4.922
12/7/2023 10:00,12/7/2023 5:00,SOUTH,-5.147
12/7/2023 11:00,12/7/2023 6:00,SOUTH,-5.02
12/7/2023 12:00,12/7/2023 7:00,SOUTH,162.057
12/7/2023 13:00,12/7/2023 8:00,SOUTH,955.25
12/7/2023 14:00,12/7/2023 9:00,SOUTH,1560.926
12/7/2023 15:00,12/7/2023 10:00,SOUTH,1671.434
12/7/2023 16:00,12/7/2023 11:00,SOUTH,1727.849
12/7/2023 17:00,12/7/2023 12:00,SOUTH,1631.764
12/7/2023 18:00,12/7/2023 13:00,SOUTH,1761.388
12/7/2023 19:00,12/7/2023 14:00,SOUTH,1886.523
12/7/2023 20:00,12/7/2023 15:00,SOUTH,1152.068
12/7/2023 21:00,12/7/2023 16:00,SOUTH,158.497
12/7/2023 22:00,12/7/2023 17:00,SOUTH,-5.123
12/7/2023 23:00,12/7/2023 18:00,SOUTH,-4.933
12/8/2023 0:00,12/7/2023 19:00,SOUTH,-4.817
12/8/2023 1:00,12/7/2023 20:00,SOUTH,-5.083
12/8/2023 2:00,12/7/2023 21:00,SOUTH,-4.808
12/8/2023 3:00,12/7/2023 22:00,SOUTH,-4.899
12/8/2023 4:00,12/7/2023 23:00,SOUTH,-5.057
12/8/2023 5:00,12/8/2023 0:00,SOUTH,-4.842
12/8/2023 6:00,12/8/2023 1:00,SOUTH,-4.955
12/8/2023 7:00,12/8/2023 2:00,SOUTH,-4.817
12/8/2023 8:00,12/8/2023 3:00,SOUTH,-5.015
12/8/2023 9:00,12/8/2023 4:00,SOUTH,-4.774
12/8/2023 10:00,12/8/2023 5:00,SOUTH,-5.331
12/8/2023 11:00,12/8/2023 6:00,SOUTH,-4.779
12/8/2023 12:00,12/8/2023 7:00,SOUTH,149.061
12/8/2023 13:00,12/8/2023 8:00,SOUTH,1058.506
12/8/2023 14:00,12/8/2023 9:00,SOUTH,1710.542
12/8/2023 15:00,12/8/2023 10:00,SOUTH,1743.862
12/8/2023 16:00,12/8/2023 11:00,SOUTH,1724.412
12/8/2023 17:00,12/8/2023 12:00,SOUTH,1633.07
12/8/2023 18:00,12/8/2023 13:00,SOUTH,1711.459
12/8/2023 19:00,12/8/2023 14:00,SOUTH,1682.335
12/8/2023 20:00,12/8/2023 15:00,SOUTH,1000.855
12/8/2023 21:00,12/8/2023 16:00,SOUTH,133.867
12/8/2023 22:00,12/8/2023 17:00,SOUTH,-5.117
12/8/2023 23:00,12/8/2023 18:00,SOUTH,-5.018
12/9/2023 0:00,12/8/2023 19:00,SOUTH,-4.814
12/9/2023 1:00,12/8/2023 20:00,SOUTH,-4.897
12/9/2023 2:00,12/8/2023 21:00,SOUTH,-4.977
12/9/2023 3:00,12/8/2023 22:00,SOUTH,-4.828
12/9/2023 4:00,12/8/2023 23:00,SOUTH,-5.002
12/9/2023 5:00,12/9/2023 0:00,SOUTH,-4.863
12/9/2023 6:00,12/9/2023 1:00,SOUTH,-5.117
12/9/2023 7:00,12/9/2023 2:00,SOUTH,-4.908
12/9/2023 8:00,12/9/2023 3:00,SOUTH,-5.104
12/9/2023 9:00,12/9/2023 4:00,SOUTH,-5.071
12/9/2023 10:00,12/9/2023 5:00,SOUTH,-4.921
12/9/2023 11:00,12/9/2023 6:00,SOUTH,-5.075
12/9/2023 12:00,12/9/2023 7:00,SOUTH,98.217
12/9/2023 13:00,12/9/2023 8:00,SOUTH,989.25
12/9/2023 14:00,12/9/2023 9:00,SOUTH,1821.223
12/9/2023 15:00,12/9/2023 10:00,SOUTH,1921.18
12/9/2023 16:00,12/9/2023 11:00,SOUTH,1763.961
12/9/2023 17:00,12/9/2023 12:00,SOUTH,1580.681
12/9/2023 18:00,12/9/2023 13:00,SOUTH,1386.27
12/9/2023 19:00,12/9/2023 14:00,SOUTH,1125.821
12/9/2023 20:00,12/9/2023 15:00,SOUTH,780.138
12/9/2023 21:00,12/9/2023 16:00,SOUTH,121.868
12/9/2023 22:00,12/9/2023 17:00,SOUTH,-4.998
12/9/2023 23:00,12/9/2023 18:00,SOUTH,-4.849
12/10/2023 0:00,12/9/2023 19:00,SOUTH,-4.933
12/10/2023 1:00,12/9/2023 20:00,SOUTH,-4.879
12/10/2023 2:00,12/9/2023 21:00,SOUTH,-5.04
12/10/2023 3:00,12/9/2023 22:00,SOUTH,-4.941
12/10/2023 4:00,12/9/2023 23:00,SOUTH,-4.909
12/10/2023 5:00,12/10/2023 0:00,SOUTH,-4.939
12/10/2023 6:00,12/10/2023 1:00,SOUTH,-4.832
12/10/2023 7:00,12/10/2023 2:00,SOUTH,-4.894
12/10/2023 8:00,12/10/2023 3:00,SOUTH,-4.933
12/10/2023 9:00,12/10/2023 4:00,SOUTH,-4.937
12/10/2023 10:00,12/10/2023 5:00,SOUTH,-4.93
12/10/2023 11:00,12/10/2023 6:00,SOUTH,-4.847
12/10/2023 12:00,12/10/2023 7:00,SOUTH,21.005
12/10/2023 13:00,12/10/2023 8:00,SOUTH,155.302
12/10/2023 14:00,12/10/2023 9:00,SOUTH,258.466
12/10/2023 15:00,12/10/2023 10:00,SOUTH,335.938
12/10/2023 16:00,12/10/2023 11:00,SOUTH,400.226
12/10/2023 17:00,12/10/2023 12:00,SOUTH,336.268
12/10/2023 18:00,12/10/2023 13:00,SOUTH,226.713
12/10/2023 19:00,12/10/2023 14:00,SOUTH,153.178
12/10/2023 20:00,12/10/2023 15:00,SOUTH,92.394
12/10/2023 21:00,12/10/2023 16:00,SOUTH,5.549
12/10/2023 22:00,12/10/2023 17:00,SOUTH,-4.819
12/10/2023 23:00,12/10/2023 18:00,SOUTH,-4.737
12/11/2023 0:00,12/10/2023 19:00,SOUTH,-4.776
12/11/2023 1:00,12/10/2023 20:00,SOUTH,-4.727
12/11/2023 2:00,12/10/2023 21:00,SOUTH,-4.719
12/11/2023 3:00,12/10/2023 22:00,SOUTH,-4.735
12/11/2023 4:00,12/10/2023 23:00,SOUTH,-4.768
12/11/2023 5:00,12/11/2023 0:00,SOUTH,-4.772
12/11/2023 6:00,12/11/2023 1:00,SOUTH,-4.843
12/11/2023 7:00,12/11/2023 2:00,SOUTH,-4.886
12/11/2023 8:00,12/11/2023 3:00,SOUTH,-5.033
12/11/2023 9:00,12/11/2023 4:00,SOUTH,-5.075
12/11/2023 10:00,12/11/2023 5:00,SOUTH,-4.839
12/11/2023 11:00,12/11/2023 6:00,SOUTH,-4.911
12/11/2023 12:00,12/11/2023 7:00,SOUTH,52.525
12/11/2023 13:00,12/11/2023 8:00,SOUTH,745.506
12/11/2023 14:00,12/11/2023 9:00,SOUTH,1643.935
12/11/2023 15:00,12/11/2023 10:00,SOUTH,1885.234
12/11/2023 16:00,12/11/2023 11:00,SOUTH,1792.773
12/11/2023 17:00,12/11/2023 12:00,SOUTH,1632.336
12/11/2023 18:00,12/11/2023 13:00,SOUTH,1520.182
12/11/2023 19:00,12/11/2023 14:00,SOUTH,1494.443
12/11/2023 20:00,12/11/2023 15:00,SOUTH,966.446
12/11/2023 21:00,12/11/2023 16:00,SOUTH,151.462
12/11/2023 22:00,12/11/2023 17:00,SOUTH,-5.048
12/11/2023 23:00,12/11/2023 18:00,SOUTH,-4.869
12/12/2023 0:00,12/11/2023 19:00,SOUTH,-4.791
12/12/2023 1:00,12/11/2023 20:00,SOUTH,-4.936
12/12/2023 2:00,12/11/2023 21:00,SOUTH,-4.954
12/12/2023 3:00,12/11/2023 22:00,SOUTH,-4.919
12/12/2023 4:00,12/11/2023 23:00,SOUTH,-4.978
12/12/2023 5:00,12/12/2023 0:00,SOUTH,-4.893
12/12/2023 6:00,12/12/2023 1:00,SOUTH,-4.912
12/12/2023 7:00,12/12/2023 2:00,SOUTH,-4.853
12/12/2023 8:00,12/12/2023 3:00,SOUTH,-5.062
12/12/2023 9:00,12/12/2023 4:00,SOUTH,-4.945
12/12/2023 10:00,12/12/2023 5:00,SOUTH,-4.952
12/12/2023 11:00,12/12/2023 6:00,SOUTH,-5.321
12/12/2023 12:00,12/12/2023 7:00,SOUTH,141.61
12/12/2023 13:00,12/12/2023 8:00,SOUTH,1244.053
12/12/2023 14:00,12/12/2023 9:00,SOUTH,2151.264
12/12/2023 15:00,12/12/2023 10:00,SOUTH,2163.34
12/12/2023 16:00,12/12/2023 11:00,SOUTH,2061.059
12/12/2023 17:00,12/12/2023 12:00,SOUTH,1965.096
12/12/2023 18:00,12/12/2023 13:00,SOUTH,1938.846
12/12/2023 19:00,12/12/2023 14:00,SOUTH,2084.839
12/12/2023 20:00,12/12/2023 15:00,SOUTH,1353.581
12/12/2023 21:00,12/12/2023 16:00,SOUTH,191.934
12/12/2023 22:00,12/12/2023 17:00,SOUTH,-5.414
12/12/2023 23:00,12/12/2023 18:00,SOUTH,-5.103
12/13/2023 0:00,12/12/2023 19:00,SOUTH,-4.932
12/13/2023 1:00,12/12/2023 20:00,SOUTH,-5.125
12/13/2023 2:00,12/12/2023 21:00,SOUTH,-4.885
12/13/2023 3:00,12/12/2023 22:00,SOUTH,-4.995
12/13/2023 4:00,12/12/2023 23:00,SOUTH,-5.125
12/13/2023 5:00,12/13/2023 0:00,SOUTH,-5.229
12/13/2023 6:00,12/13/2023 1:00,SOUTH,-5.114
12/13/2023 7:00,12/13/2023 2:00,SOUTH,-5.001
12/13/2023 8:00,12/13/2023 3:00,SOUTH,-5.072
12/13/2023 9:00,12/13/2023 4:00,SOUTH,-5.085
12/13/2023 10:00,12/13/2023 5:00,SOUTH,-5.012
12/13/2023 11:00,12/13/2023 6:00,SOUTH,-5.275
12/13/2023 12:00,12/13/2023 7:00,SOUTH,80.31
12/13/2023 13:00,12/13/2023 8:00,SOUTH,716.155
12/13/2023 14:00,12/13/2023 9:00,SOUTH,1391.171
12/13/2023 15:00,12/13/2023 10:00,SOUTH,1658.551
12/13/2023 16:00,12/13/2023 11:00,SOUTH,1706.829
12/13/2023 17:00,12/13/2023 12:00,SOUTH,1778.578
12/13/2023 18:00,12/13/2023 13:00,SOUTH,1818.44
12/13/2023 19:00,12/13/2023 14:00,SOUTH,1759.95
12/13/2023 20:00,12/13/2023 15:00,SOUTH,1059.5
12/13/2023 21:00,12/13/2023 16:00,SOUTH,164.434
12/13/2023 22:00,12/13/2023 17:00,SOUTH,-5.257
12/13/2023 23:00,12/13/2023 18:00,SOUTH,-5.147
12/14/2023 0:00,12/13/2023 19:00,SOUTH,-4.962
12/14/2023 1:00,12/13/2023 20:00,SOUTH,-4.932
12/14/2023 2:00,12/13/2023 21:00,SOUTH,-5.049
12/14/2023 3:00,12/13/2023 22:00,SOUTH,-4.966
12/14/2023 4:00,12/13/2023 23:00,SOUTH,-4.969
12/14/2023 5:00,12/14/2023 0:00,SOUTH,-5.071
12/14/2023 6:00,12/14/2023 1:00,SOUTH,-5.245
12/14/2023 7:00,12/14/2023 2:00,SOUTH,-5.008
12/14/2023 8:00,12/14/2023 3:00,SOUTH,-5.146
12/14/2023 9:00,12/14/2023 4:00,SOUTH,-5.183
12/14/2023 10:00,12/14/2023 5:00,SOUTH,-5.041
12/14/2023 11:00,12/14/2023 6:00,SOUTH,-5.265
12/14/2023 12:00,12/14/2023 7:00,SOUTH,131.798
12/14/2023 13:00,12/14/2023 8:00,SOUTH,1118.264
12/14/2023 14:00,12/14/2023 9:00,SOUTH,1929.855
12/14/2023 15:00,12/14/2023 10:00,SOUTH,2058.865
12/14/2023 16:00,12/14/2023 11:00,SOUTH,1867.053
12/14/2023 17:00,12/14/2023 12:00,SOUTH,1932.45
12/14/2023 18:00,12/14/2023 13:00,SOUTH,2042.581
12/14/2023 19:00,12/14/2023 14:00,SOUTH,2033.385
12/14/2023 20:00,12/14/2023 15:00,SOUTH,1329.645
12/14/2023 21:00,12/14/2023 16:00,SOUTH,178.16
12/14/2023 22:00,12/14/2023 17:00,SOUTH,-5.127
12/14/2023 23:00,12/14/2023 18:00,SOUTH,-4.914
12/15/2023 0:00,12/14/2023 19:00,SOUTH,-4.783
12/15/2023 1:00,12/14/2023 20:00,SOUTH,-4.759
12/15/2023 2:00,12/14/2023 21:00,SOUTH,-4.869
12/15/2023 3:00,12/14/2023 22:00,SOUTH,-4.777
12/15/2023 4:00,12/14/2023 23:00,SOUTH,-4.873
12/15/2023 5:00,12/15/2023 0:00,SOUTH,-4.666
12/15/2023 6:00,12/15/2023 1:00,SOUTH,-4.809
12/15/2023 7:00,12/15/2023 2:00,SOUTH,-4.709
12/15/2023 8:00,12/15/2023 3:00,SOUTH,-5.082
12/15/2023 9:00,12/15/2023 4:00,SOUTH,-5.434
12/15/2023 10:00,12/15/2023 5:00,SOUTH,-5.037
12/15/2023 11:00,12/15/2023 6:00,SOUTH,-5.122
12/15/2023 12:00,12/15/2023 7:00,SOUTH,123.921
12/15/2023 13:00,12/15/2023 8:00,SOUTH,1165.224
12/15/2023 14:00,12/15/2023 9:00,SOUTH,2127.712
12/15/2023 15:00,12/15/2023 10:00,SOUTH,2097.135
12/15/2023 16:00,12/15/2023 11:00,SOUTH,2002.734
12/15/2023 17:00,12/15/2023 12:00,SOUTH,1968.586
12/15/2023 18:00,12/15/2023 13:00,SOUTH,2054.012
12/15/2023 19:00,12/15/2023 14:00,SOUTH,2076.645
12/15/2023 20:00,12/15/2023 15:00,SOUTH,1302.529
12/15/2023 21:00,12/15/2023 16:00,SOUTH,186.29
12/15/2023 22:00,12/15/2023 17:00,SOUTH,-5.322
12/15/2023 23:00,12/15/2023 18:00,SOUTH,-4.883
12/16/2023 0:00,12/15/2023 19:00,SOUTH,-4.818
12/16/2023 1:00,12/15/2023 20:00,SOUTH,-4.81
12/16/2023 2:00,12/15/2023 21:00,SOUTH,-4.926
12/16/2023 3:00,12/15/2023 22:00,SOUTH,-4.806
12/16/2023 4:00,12/15/2023 23:00,SOUTH,-5.12
12/16/2023 5:00,12/16/2023 0:00,SOUTH,-4.942
12/16/2023 6:00,12/16/2023 1:00,SOUTH,-4.866
12/16/2023 7:00,12/16/2023 2:00,SOUTH,-4.711
12/16/2023 8:00,12/16/2023 3:00,SOUTH,-4.951
12/16/2023 9:00,12/16/2023 4:00,SOUTH,-5.033
12/16/2023 10:00,12/16/2023 5:00,SOUTH,-4.792
12/16/2023 11:00,12/16/2023 6:00,SOUTH,-5.055
12/16/2023 12:00,12/16/2023 7:00,SOUTH,122.329
12/16/2023 13:00,12/16/2023 8:00,SOUTH,1092.7
12/16/2023 14:00,12/16/2023 9:00,SOUTH,1959.775
12/16/2023 15:00,12/16/2023 10:00,SOUTH,2010.199
12/16/2023 16:00,12/16/2023 11:00,SOUTH,1831.204
12/16/2023 17:00,12/16/2023 12:00,SOUTH,1773.331
12/16/2023 18:00,12/16/2023 13:00,SOUTH,1593.938
12/16/2023 19:00,12/16/2023 14:00,SOUTH,1224.488
12/16/2023 20:00,12/16/2023 15:00,SOUTH,680.184
12/16/2023 21:00,12/16/2023 16:00,SOUTH,120.173
12/16/2023 22:00,12/16/2023 17:00,SOUTH,-5.15
12/16/2023 23:00,12/16/2023 18:00,SOUTH,-4.902
12/17/2023 0:00,12/16/2023 19:00,SOUTH,-4.836
12/17/2023 1:00,12/16/2023 20:00,SOUTH,-4.822
12/17/2023 2:00,12/16/2023 21:00,SOUTH,-4.763
12/17/2023 3:00,12/16/2023 22:00,SOUTH,-4.739
12/17/2023 4:00,12/16/2023 23:00,SOUTH,-4.888
12/17/2023 5:00,12/17/2023 0:00,SOUTH,-4.805
12/17/2023 6:00,12/17/2023 1:00,SOUTH,-4.87
12/17/2023 7:00,12/17/2023 2:00,SOUTH,-4.764
12/17/2023 8:00,12/17/2023 3:00,SOUTH,-4.777
12/17/2023 9:00,12/17/2023 4:00,SOUTH,-4.752
12/17/2023 10:00,12/17/2023 5:00,SOUTH,-4.832
12/17/2023 11:00,12/17/2023 6:00,SOUTH,-5.008
12/17/2023 12:00,12/17/2023 7:00,SOUTH,2.088
12/17/2023 13:00,12/17/2023 8:00,SOUTH,60.964
12/17/2023 14:00,12/17/2023 9:00,SOUTH,150.63
12/17/2023 15:00,12/17/2023 10:00,SOUTH,206.824
12/17/2023 16:00,12/17/2023 11:00,SOUTH,232.406
12/17/2023 17:00,12/17/2023 12:00,SOUTH,203.273
12/17/2023 18:00,12/17/2023 13:00,SOUTH,126.65
12/17/2023 19:00,12/17/2023 14:00,SOUTH,54.021
12/17/2023 20:00,12/17/2023 15:00,SOUTH,15.183
12/17/2023 21:00,12/17/2023 16:00,SOUTH,-3.797
12/17/2023 22:00,12/17/2023 17:00,SOUTH,-4.917
12/17/2023 23:00,12/17/2023 18:00,SOUTH,-4.793
12/18/2023 0:00,12/17/2023 19:00,SOUTH,-4.891
12/18/2023 1:00,12/17/2023 20:00,SOUTH,-4.667
12/18/2023 2:00,12/17/2023 21:00,SOUTH,-4.934
12/18/2023 3:00,12/17/2023 22:00,SOUTH,-4.614
12/18/2023 4:00,12/17/2023 23:00,SOUTH,-4.481
12/18/2023 5:00,12/18/2023 0:00,SOUTH,-4.901
12/18/2023 6:00,12/18/2023 1:00,SOUTH,-4.71
12/18/2023 7:00,12/18/2023 2:00,SOUTH,-4.727
12/18/2023 8:00,12/18/2023 3:00,SOUTH,-4.837
12/18/2023 9:00,12/18/2023 4:00,SOUTH,-4.693
12/18/2023 10:00,12/18/2023 5:00,SOUTH,-4.813
12/18/2023 11:00,12/18/2023 6:00,SOUTH,-4.418
12/18/2023 12:00,12/18/2023 7:00,SOUTH,44.678
12/18/2023 13:00,12/18/2023 8:00,SOUTH,778.774
12/18/2023 14:00,12/18/2023 9:00,SOUTH,1962.186
12/18/2023 15:00,12/18/2023 10:00,SOUTH,2093.994
12/18/2023 16:00,12/18/2023 11:00,SOUTH,2016.314
12/18/2023 17:00,12/18/2023 12:00,SOUTH,1923.7
12/18/2023 18:00,12/18/2023 13:00,SOUTH,2105.179
12/18/2023 19:00,12/18/2023 14:00,SOUTH,2113.272
12/18/2023 20:00,12/18/2023 15:00,SOUTH,1313.051
12/18/2023 21:00,12/18/2023 16:00,SOUTH,180.458
12/18/2023 22:00,12/18/2023 17:00,SOUTH,-5.051
12/18/2023 23:00,12/18/2023 18:00,SOUTH,-5.011
12/19/2023 0:00,12/18/2023 19:00,SOUTH,-4.96
12/19/2023 1:00,12/18/2023 20:00,SOUTH,-4.911
12/19/2023 2:00,12/18/2023 21:00,SOUTH,-5.013
12/19/2023 3:00,12/18/2023 22:00,SOUTH,-4.881
12/19/2023 4:00,12/18/2023 23:00,SOUTH,-5.024
12/19/2023 5:00,12/19/2023 0:00,SOUTH,-4.933
12/19/2023 6:00,12/19/2023 1:00,SOUTH,-4.899
12/19/2023 7:00,12/19/2023 2:00,SOUTH,-4.951
12/19/2023 8:00,12/19/2023 3:00,SOUTH,-5.03
12/19/2023 9:00,12/19/2023 4:00,SOUTH,-5.059
12/19/2023 10:00,12/19/2023 5:00,SOUTH,-5.101
12/19/2023 11:00,12/19/2023 6:00,SOUTH,-4.32
12/19/2023 12:00,12/19/2023 7:00,SOUTH,101.511
12/19/2023 13:00,12/19/2023 8:00,SOUTH,1171.869
12/19/2023 14:00,12/19/2023 9:00,SOUTH,2240.45
12/19/2023 15:00,12/19/2023 10:00,SOUTH,2192.017
12/19/2023 16:00,12/19/2023 11:00,SOUTH,2087.585
12/19/2023 17:00,12/19/2023 12:00,SOUTH,2083.386
12/19/2023 18:00,12/19/2023 13:00,SOUTH,2193.393
12/19/2023 19:00,12/19/2023 14:00,SOUTH,2206.958
12/19/2023 20:00,12/19/2023 15:00,SOUTH,1447.933
12/19/2023 21:00,12/19/2023 16:00,SOUTH,218.519
12/19/2023 22:00,12/19/2023 17:00,SOUTH,-5.229
12/19/2023 23:00,12/19/2023 18:00,SOUTH,-4.927
12/20/2023 0:00,12/19/2023 19:00,SOUTH,-5.015
12/20/2023 1:00,12/19/2023 20:00,SOUTH,-5.037
12/20/2023 2:00,12/19/2023 21:00,SOUTH,-4.988
12/20/2023 3:00,12/19/2023 22:00,SOUTH,-4.993
12/20/2023 4:00,12/19/2023 23:00,SOUTH,-5.047
12/20/2023 5:00,12/20/2023 0:00,SOUTH,-4.86
12/20/2023 6:00,12/20/2023 1:00,SOUTH,-4.949
12/20/2023 7:00,12/20/2023 2:00,SOUTH,-5.032
12/20/2023 8:00,12/20/2023 3:00,SOUTH,-4.979
12/20/2023 9:00,12/20/2023 4:00,SOUTH,-5.156
12/20/2023 10:00,12/20/2023 5:00,SOUTH,-5.002
12/20/2023 11:00,12/20/2023 6:00,SOUTH,-4.441
12/20/2023 12:00,12/20/2023 7:00,SOUTH,106.757
12/20/2023 13:00,12/20/2023 8:00,SOUTH,1155.739
12/20/2023 14:00,12/20/2023 9:00,SOUTH,2160.596
12/20/2023 15:00,12/20/2023 10:00,SOUTH,2238.596
12/20/2023 16:00,12/20/2023 11:00,SOUTH,2170.255
12/20/2023 17:00,12/20/2023 12:00,SOUTH,2111.212
12/20/2023 18:00,12/20/2023 13:00,SOUTH,2230.524
12/20/2023 19:00,12/20/2023 14:00,SOUTH,2243.993
12/20/2023 20:00,12/20/2023 15:00,SOUTH,1427.066
12/20/2023 21:00,12/20/2023 16:00,SOUTH,220.145
12/20/2023 22:00,12/20/2023 17:00,SOUTH,-5.444
12/20/2023 23:00,12/20/2023 18:00,SOUTH,-4.865
12/21/2023 0:00,12/20/2023 19:00,SOUTH,-5.132
12/21/2023 1:00,12/20/2023 20:00,SOUTH,-4.961
12/21/2023 2:00,12/20/2023 21:00,SOUTH,-4.983
12/21/2023 3:00,12/20/2023 22:00,SOUTH,-4.85
12/21/2023 4:00,12/20/2023 23:00,SOUTH,-4.989
12/21/2023 5:00,12/21/2023 0:00,SOUTH,-4.955
12/21/2023 6:00,12/21/2023 1:00,SOUTH,-4.908
12/21/2023 7:00,12/21/2023 2:00,SOUTH,-4.956
12/21/2023 8:00,12/21/2023 3:00,SOUTH,-5.107
12/21/2023 9:00,12/21/2023 4:00,SOUTH,-5.055
12/21/2023 10:00,12/21/2023 5:00,SOUTH,-5.021
12/21/2023 11:00,12/21/2023 6:00,SOUTH,-4.374
12/21/2023 12:00,12/21/2023 7:00,SOUTH,105.214
12/21/2023 13:00,12/21/2023 8:00,SOUTH,1131.79
12/21/2023 14:00,12/21/2023 9:00,SOUTH,2117.008
12/21/2023 15:00,12/21/2023 10:00,SOUTH,2159.049
12/21/2023 16:00,12/21/2023 11:00,SOUTH,1932.398
12/21/2023 17:00,12/21/2023 12:00,SOUTH,1841.678
12/21/2023 18:00,12/21/2023 13:00,SOUTH,1860.518
12/21/2023 19:00,12/21/2023 14:00,SOUTH,1662.472
12/21/2023 20:00,12/21/2023 15:00,SOUTH,1010.956
12/21/2023 21:00,12/21/2023 16:00,SOUTH,177.823
12/21/2023 22:00,12/21/2023 17:00,SOUTH,-5.366
12/21/2023 23:00,12/21/2023 18:00,SOUTH,-4.895
12/22/2023 0:00,12/21/2023 19:00,SOUTH,-4.919
12/22/2023 1:00,12/21/2023 20:00,SOUTH,-5.068
12/22/2023 2:00,12/21/2023 21:00,SOUTH,-5.003
12/22/2023 3:00,12/21/2023 22:00,SOUTH,-4.823
12/22/2023 4:00,12/21/2023 23:00,SOUTH,-4.943
12/22/2023 5:00,12/22/2023 0:00,SOUTH,-5.143
12/22/2023 6:00,12/22/2023 1:00,SOUTH,-4.792
12/22/2023 7:00,12/22/2023 2:00,SOUTH,-5.029
12/22/2023 8:00,12/22/2023 3:00,SOUTH,-4.981
12/22/2023 9:00,12/22/2023 4:00,SOUTH,-4.983
12/22/2023 10:00,12/22/2023 5:00,SOUTH,-5.127
12/22/2023 11:00,12/22/2023 6:00,SOUTH,-4.403
12/22/2023 12:00,12/22/2023 7:00,SOUTH,41.238
12/22/2023 13:00,12/22/2023 8:00,SOUTH,370.593
12/22/2023 14:00,12/22/2023 9:00,SOUTH,1139.14
12/22/2023 15:00,12/22/2023 10:00,SOUTH,1473.494
12/22/2023 16:00,12/22/2023 11:00,SOUTH,1624.234
12/22/2023 17:00,12/22/2023 12:00,SOUTH,1701.761
12/22/2023 18:00,12/22/2023 13:00,SOUTH,1791.929
12/22/2023 19:00,12/22/2023 14:00,SOUTH,1790.787
12/22/2023 20:00,12/22/2023 15:00,SOUTH,1214.977
12/22/2023 21:00,12/22/2023 16:00,SOUTH,187.835
12/22/2023 22:00,12/22/2023 17:00,SOUTH,-5.426
12/22/2023 23:00,12/22/2023 18:00,SOUTH,-4.956
12/23/2023 0:00,12/22/2023 19:00,SOUTH,-4.967
12/23/2023 1:00,12/22/2023 20:00,SOUTH,-5.077
12/23/2023 2:00,12/22/2023 21:00,SOUTH,-4.923
12/23/2023 3:00,12/22/2023 22:00,SOUTH,-4.746
12/23/2023 4:00,12/22/2023 23:00,SOUTH,-4.885
12/23/2023 5:00,12/23/2023 0:00,SOUTH,-5.024
12/23/2023 6:00,12/23/2023 1:00,SOUTH,-4.871
12/23/2023 7:00,12/23/2023 2:00,SOUTH,-4.923
12/23/2023 8:00,12/23/2023 3:00,SOUTH,-5.085
12/23/2023 9:00,12/23/2023 4:00,SOUTH,-4.919
12/23/2023 10:00,12/23/2023 5:00,SOUTH,-5.067
12/23/2023 11:00,12/23/2023 6:00,SOUTH,-4.363
12/23/2023 12:00,12/23/2023 7:00,SOUTH,68.135
12/23/2023 13:00,12/23/2023 8:00,SOUTH,585.686
12/23/2023 14:00,12/23/2023 9:00,SOUTH,1335.867
12/23/2023 15:00,12/23/2023 10:00,SOUTH,1773.432
12/23/2023 16:00,12/23/2023 11:00,SOUTH,1756.904
12/23/2023 17:00,12/23/2023 12:00,SOUTH,1640.432
12/23/2023 18:00,12/23/2023 13:00,SOUTH,1446.673
12/23/2023 19:00,12/23/2023 14:00,SOUTH,1244.404
12/23/2023 20:00,12/23/2023 15:00,SOUTH,811.905
12/23/2023 21:00,12/23/2023 16:00,SOUTH,148.457
12/23/2023 22:00,12/23/2023 17:00,SOUTH,-5.384
12/23/2023 23:00,12/23/2023 18:00,SOUTH,-4.997
12/24/2023 0:00,12/23/2023 19:00,SOUTH,-5.099
12/24/2023 1:00,12/23/2023 20:00,SOUTH,-4.938
12/24/2023 2:00,12/23/2023 21:00,SOUTH,-4.944
12/24/2023 3:00,12/23/2023 22:00,SOUTH,-4.913
12/24/2023 4:00,12/23/2023 23:00,SOUTH,-4.946
12/24/2023 5:00,12/24/2023 0:00,SOUTH,-4.992
12/24/2023 6:00,12/24/2023 1:00,SOUTH,-4.905
12/24/2023 7:00,12/24/2023 2:00,SOUTH,-5.102
12/24/2023 8:00,12/24/2023 3:00,SOUTH,-4.797
12/24/2023 9:00,12/24/2023 4:00,SOUTH,-5.077
12/24/2023 10:00,12/24/2023 5:00,SOUTH,-5.115
12/24/2023 11:00,12/24/2023 6:00,SOUTH,-4.25
12/24/2023 12:00,12/24/2023 7:00,SOUTH,72.488
12/24/2023 13:00,12/24/2023 8:00,SOUTH,795.178
12/24/2023 14:00,12/24/2023 9:00,SOUTH,1604.047
12/24/2023 15:00,12/24/2023 10:00,SOUTH,1781.317
12/24/2023 16:00,12/24/2023 11:00,SOUTH,1808.058
12/24/2023 17:00,12/24/2023 12:00,SOUTH,1795.375
12/24/2023 18:00,12/24/2023 13:00,SOUTH,1707.804
12/24/2023 19:00,12/24/2023 14:00,SOUTH,1748.743
12/24/2023 20:00,12/24/2023 15:00,SOUTH,1143.701
12/24/2023 21:00,12/24/2023 16:00,SOUTH,183.171
12/24/2023 22:00,12/24/2023 17:00,SOUTH,-5.624
12/24/2023 23:00,12/24/2023 18:00,SOUTH,-4.829
12/25/2023 0:00,12/24/2023 19:00,SOUTH,-5.091
12/25/2023 1:00,12/24/2023 20:00,SOUTH,-4.821
12/25/2023 2:00,12/24/2023 21:00,SOUTH,-4.819
12/25/2023 3:00,12/24/2023 22:00,SOUTH,-4.947
12/25/2023 4:00,12/24/2023 23:00,SOUTH,-5
12/25/2023 5:00,12/25/2023 0:00,SOUTH,-4.855
12/25/2023 6:00,12/25/2023 1:00,SOUTH,-4.723
12/25/2023 7:00,12/25/2023 2:00,SOUTH,-4.839
12/25/2023 8:00,12/25/2023 3:00,SOUTH,-4.889
12/25/2023 9:00,12/25/2023 4:00,SOUTH,-4.96
12/25/2023 10:00,12/25/2023 5:00,SOUTH,-4.809
12/25/2023 11:00,12/25/2023 6:00,SOUTH,-4.43
12/25/2023 12:00,12/25/2023 7:00,SOUTH,70.525
12/25/2023 13:00,12/25/2023 8:00,SOUTH,676.79
12/25/2023 14:00,12/25/2023 9:00,SOUTH,1552.34
12/25/2023 15:00,12/25/2023 10:00,SOUTH,1705.095
12/25/2023 16:00,12/25/2023 11:00,SOUTH,1738.076
12/25/2023 17:00,12/25/2023 12:00,SOUTH,1732.537
12/25/2023 18:00,12/25/2023 13:00,SOUTH,1455.335
12/25/2023 19:00,12/25/2023 14:00,SOUTH,1054.811
12/25/2023 20:00,12/25/2023 15:00,SOUTH,432.863
12/25/2023 21:00,12/25/2023 16:00,SOUTH,70.521
12/25/2023 22:00,12/25/2023 17:00,SOUTH,-5.271
12/25/2023 23:00,12/25/2023 18:00,SOUTH,-4.901
12/26/2023 0:00,12/25/2023 19:00,SOUTH,-5.092
12/26/2023 1:00,12/25/2023 20:00,SOUTH,-4.941
12/26/2023 2:00,12/25/2023 21:00,SOUTH,-4.987
12/26/2023 3:00,12/25/2023 22:00,SOUTH,-4.833
12/26/2023 4:00,12/25/2023 23:00,SOUTH,-4.857
12/26/2023 5:00,12/26/2023 0:00,SOUTH,-4.86
12/26/2023 6:00,12/26/2023 1:00,SOUTH,-4.893
12/26/2023 7:00,12/26/2023 2:00,SOUTH,-5.062
12/26/2023 8:00,12/26/2023 3:00,SOUTH,-4.908
12/26/2023 9:00,12/26/2023 4:00,SOUTH,-5.128
12/26/2023 10:00,12/26/2023 5:00,SOUTH,-4.845
12/26/2023 11:00,12/26/2023 6:00,SOUTH,-4.802
12/26/2023 12:00,12/26/2023 7:00,SOUTH,10.721
12/26/2023 13:00,12/26/2023 8:00,SOUTH,186.471
12/26/2023 14:00,12/26/2023 9:00,SOUTH,494.534
12/26/2023 15:00,12/26/2023 10:00,SOUTH,696.155
12/26/2023 16:00,12/26/2023 11:00,SOUTH,816.466
12/26/2023 17:00,12/26/2023 12:00,SOUTH,985.764
12/26/2023 18:00,12/26/2023 13:00,SOUTH,709.357
12/26/2023 19:00,12/26/2023 14:00,SOUTH,466.289
12/26/2023 20:00,12/26/2023 15:00,SOUTH,239.957
12/26/2023 21:00,12/26/2023 16:00,SOUTH,48.181
12/26/2023 22:00,12/26/2023 17:00,SOUTH,-5.26
12/26/2023 23:00,12/26/2023 18:00,SOUTH,-4.632
12/27/2023 0:00,12/26/2023 19:00,SOUTH,-4.707
12/27/2023 1:00,12/26/2023 20:00,SOUTH,-4.679
12/27/2023 2:00,12/26/2023 21:00,SOUTH,-4.714
12/27/2023 3:00,12/26/2023 22:00,SOUTH,-4.64
12/27/2023 4:00,12/26/2023 23:00,SOUTH,-4.822
12/27/2023 5:00,12/27/2023 0:00,SOUTH,-4.711
12/27/2023 6:00,12/27/2023 1:00,SOUTH,-4.857
12/27/2023 7:00,12/27/2023 2:00,SOUTH,-4.724
12/27/2023 8:00,12/27/2023 3:00,SOUTH,-4.803
12/27/2023 9:00,12/27/2023 4:00,SOUTH,-4.672
12/27/2023 10:00,12/27/2023 5:00,SOUTH,-4.716
12/27/2023 11:00,12/27/2023 6:00,SOUTH,-4.895
12/27/2023 12:00,12/27/2023 7:00,SOUTH,-1.373
12/27/2023 13:00,12/27/2023 8:00,SOUTH,52.827
12/27/2023 14:00,12/27/2023 9:00,SOUTH,156.913
12/27/2023 15:00,12/27/2023 10:00,SOUTH,269.195
12/27/2023 16:00,12/27/2023 11:00,SOUTH,374.059
12/27/2023 17:00,12/27/2023 12:00,SOUTH,445.443
12/27/2023 18:00,12/27/2023 13:00,SOUTH,407.868
12/27/2023 19:00,12/27/2023 14:00,SOUTH,291.499
12/27/2023 20:00,12/27/2023 15:00,SOUTH,193.55
12/27/2023 21:00,12/27/2023 16:00,SOUTH,36.298
12/27/2023 22:00,12/27/2023 17:00,SOUTH,-4.87
12/27/2023 23:00,12/27/2023 18:00,SOUTH,-4.622
12/28/2023 0:00,12/27/2023 19:00,SOUTH,-4.562
12/28/2023 1:00,12/27/2023 20:00,SOUTH,-4.919
12/28/2023 2:00,12/27/2023 21:00,SOUTH,-4.408
12/28/2023 3:00,12/27/2023 22:00,SOUTH,-4.888
12/28/2023 4:00,12/27/2023 23:00,SOUTH,-4.672
12/28/2023 5:00,12/28/2023 0:00,SOUTH,-4.72
12/28/2023 6:00,12/28/2023 1:00,SOUTH,-4.628
12/28/2023 7:00,12/28/2023 2:00,SOUTH,-4.661
12/28/2023 8:00,12/28/2023 3:00,SOUTH,-4.677
12/28/2023 9:00,12/28/2023 4:00,SOUTH,-4.822
12/28/2023 10:00,12/28/2023 5:00,SOUTH,-4.681
12/28/2023 11:00,12/28/2023 6:00,SOUTH,-4.28
12/28/2023 12:00,12/28/2023 7:00,SOUTH,12.448
12/28/2023 13:00,12/28/2023 8:00,SOUTH,162.409
12/28/2023 14:00,12/28/2023 9:00,SOUTH,380.849
12/28/2023 15:00,12/28/2023 10:00,SOUTH,571.937
12/28/2023 16:00,12/28/2023 11:00,SOUTH,847.66
12/28/2023 17:00,12/28/2023 12:00,SOUTH,941.957
12/28/2023 18:00,12/28/2023 13:00,SOUTH,821.081
12/28/2023 19:00,12/28/2023 14:00,SOUTH,744.049
12/28/2023 20:00,12/28/2023 15:00,SOUTH,562.862
12/28/2023 21:00,12/28/2023 16:00,SOUTH,151.545
12/28/2023 22:00,12/28/2023 17:00,SOUTH,-4.258
12/28/2023 23:00,12/28/2023 18:00,SOUTH,-4.579
12/29/2023 0:00,12/28/2023 19:00,SOUTH,-4.801
12/29/2023 1:00,12/28/2023 20:00,SOUTH,-4.563
12/29/2023 2:00,12/28/2023 21:00,SOUTH,-4.867
12/29/2023 3:00,12/28/2023 22:00,SOUTH,-4.703
12/29/2023 4:00,12/28/2023 23:00,SOUTH,-4.665
12/29/2023 5:00,12/29/2023 0:00,SOUTH,-4.806
12/29/2023 6:00,12/29/2023 1:00,SOUTH,-4.725
12/29/2023 7:00,12/29/2023 2:00,SOUTH,-4.691
12/29/2023 8:00,12/29/2023 3:00,SOUTH,-4.953
12/29/2023 9:00,12/29/2023 4:00,SOUTH,-4.765
12/29/2023 10:00,12/29/2023 5:00,SOUTH,-4.923
12/29/2023 11:00,12/29/2023 6:00,SOUTH,-3.215
12/29/2023 12:00,12/29/2023 7:00,SOUTH,66.046
12/29/2023 13:00,12/29/2023 8:00,SOUTH,572.867
12/29/2023 14:00,12/29/2023 9:00,SOUTH,1129.546
12/29/2023 15:00,12/29/2023 10:00,SOUTH,1520.525
12/29/2023 16:00,12/29/2023 11:00,SOUTH,1750.62
12/29/2023 17:00,12/29/2023 12:00,SOUTH,1654.971
12/29/2023 18:00,12/29/2023 13:00,SOUTH,1432.709
12/29/2023 19:00,12/29/2023 14:00,SOUTH,874.778
12/29/2023 20:00,12/29/2023 15:00,SOUTH,295.53
12/29/2023 21:00,12/29/2023 16:00,SOUTH,50.679
12/29/2023 22:00,12/29/2023 17:00,SOUTH,-4.996
12/29/2023 23:00,12/29/2023 18:00,SOUTH,-4.982
12/30/2023 0:00,12/29/2023 19:00,SOUTH,-5.074
12/30/2023 1:00,12/29/2023 20:00,SOUTH,-4.878
12/30/2023 2:00,12/29/2023 21:00,SOUTH,-5.017
12/30/2023 3:00,12/29/2023 22:00,SOUTH,-4.978
12/30/2023 4:00,12/29/2023 23:00,SOUTH,-5.087
12/30/2023 5:00,12/30/2023 0:00,SOUTH,-4.936
12/30/2023 6:00,12/30/2023 1:00,SOUTH,-4.906
12/30/2023 7:00,12/30/2023 2:00,SOUTH,-5.129
12/30/2023 8:00,12/30/2023 3:00,SOUTH,-4.94
12/30/2023 9:00,12/30/2023 4:00,SOUTH,-5.197
12/30/2023 10:00,12/30/2023 5:00,SOUTH,-4.998
12/30/2023 11:00,12/30/2023 6:00,SOUTH,-4.249
12/30/2023 12:00,12/30/2023 7:00,SOUTH,81.093
12/30/2023 13:00,12/30/2023 8:00,SOUTH,1058.911
12/30/2023 14:00,12/30/2023 9:00,SOUTH,1920.885
12/30/2023 15:00,12/30/2023 10:00,SOUTH,1867.284
12/30/2023 16:00,12/30/2023 11:00,SOUTH,1755
12/30/2023 17:00,12/30/2023 12:00,SOUTH,1602.893
12/30/2023 18:00,12/30/2023 13:00,SOUTH,1216.632
12/30/2023 19:00,12/30/2023 14:00,SOUTH,1063.387
12/30/2023 20:00,12/30/2023 15:00,SOUTH,999.473
12/30/2023 21:00,12/30/2023 16:00,SOUTH,237.605
12/30/2023 22:00,12/30/2023 17:00,SOUTH,-4.598
12/30/2023 23:00,12/30/2023 18:00,SOUTH,-4.983
12/31/2023 0:00,12/30/2023 19:00,SOUTH,-5.096
12/31/2023 1:00,12/30/2023 20:00,SOUTH,-4.999
12/31/2023 2:00,12/30/2023 21:00,SOUTH,-5.01
12/31/2023 3:00,12/30/2023 22:00,SOUTH,-5.013
12/31/2023 4:00,12/30/2023 23:00,SOUTH,-4.898
12/31/2023 5:00,12/31/2023 0:00,SOUTH,-5.029
12/31/2023 6:00,12/31/2023 1:00,SOUTH,-4.933
12/31/2023 7:00,12/31/2023 2:00,SOUTH,-5.08
12/31/2023 8:00,12/31/2023 3:00,SOUTH,-5.017
12/31/2023 9:00,12/31/2023 4:00,SOUTH,-5.255
12/31/2023 10:00,12/31/2023 5:00,SOUTH,-4.977
12/31/2023 11:00,12/31/2023 6:00,SOUTH,-4.538
12/31/2023 12:00,12/31/2023 7:00,SOUTH,86.93
12/31/2023 13:00,12/31/2023 8:00,SOUTH,1095.888
12/31/2023 14:00,12/31/2023 9:00,SOUTH,2218.872
12/31/2023 15:00,12/31/2023 10:00,SOUTH,2300.474
12/31/2023 16:00,12/31/2023 11:00,SOUTH,2173.2
12/31/2023 17:00,12/31/2023 12:00,SOUTH,2129.002
12/31/2023 18:00,12/31/2023 13:00,SOUTH,2151.785
12/31/2023 19:00,12/31/2023 14:00,SOUTH,2223.68
12/31/2023 20:00,12/31/2023 15:00,SOUTH,1595.01
12/31/2023 21:00,12/31/2023 16:00,SOUTH,286.282
12/31/2023 22:00,12/31/2023 17:00,SOUTH,-4.851
12/31/2023 23:00,12/31/2023 18:00,SOUTH,-4.986
1/1/2024 0:00,12/31/2023 19:00,SOUTH,-5.101
1/1/2024 1:00,12/31/2023 20:00,SOUTH,-5.13
1/1/2024 2:00,12/31/2023 21:00,SOUTH,-5.012
1/1/2024 3:00,12/31/2023 22:00,SOUTH,-5.046
1/1/2024 4:00,12/31/2023 23:00,SOUTH,-4.986
